run_id,frame,time_s,zone,observed_occupancy
97c88547-33a9-4a59-b512-18fb381b01bd,0,0.000000,lado_interior_barra,0
97c88547-33a9-4a59-b512-18fb381b01bd,0,0.000000,frente_barra,0
97c88547-33a9-4a59-b512-18fb381b01bd,1,0.040000,lado_interior_barra,0
97c88547-33a9-4a59-b512-18fb381b01bd,1,0.040000,frente_barra,0
97c88547-33a9-4a59-b512-18fb381b01bd,2,0.080000,lado_interior_barra,1
97c88547-33a9-4a59-b512-18fb381b01bd,2,0.080000,frente_barra,1
97c88547-33a9-4a59-b512-18fb381b01bd,3,0.120000,lado_interior_barra,1
97c88547-33a9-4a59-b512-18fb381b01bd,3,0.120000,frente_barra,1
97c88547-33a9-4a59-b512-18fb381b01bd,4,0.160000,lado_interior_barra,1
97c88547-33a9-4a59-b512-18fb381b01bd,4,0.160000,frente_barra,1
97c88547-33a9-4a59-b512-18fb381b01bd,5,0.200000,lado_interior_barra,1
97c88547-33a9-4a59-b512-18fb381b01bd,5,0.200000,frente_barra,1
97c88547-33a9-4a59-b512-18fb381b01bd,6,0.240000,lado_interior_barra,1
97c88547-33a9-4a59-b512-18fb381b01bd,6,0.240000,frente_barra,1
97c88547-33a9-4a59-b512-18fb381b01bd,7,0.280000,lado_interior_barra,1
97c88547-33a9-4a59-b512-18fb381b01bd,7,0.280000,frente_barra,1
97c88547-33a9-4a59-b512-18fb381b01bd,8,0.320000,lado_interior_barra,1
97c88547-33a9-4a59-b512-18fb381b01bd,8,0.320000,frente_barra,1
97c88547-33a9-4a59-b512-18fb381b01bd,9,0.360000,lado_interior_barra,1
97c88547-33a9-4a59-b512-18fb381b01bd,9,0.360000,frente_barra,1
97c88547-33a9-4a59-b512-18fb381b01bd,10,0.400000,lado_interior_barra,1
97c88547-33a9-4a59-b512-18fb381b01bd,10,0.400000,frente_barra,1
97c88547-33a9-4a59-b512-18fb381b01bd,11,0.440000,lado_interior_barra,1
97c88547-33a9-4a59-b512-18fb381b01bd,11,0.440000,frente_barra,1
97c88547-33a9-4a59-b512-18fb381b01bd,12,0.480000,lado_interior_barra,1
97c88547-33a9-4a59-b512-18fb381b01bd,12,0.480000,frente_barra,1
97c88547-33a9-4a59-b512-18fb381b01bd,13,0.520000,lado_interior_barra,1
97c88547-33a9-4a59-b512-18fb381b01bd,13,0.520000,frente_barra,1
97c88547-33a9-4a59-b512-18fb381b01bd,14,0.560000,lado_interior_barra,1
97c88547-33a9-4a59-b512-18fb381b01bd,14,0.560000,frente_barra,1
97c88547-33a9-4a59-b512-18fb381b01bd,15,0.600000,lado_interior_barra,1
97c88547-33a9-4a59-b512-18fb381b01bd,15,0.600000,frente_barra,1
97c88547-33a9-4a59-b512-18fb381b01bd,16,0.640000,lado_interior_barra,1
97c88547-33a9-4a59-b512-18fb381b01bd,16,0.640000,frente_barra,1
97c88547-33a9-4a59-b512-18fb381b01bd,17,0.680000,lado_interior_barra,1
97c88547-33a9-4a59-b512-18fb381b01bd,17,0.680000,frente_barra,1
97c88547-33a9-4a59-b512-18fb381b01bd,18,0.720000,lado_interior_barra,1
97c88547-33a9-4a59-b512-18fb381b01bd,18,0.720000,frente_barra,1
97c88547-33a9-4a59-b512-18fb381b01bd,19,0.760000,lado_interior_barra,1
97c88547-33a9-4a59-b512-18fb381b01bd,19,0.760000,frente_barra,1
97c88547-33a9-4a59-b512-18fb381b01bd,20,0.800000,lado_interior_barra,1
97c88547-33a9-4a59-b512-18fb381b01bd,20,0.800000,frente_barra,1
97c88547-33a9-4a59-b512-18fb381b01bd,21,0.840000,lado_interior_barra,1
97c88547-33a9-4a59-b512-18fb381b01bd,21,0.840000,frente_barra,1
97c88547-33a9-4a59-b512-18fb381b01bd,22,0.880000,lado_interior_barra,1
97c88547-33a9-4a59-b512-18fb381b01bd,22,0.880000,frente_barra,1
97c88547-33a9-4a59-b512-18fb381b01bd,23,0.920000,lado_interior_barra,1
97c88547-33a9-4a59-b512-18fb381b01bd,23,0.920000,frente_barra,1
97c88547-33a9-4a59-b512-18fb381b01bd,24,0.960000,lado_interior_barra,1
97c88547-33a9-4a59-b512-18fb381b01bd,24,0.960000,frente_barra,1
97c88547-33a9-4a59-b512-18fb381b01bd,25,1.000000,lado_interior_barra,1
97c88547-33a9-4a59-b512-18fb381b01bd,25,1.000000,frente_barra,1
97c88547-33a9-4a59-b512-18fb381b01bd,26,1.040000,lado_interior_barra,1
97c88547-33a9-4a59-b512-18fb381b01bd,26,1.040000,frente_barra,1
97c88547-33a9-4a59-b512-18fb381b01bd,27,1.080000,lado_interior_barra,1
97c88547-33a9-4a59-b512-18fb381b01bd,27,1.080000,frente_barra,1
97c88547-33a9-4a59-b512-18fb381b01bd,28,1.120000,lado_interior_barra,1
97c88547-33a9-4a59-b512-18fb381b01bd,28,1.120000,frente_barra,1
97c88547-33a9-4a59-b512-18fb381b01bd,29,1.160000,lado_interior_barra,1
97c88547-33a9-4a59-b512-18fb381b01bd,29,1.160000,frente_barra,1
97c88547-33a9-4a59-b512-18fb381b01bd,30,1.200000,lado_interior_barra,1
97c88547-33a9-4a59-b512-18fb381b01bd,30,1.200000,frente_barra,1
97c88547-33a9-4a59-b512-18fb381b01bd,31,1.240000,lado_interior_barra,1
97c88547-33a9-4a59-b512-18fb381b01bd,31,1.240000,frente_barra,1
97c88547-33a9-4a59-b512-18fb381b01bd,32,1.280000,lado_interior_barra,1
97c88547-33a9-4a59-b512-18fb381b01bd,32,1.280000,frente_barra,1
97c88547-33a9-4a59-b512-18fb381b01bd,33,1.320000,lado_interior_barra,1
97c88547-33a9-4a59-b512-18fb381b01bd,33,1.320000,frente_barra,1
97c88547-33a9-4a59-b512-18fb381b01bd,34,1.360000,lado_interior_barra,1
97c88547-33a9-4a59-b512-18fb381b01bd,34,1.360000,frente_barra,1
97c88547-33a9-4a59-b512-18fb381b01bd,35,1.400000,lado_interior_barra,1
97c88547-33a9-4a59-b512-18fb381b01bd,35,1.400000,frente_barra,1
97c88547-33a9-4a59-b512-18fb381b01bd,36,1.440000,lado_interior_barra,1
97c88547-33a9-4a59-b512-18fb381b01bd,36,1.440000,frente_barra,1
97c88547-33a9-4a59-b512-18fb381b01bd,37,1.480000,lado_interior_barra,1
97c88547-33a9-4a59-b512-18fb381b01bd,37,1.480000,frente_barra,1
97c88547-33a9-4a59-b512-18fb381b01bd,38,1.520000,lado_interior_barra,1
97c88547-33a9-4a59-b512-18fb381b01bd,38,1.520000,frente_barra,1
97c88547-33a9-4a59-b512-18fb381b01bd,39,1.560000,lado_interior_barra,1
97c88547-33a9-4a59-b512-18fb381b01bd,39,1.560000,frente_barra,1
97c88547-33a9-4a59-b512-18fb381b01bd,40,1.600000,lado_interior_barra,1
97c88547-33a9-4a59-b512-18fb381b01bd,40,1.600000,frente_barra,1
97c88547-33a9-4a59-b512-18fb381b01bd,41,1.640000,lado_interior_barra,1
97c88547-33a9-4a59-b512-18fb381b01bd,41,1.640000,frente_barra,1
97c88547-33a9-4a59-b512-18fb381b01bd,42,1.680000,lado_interior_barra,1
97c88547-33a9-4a59-b512-18fb381b01bd,42,1.680000,frente_barra,1
97c88547-33a9-4a59-b512-18fb381b01bd,43,1.720000,lado_interior_barra,1
97c88547-33a9-4a59-b512-18fb381b01bd,43,1.720000,frente_barra,1
97c88547-33a9-4a59-b512-18fb381b01bd,44,1.760000,lado_interior_barra,1
97c88547-33a9-4a59-b512-18fb381b01bd,44,1.760000,frente_barra,1
97c88547-33a9-4a59-b512-18fb381b01bd,45,1.800000,lado_interior_barra,1
97c88547-33a9-4a59-b512-18fb381b01bd,45,1.800000,frente_barra,1
97c88547-33a9-4a59-b512-18fb381b01bd,46,1.840000,lado_interior_barra,1
97c88547-33a9-4a59-b512-18fb381b01bd,46,1.840000,frente_barra,1
97c88547-33a9-4a59-b512-18fb381b01bd,47,1.880000,lado_interior_barra,1
97c88547-33a9-4a59-b512-18fb381b01bd,47,1.880000,frente_barra,1
97c88547-33a9-4a59-b512-18fb381b01bd,48,1.920000,lado_interior_barra,1
97c88547-33a9-4a59-b512-18fb381b01bd,48,1.920000,frente_barra,1
97c88547-33a9-4a59-b512-18fb381b01bd,49,1.960000,lado_interior_barra,1
97c88547-33a9-4a59-b512-18fb381b01bd,49,1.960000,frente_barra,1
97c88547-33a9-4a59-b512-18fb381b01bd,50,2.000000,lado_interior_barra,1
97c88547-33a9-4a59-b512-18fb381b01bd,50,2.000000,frente_barra,1
97c88547-33a9-4a59-b512-18fb381b01bd,51,2.040000,lado_interior_barra,1
97c88547-33a9-4a59-b512-18fb381b01bd,51,2.040000,frente_barra,1
97c88547-33a9-4a59-b512-18fb381b01bd,52,2.080000,lado_interior_barra,1
97c88547-33a9-4a59-b512-18fb381b01bd,52,2.080000,frente_barra,1
97c88547-33a9-4a59-b512-18fb381b01bd,53,2.120000,lado_interior_barra,1
97c88547-33a9-4a59-b512-18fb381b01bd,53,2.120000,frente_barra,1
97c88547-33a9-4a59-b512-18fb381b01bd,54,2.160000,lado_interior_barra,1
97c88547-33a9-4a59-b512-18fb381b01bd,54,2.160000,frente_barra,1
97c88547-33a9-4a59-b512-18fb381b01bd,55,2.200000,lado_interior_barra,1
97c88547-33a9-4a59-b512-18fb381b01bd,55,2.200000,frente_barra,1
97c88547-33a9-4a59-b512-18fb381b01bd,56,2.240000,lado_interior_barra,1
97c88547-33a9-4a59-b512-18fb381b01bd,56,2.240000,frente_barra,1
97c88547-33a9-4a59-b512-18fb381b01bd,57,2.280000,lado_interior_barra,1
97c88547-33a9-4a59-b512-18fb381b01bd,57,2.280000,frente_barra,1
97c88547-33a9-4a59-b512-18fb381b01bd,58,2.320000,lado_interior_barra,1
97c88547-33a9-4a59-b512-18fb381b01bd,58,2.320000,frente_barra,1
97c88547-33a9-4a59-b512-18fb381b01bd,59,2.360000,lado_interior_barra,1
97c88547-33a9-4a59-b512-18fb381b01bd,59,2.360000,frente_barra,1
97c88547-33a9-4a59-b512-18fb381b01bd,60,2.400000,lado_interior_barra,1
97c88547-33a9-4a59-b512-18fb381b01bd,60,2.400000,frente_barra,1
97c88547-33a9-4a59-b512-18fb381b01bd,61,2.440000,lado_interior_barra,1
97c88547-33a9-4a59-b512-18fb381b01bd,61,2.440000,frente_barra,1
97c88547-33a9-4a59-b512-18fb381b01bd,62,2.480000,lado_interior_barra,1
97c88547-33a9-4a59-b512-18fb381b01bd,62,2.480000,frente_barra,1
97c88547-33a9-4a59-b512-18fb381b01bd,63,2.520000,lado_interior_barra,1
97c88547-33a9-4a59-b512-18fb381b01bd,63,2.520000,frente_barra,1
97c88547-33a9-4a59-b512-18fb381b01bd,64,2.560000,lado_interior_barra,1
97c88547-33a9-4a59-b512-18fb381b01bd,64,2.560000,frente_barra,1
97c88547-33a9-4a59-b512-18fb381b01bd,65,2.600000,lado_interior_barra,1
97c88547-33a9-4a59-b512-18fb381b01bd,65,2.600000,frente_barra,1
97c88547-33a9-4a59-b512-18fb381b01bd,66,2.640000,lado_interior_barra,1
97c88547-33a9-4a59-b512-18fb381b01bd,66,2.640000,frente_barra,1
97c88547-33a9-4a59-b512-18fb381b01bd,67,2.680000,lado_interior_barra,1
97c88547-33a9-4a59-b512-18fb381b01bd,67,2.680000,frente_barra,1
97c88547-33a9-4a59-b512-18fb381b01bd,68,2.720000,lado_interior_barra,1
97c88547-33a9-4a59-b512-18fb381b01bd,68,2.720000,frente_barra,1
97c88547-33a9-4a59-b512-18fb381b01bd,69,2.760000,lado_interior_barra,1
97c88547-33a9-4a59-b512-18fb381b01bd,69,2.760000,frente_barra,1
97c88547-33a9-4a59-b512-18fb381b01bd,70,2.800000,lado_interior_barra,1
97c88547-33a9-4a59-b512-18fb381b01bd,70,2.800000,frente_barra,1
97c88547-33a9-4a59-b512-18fb381b01bd,71,2.840000,lado_interior_barra,1
97c88547-33a9-4a59-b512-18fb381b01bd,71,2.840000,frente_barra,1
97c88547-33a9-4a59-b512-18fb381b01bd,72,2.880000,lado_interior_barra,1
97c88547-33a9-4a59-b512-18fb381b01bd,72,2.880000,frente_barra,1
97c88547-33a9-4a59-b512-18fb381b01bd,73,2.920000,lado_interior_barra,1
97c88547-33a9-4a59-b512-18fb381b01bd,73,2.920000,frente_barra,1
97c88547-33a9-4a59-b512-18fb381b01bd,74,2.960000,lado_interior_barra,1
97c88547-33a9-4a59-b512-18fb381b01bd,74,2.960000,frente_barra,1
97c88547-33a9-4a59-b512-18fb381b01bd,75,3.000000,lado_interior_barra,1
97c88547-33a9-4a59-b512-18fb381b01bd,75,3.000000,frente_barra,1
97c88547-33a9-4a59-b512-18fb381b01bd,76,3.040000,lado_interior_barra,1
97c88547-33a9-4a59-b512-18fb381b01bd,76,3.040000,frente_barra,1
97c88547-33a9-4a59-b512-18fb381b01bd,77,3.080000,lado_interior_barra,1
97c88547-33a9-4a59-b512-18fb381b01bd,77,3.080000,frente_barra,1
97c88547-33a9-4a59-b512-18fb381b01bd,78,3.120000,lado_interior_barra,1
97c88547-33a9-4a59-b512-18fb381b01bd,78,3.120000,frente_barra,1
97c88547-33a9-4a59-b512-18fb381b01bd,79,3.160000,lado_interior_barra,1
97c88547-33a9-4a59-b512-18fb381b01bd,79,3.160000,frente_barra,1
97c88547-33a9-4a59-b512-18fb381b01bd,80,3.200000,lado_interior_barra,1
97c88547-33a9-4a59-b512-18fb381b01bd,80,3.200000,frente_barra,1
97c88547-33a9-4a59-b512-18fb381b01bd,81,3.240000,lado_interior_barra,1
97c88547-33a9-4a59-b512-18fb381b01bd,81,3.240000,frente_barra,1
97c88547-33a9-4a59-b512-18fb381b01bd,82,3.280000,lado_interior_barra,1
97c88547-33a9-4a59-b512-18fb381b01bd,82,3.280000,frente_barra,1
97c88547-33a9-4a59-b512-18fb381b01bd,83,3.320000,lado_interior_barra,1
97c88547-33a9-4a59-b512-18fb381b01bd,83,3.320000,frente_barra,1
97c88547-33a9-4a59-b512-18fb381b01bd,84,3.360000,lado_interior_barra,1
97c88547-33a9-4a59-b512-18fb381b01bd,84,3.360000,frente_barra,1
97c88547-33a9-4a59-b512-18fb381b01bd,85,3.400000,lado_interior_barra,1
97c88547-33a9-4a59-b512-18fb381b01bd,85,3.400000,frente_barra,1
97c88547-33a9-4a59-b512-18fb381b01bd,86,3.440000,lado_interior_barra,1
97c88547-33a9-4a59-b512-18fb381b01bd,86,3.440000,frente_barra,1
97c88547-33a9-4a59-b512-18fb381b01bd,87,3.480000,lado_interior_barra,1
97c88547-33a9-4a59-b512-18fb381b01bd,87,3.480000,frente_barra,1
97c88547-33a9-4a59-b512-18fb381b01bd,88,3.520000,lado_interior_barra,1
97c88547-33a9-4a59-b512-18fb381b01bd,88,3.520000,frente_barra,1
97c88547-33a9-4a59-b512-18fb381b01bd,89,3.560000,lado_interior_barra,1
97c88547-33a9-4a59-b512-18fb381b01bd,89,3.560000,frente_barra,1
97c88547-33a9-4a59-b512-18fb381b01bd,90,3.600000,lado_interior_barra,1
97c88547-33a9-4a59-b512-18fb381b01bd,90,3.600000,frente_barra,1
97c88547-33a9-4a59-b512-18fb381b01bd,91,3.640000,lado_interior_barra,1
97c88547-33a9-4a59-b512-18fb381b01bd,91,3.640000,frente_barra,1
97c88547-33a9-4a59-b512-18fb381b01bd,92,3.680000,lado_interior_barra,1
97c88547-33a9-4a59-b512-18fb381b01bd,92,3.680000,frente_barra,1
97c88547-33a9-4a59-b512-18fb381b01bd,93,3.720000,lado_interior_barra,1
97c88547-33a9-4a59-b512-18fb381b01bd,93,3.720000,frente_barra,1
97c88547-33a9-4a59-b512-18fb381b01bd,94,3.760000,lado_interior_barra,1
97c88547-33a9-4a59-b512-18fb381b01bd,94,3.760000,frente_barra,1
97c88547-33a9-4a59-b512-18fb381b01bd,95,3.800000,lado_interior_barra,1
97c88547-33a9-4a59-b512-18fb381b01bd,95,3.800000,frente_barra,1
97c88547-33a9-4a59-b512-18fb381b01bd,96,3.840000,lado_interior_barra,1
97c88547-33a9-4a59-b512-18fb381b01bd,96,3.840000,frente_barra,1
97c88547-33a9-4a59-b512-18fb381b01bd,97,3.880000,lado_interior_barra,1
97c88547-33a9-4a59-b512-18fb381b01bd,97,3.880000,frente_barra,1
97c88547-33a9-4a59-b512-18fb381b01bd,98,3.920000,lado_interior_barra,1
97c88547-33a9-4a59-b512-18fb381b01bd,98,3.920000,frente_barra,1
97c88547-33a9-4a59-b512-18fb381b01bd,99,3.960000,lado_interior_barra,1
97c88547-33a9-4a59-b512-18fb381b01bd,99,3.960000,frente_barra,1
97c88547-33a9-4a59-b512-18fb381b01bd,100,4.000000,lado_interior_barra,1
97c88547-33a9-4a59-b512-18fb381b01bd,100,4.000000,frente_barra,1
97c88547-33a9-4a59-b512-18fb381b01bd,101,4.040000,lado_interior_barra,1
97c88547-33a9-4a59-b512-18fb381b01bd,101,4.040000,frente_barra,1
97c88547-33a9-4a59-b512-18fb381b01bd,102,4.080000,lado_interior_barra,1
97c88547-33a9-4a59-b512-18fb381b01bd,102,4.080000,frente_barra,1
97c88547-33a9-4a59-b512-18fb381b01bd,103,4.120000,lado_interior_barra,1
97c88547-33a9-4a59-b512-18fb381b01bd,103,4.120000,frente_barra,1
97c88547-33a9-4a59-b512-18fb381b01bd,104,4.160000,lado_interior_barra,1
97c88547-33a9-4a59-b512-18fb381b01bd,104,4.160000,frente_barra,1
97c88547-33a9-4a59-b512-18fb381b01bd,105,4.200000,lado_interior_barra,1
97c88547-33a9-4a59-b512-18fb381b01bd,105,4.200000,frente_barra,1
97c88547-33a9-4a59-b512-18fb381b01bd,106,4.240000,lado_interior_barra,1
97c88547-33a9-4a59-b512-18fb381b01bd,106,4.240000,frente_barra,1
97c88547-33a9-4a59-b512-18fb381b01bd,107,4.280000,lado_interior_barra,1
97c88547-33a9-4a59-b512-18fb381b01bd,107,4.280000,frente_barra,1
97c88547-33a9-4a59-b512-18fb381b01bd,108,4.320000,lado_interior_barra,1
97c88547-33a9-4a59-b512-18fb381b01bd,108,4.320000,frente_barra,1
97c88547-33a9-4a59-b512-18fb381b01bd,109,4.360000,lado_interior_barra,1
97c88547-33a9-4a59-b512-18fb381b01bd,109,4.360000,frente_barra,1
97c88547-33a9-4a59-b512-18fb381b01bd,110,4.400000,lado_interior_barra,1
97c88547-33a9-4a59-b512-18fb381b01bd,110,4.400000,frente_barra,1
97c88547-33a9-4a59-b512-18fb381b01bd,111,4.440000,lado_interior_barra,1
97c88547-33a9-4a59-b512-18fb381b01bd,111,4.440000,frente_barra,1
97c88547-33a9-4a59-b512-18fb381b01bd,112,4.480000,lado_interior_barra,1
97c88547-33a9-4a59-b512-18fb381b01bd,112,4.480000,frente_barra,1
97c88547-33a9-4a59-b512-18fb381b01bd,113,4.520000,lado_interior_barra,1
97c88547-33a9-4a59-b512-18fb381b01bd,113,4.520000,frente_barra,1
97c88547-33a9-4a59-b512-18fb381b01bd,114,4.560000,lado_interior_barra,1
97c88547-33a9-4a59-b512-18fb381b01bd,114,4.560000,frente_barra,1
97c88547-33a9-4a59-b512-18fb381b01bd,115,4.600000,lado_interior_barra,1
97c88547-33a9-4a59-b512-18fb381b01bd,115,4.600000,frente_barra,1
97c88547-33a9-4a59-b512-18fb381b01bd,116,4.640000,lado_interior_barra,1
97c88547-33a9-4a59-b512-18fb381b01bd,116,4.640000,frente_barra,1
97c88547-33a9-4a59-b512-18fb381b01bd,117,4.680000,lado_interior_barra,1
97c88547-33a9-4a59-b512-18fb381b01bd,117,4.680000,frente_barra,1
97c88547-33a9-4a59-b512-18fb381b01bd,118,4.720000,lado_interior_barra,1
97c88547-33a9-4a59-b512-18fb381b01bd,118,4.720000,frente_barra,1
97c88547-33a9-4a59-b512-18fb381b01bd,119,4.760000,lado_interior_barra,1
97c88547-33a9-4a59-b512-18fb381b01bd,119,4.760000,frente_barra,1
97c88547-33a9-4a59-b512-18fb381b01bd,120,4.800000,lado_interior_barra,1
97c88547-33a9-4a59-b512-18fb381b01bd,120,4.800000,frente_barra,1
97c88547-33a9-4a59-b512-18fb381b01bd,121,4.840000,lado_interior_barra,1
97c88547-33a9-4a59-b512-18fb381b01bd,121,4.840000,frente_barra,1
97c88547-33a9-4a59-b512-18fb381b01bd,122,4.880000,lado_interior_barra,1
97c88547-33a9-4a59-b512-18fb381b01bd,122,4.880000,frente_barra,1
97c88547-33a9-4a59-b512-18fb381b01bd,123,4.920000,lado_interior_barra,1
97c88547-33a9-4a59-b512-18fb381b01bd,123,4.920000,frente_barra,1
97c88547-33a9-4a59-b512-18fb381b01bd,124,4.960000,lado_interior_barra,1
97c88547-33a9-4a59-b512-18fb381b01bd,124,4.960000,frente_barra,1
97c88547-33a9-4a59-b512-18fb381b01bd,125,5.000000,lado_interior_barra,1
97c88547-33a9-4a59-b512-18fb381b01bd,125,5.000000,frente_barra,1
97c88547-33a9-4a59-b512-18fb381b01bd,126,5.040000,lado_interior_barra,1
97c88547-33a9-4a59-b512-18fb381b01bd,126,5.040000,frente_barra,1
97c88547-33a9-4a59-b512-18fb381b01bd,127,5.080000,lado_interior_barra,1
97c88547-33a9-4a59-b512-18fb381b01bd,127,5.080000,frente_barra,1
97c88547-33a9-4a59-b512-18fb381b01bd,128,5.120000,lado_interior_barra,1
97c88547-33a9-4a59-b512-18fb381b01bd,128,5.120000,frente_barra,1
97c88547-33a9-4a59-b512-18fb381b01bd,129,5.160000,lado_interior_barra,1
97c88547-33a9-4a59-b512-18fb381b01bd,129,5.160000,frente_barra,1
97c88547-33a9-4a59-b512-18fb381b01bd,130,5.200000,lado_interior_barra,1
97c88547-33a9-4a59-b512-18fb381b01bd,130,5.200000,frente_barra,1
97c88547-33a9-4a59-b512-18fb381b01bd,131,5.240000,lado_interior_barra,1
97c88547-33a9-4a59-b512-18fb381b01bd,131,5.240000,frente_barra,1
97c88547-33a9-4a59-b512-18fb381b01bd,132,5.280000,lado_interior_barra,1
97c88547-33a9-4a59-b512-18fb381b01bd,132,5.280000,frente_barra,1
97c88547-33a9-4a59-b512-18fb381b01bd,133,5.320000,lado_interior_barra,1
97c88547-33a9-4a59-b512-18fb381b01bd,133,5.320000,frente_barra,1
97c88547-33a9-4a59-b512-18fb381b01bd,134,5.360000,lado_interior_barra,1
97c88547-33a9-4a59-b512-18fb381b01bd,134,5.360000,frente_barra,1
97c88547-33a9-4a59-b512-18fb381b01bd,135,5.400000,lado_interior_barra,1
97c88547-33a9-4a59-b512-18fb381b01bd,135,5.400000,frente_barra,1
97c88547-33a9-4a59-b512-18fb381b01bd,136,5.440000,lado_interior_barra,1
97c88547-33a9-4a59-b512-18fb381b01bd,136,5.440000,frente_barra,1
97c88547-33a9-4a59-b512-18fb381b01bd,137,5.480000,lado_interior_barra,1
97c88547-33a9-4a59-b512-18fb381b01bd,137,5.480000,frente_barra,1
97c88547-33a9-4a59-b512-18fb381b01bd,138,5.520000,lado_interior_barra,1
97c88547-33a9-4a59-b512-18fb381b01bd,138,5.520000,frente_barra,1
97c88547-33a9-4a59-b512-18fb381b01bd,139,5.560000,lado_interior_barra,1
97c88547-33a9-4a59-b512-18fb381b01bd,139,5.560000,frente_barra,1
97c88547-33a9-4a59-b512-18fb381b01bd,140,5.600000,lado_interior_barra,1
97c88547-33a9-4a59-b512-18fb381b01bd,140,5.600000,frente_barra,1
97c88547-33a9-4a59-b512-18fb381b01bd,141,5.640000,lado_interior_barra,1
97c88547-33a9-4a59-b512-18fb381b01bd,141,5.640000,frente_barra,1
97c88547-33a9-4a59-b512-18fb381b01bd,142,5.680000,lado_interior_barra,1
97c88547-33a9-4a59-b512-18fb381b01bd,142,5.680000,frente_barra,1
97c88547-33a9-4a59-b512-18fb381b01bd,143,5.720000,lado_interior_barra,1
97c88547-33a9-4a59-b512-18fb381b01bd,143,5.720000,frente_barra,1
97c88547-33a9-4a59-b512-18fb381b01bd,144,5.760000,lado_interior_barra,1
97c88547-33a9-4a59-b512-18fb381b01bd,144,5.760000,frente_barra,1
97c88547-33a9-4a59-b512-18fb381b01bd,145,5.800000,lado_interior_barra,1
97c88547-33a9-4a59-b512-18fb381b01bd,145,5.800000,frente_barra,1
97c88547-33a9-4a59-b512-18fb381b01bd,146,5.840000,lado_interior_barra,1
97c88547-33a9-4a59-b512-18fb381b01bd,146,5.840000,frente_barra,1
97c88547-33a9-4a59-b512-18fb381b01bd,147,5.880000,lado_interior_barra,1
97c88547-33a9-4a59-b512-18fb381b01bd,147,5.880000,frente_barra,1
97c88547-33a9-4a59-b512-18fb381b01bd,148,5.920000,lado_interior_barra,1
97c88547-33a9-4a59-b512-18fb381b01bd,148,5.920000,frente_barra,1
97c88547-33a9-4a59-b512-18fb381b01bd,149,5.960000,lado_interior_barra,1
97c88547-33a9-4a59-b512-18fb381b01bd,149,5.960000,frente_barra,1
97c88547-33a9-4a59-b512-18fb381b01bd,150,6.000000,lado_interior_barra,1
97c88547-33a9-4a59-b512-18fb381b01bd,150,6.000000,frente_barra,1
97c88547-33a9-4a59-b512-18fb381b01bd,151,6.040000,lado_interior_barra,1
97c88547-33a9-4a59-b512-18fb381b01bd,151,6.040000,frente_barra,1
97c88547-33a9-4a59-b512-18fb381b01bd,152,6.080000,lado_interior_barra,1
97c88547-33a9-4a59-b512-18fb381b01bd,152,6.080000,frente_barra,1
97c88547-33a9-4a59-b512-18fb381b01bd,153,6.120000,lado_interior_barra,1
97c88547-33a9-4a59-b512-18fb381b01bd,153,6.120000,frente_barra,1
97c88547-33a9-4a59-b512-18fb381b01bd,154,6.160000,lado_interior_barra,1
97c88547-33a9-4a59-b512-18fb381b01bd,154,6.160000,frente_barra,1
97c88547-33a9-4a59-b512-18fb381b01bd,155,6.200000,lado_interior_barra,1
97c88547-33a9-4a59-b512-18fb381b01bd,155,6.200000,frente_barra,1
97c88547-33a9-4a59-b512-18fb381b01bd,156,6.240000,lado_interior_barra,1
97c88547-33a9-4a59-b512-18fb381b01bd,156,6.240000,frente_barra,1
97c88547-33a9-4a59-b512-18fb381b01bd,157,6.280000,lado_interior_barra,1
97c88547-33a9-4a59-b512-18fb381b01bd,157,6.280000,frente_barra,1
97c88547-33a9-4a59-b512-18fb381b01bd,158,6.320000,lado_interior_barra,1
97c88547-33a9-4a59-b512-18fb381b01bd,158,6.320000,frente_barra,1
97c88547-33a9-4a59-b512-18fb381b01bd,159,6.360000,lado_interior_barra,1
97c88547-33a9-4a59-b512-18fb381b01bd,159,6.360000,frente_barra,1
97c88547-33a9-4a59-b512-18fb381b01bd,160,6.400000,lado_interior_barra,1
97c88547-33a9-4a59-b512-18fb381b01bd,160,6.400000,frente_barra,1
97c88547-33a9-4a59-b512-18fb381b01bd,161,6.440000,lado_interior_barra,1
97c88547-33a9-4a59-b512-18fb381b01bd,161,6.440000,frente_barra,1
97c88547-33a9-4a59-b512-18fb381b01bd,162,6.480000,lado_interior_barra,1
97c88547-33a9-4a59-b512-18fb381b01bd,162,6.480000,frente_barra,1
97c88547-33a9-4a59-b512-18fb381b01bd,163,6.520000,lado_interior_barra,1
97c88547-33a9-4a59-b512-18fb381b01bd,163,6.520000,frente_barra,1
97c88547-33a9-4a59-b512-18fb381b01bd,164,6.560000,lado_interior_barra,1
97c88547-33a9-4a59-b512-18fb381b01bd,164,6.560000,frente_barra,1
97c88547-33a9-4a59-b512-18fb381b01bd,165,6.600000,lado_interior_barra,1
97c88547-33a9-4a59-b512-18fb381b01bd,165,6.600000,frente_barra,1
97c88547-33a9-4a59-b512-18fb381b01bd,166,6.640000,lado_interior_barra,1
97c88547-33a9-4a59-b512-18fb381b01bd,166,6.640000,frente_barra,1
97c88547-33a9-4a59-b512-18fb381b01bd,167,6.680000,lado_interior_barra,1
97c88547-33a9-4a59-b512-18fb381b01bd,167,6.680000,frente_barra,1
97c88547-33a9-4a59-b512-18fb381b01bd,168,6.720000,lado_interior_barra,1
97c88547-33a9-4a59-b512-18fb381b01bd,168,6.720000,frente_barra,1
97c88547-33a9-4a59-b512-18fb381b01bd,169,6.760000,lado_interior_barra,1
97c88547-33a9-4a59-b512-18fb381b01bd,169,6.760000,frente_barra,1
97c88547-33a9-4a59-b512-18fb381b01bd,170,6.800000,lado_interior_barra,1
97c88547-33a9-4a59-b512-18fb381b01bd,170,6.800000,frente_barra,1
97c88547-33a9-4a59-b512-18fb381b01bd,171,6.840000,lado_interior_barra,1
97c88547-33a9-4a59-b512-18fb381b01bd,171,6.840000,frente_barra,1
97c88547-33a9-4a59-b512-18fb381b01bd,172,6.880000,lado_interior_barra,1
97c88547-33a9-4a59-b512-18fb381b01bd,172,6.880000,frente_barra,1
97c88547-33a9-4a59-b512-18fb381b01bd,173,6.920000,lado_interior_barra,1
97c88547-33a9-4a59-b512-18fb381b01bd,173,6.920000,frente_barra,1
97c88547-33a9-4a59-b512-18fb381b01bd,174,6.960000,lado_interior_barra,1
97c88547-33a9-4a59-b512-18fb381b01bd,174,6.960000,frente_barra,1
97c88547-33a9-4a59-b512-18fb381b01bd,175,7.000000,lado_interior_barra,1
97c88547-33a9-4a59-b512-18fb381b01bd,175,7.000000,frente_barra,1
97c88547-33a9-4a59-b512-18fb381b01bd,176,7.040000,lado_interior_barra,1
97c88547-33a9-4a59-b512-18fb381b01bd,176,7.040000,frente_barra,1
97c88547-33a9-4a59-b512-18fb381b01bd,177,7.080000,lado_interior_barra,1
97c88547-33a9-4a59-b512-18fb381b01bd,177,7.080000,frente_barra,1
97c88547-33a9-4a59-b512-18fb381b01bd,178,7.120000,lado_interior_barra,1
97c88547-33a9-4a59-b512-18fb381b01bd,178,7.120000,frente_barra,1
97c88547-33a9-4a59-b512-18fb381b01bd,179,7.160000,lado_interior_barra,1
97c88547-33a9-4a59-b512-18fb381b01bd,179,7.160000,frente_barra,1
97c88547-33a9-4a59-b512-18fb381b01bd,180,7.200000,lado_interior_barra,1
97c88547-33a9-4a59-b512-18fb381b01bd,180,7.200000,frente_barra,1
97c88547-33a9-4a59-b512-18fb381b01bd,181,7.240000,lado_interior_barra,1
97c88547-33a9-4a59-b512-18fb381b01bd,181,7.240000,frente_barra,1
97c88547-33a9-4a59-b512-18fb381b01bd,182,7.280000,lado_interior_barra,1
97c88547-33a9-4a59-b512-18fb381b01bd,182,7.280000,frente_barra,1
97c88547-33a9-4a59-b512-18fb381b01bd,183,7.320000,lado_interior_barra,1
97c88547-33a9-4a59-b512-18fb381b01bd,183,7.320000,frente_barra,1
97c88547-33a9-4a59-b512-18fb381b01bd,184,7.360000,lado_interior_barra,1
97c88547-33a9-4a59-b512-18fb381b01bd,184,7.360000,frente_barra,1
97c88547-33a9-4a59-b512-18fb381b01bd,185,7.400000,lado_interior_barra,1
97c88547-33a9-4a59-b512-18fb381b01bd,185,7.400000,frente_barra,1
97c88547-33a9-4a59-b512-18fb381b01bd,186,7.440000,lado_interior_barra,1
97c88547-33a9-4a59-b512-18fb381b01bd,186,7.440000,frente_barra,1
97c88547-33a9-4a59-b512-18fb381b01bd,187,7.480000,lado_interior_barra,1
97c88547-33a9-4a59-b512-18fb381b01bd,187,7.480000,frente_barra,1
97c88547-33a9-4a59-b512-18fb381b01bd,188,7.520000,lado_interior_barra,1
97c88547-33a9-4a59-b512-18fb381b01bd,188,7.520000,frente_barra,1
97c88547-33a9-4a59-b512-18fb381b01bd,189,7.560000,lado_interior_barra,1
97c88547-33a9-4a59-b512-18fb381b01bd,189,7.560000,frente_barra,1
97c88547-33a9-4a59-b512-18fb381b01bd,190,7.600000,lado_interior_barra,1
97c88547-33a9-4a59-b512-18fb381b01bd,190,7.600000,frente_barra,1
97c88547-33a9-4a59-b512-18fb381b01bd,191,7.640000,lado_interior_barra,1
97c88547-33a9-4a59-b512-18fb381b01bd,191,7.640000,frente_barra,1
97c88547-33a9-4a59-b512-18fb381b01bd,192,7.680000,lado_interior_barra,1
97c88547-33a9-4a59-b512-18fb381b01bd,192,7.680000,frente_barra,1
97c88547-33a9-4a59-b512-18fb381b01bd,193,7.720000,lado_interior_barra,1
97c88547-33a9-4a59-b512-18fb381b01bd,193,7.720000,frente_barra,1
97c88547-33a9-4a59-b512-18fb381b01bd,194,7.760000,lado_interior_barra,1
97c88547-33a9-4a59-b512-18fb381b01bd,194,7.760000,frente_barra,1
97c88547-33a9-4a59-b512-18fb381b01bd,195,7.800000,lado_interior_barra,1
97c88547-33a9-4a59-b512-18fb381b01bd,195,7.800000,frente_barra,1
97c88547-33a9-4a59-b512-18fb381b01bd,196,7.840000,lado_interior_barra,1
97c88547-33a9-4a59-b512-18fb381b01bd,196,7.840000,frente_barra,1
97c88547-33a9-4a59-b512-18fb381b01bd,197,7.880000,lado_interior_barra,1
97c88547-33a9-4a59-b512-18fb381b01bd,197,7.880000,frente_barra,1
97c88547-33a9-4a59-b512-18fb381b01bd,198,7.920000,lado_interior_barra,1
97c88547-33a9-4a59-b512-18fb381b01bd,198,7.920000,frente_barra,1
97c88547-33a9-4a59-b512-18fb381b01bd,199,7.960000,lado_interior_barra,1
97c88547-33a9-4a59-b512-18fb381b01bd,199,7.960000,frente_barra,1
97c88547-33a9-4a59-b512-18fb381b01bd,200,8.000000,lado_interior_barra,1
97c88547-33a9-4a59-b512-18fb381b01bd,200,8.000000,frente_barra,1
97c88547-33a9-4a59-b512-18fb381b01bd,201,8.040000,lado_interior_barra,1
97c88547-33a9-4a59-b512-18fb381b01bd,201,8.040000,frente_barra,1
97c88547-33a9-4a59-b512-18fb381b01bd,202,8.080000,lado_interior_barra,1
97c88547-33a9-4a59-b512-18fb381b01bd,202,8.080000,frente_barra,1
97c88547-33a9-4a59-b512-18fb381b01bd,203,8.120000,lado_interior_barra,1
97c88547-33a9-4a59-b512-18fb381b01bd,203,8.120000,frente_barra,1
97c88547-33a9-4a59-b512-18fb381b01bd,204,8.160000,lado_interior_barra,1
97c88547-33a9-4a59-b512-18fb381b01bd,204,8.160000,frente_barra,1
97c88547-33a9-4a59-b512-18fb381b01bd,205,8.200000,lado_interior_barra,1
97c88547-33a9-4a59-b512-18fb381b01bd,205,8.200000,frente_barra,1
97c88547-33a9-4a59-b512-18fb381b01bd,206,8.240000,lado_interior_barra,1
97c88547-33a9-4a59-b512-18fb381b01bd,206,8.240000,frente_barra,1
97c88547-33a9-4a59-b512-18fb381b01bd,207,8.280000,lado_interior_barra,1
97c88547-33a9-4a59-b512-18fb381b01bd,207,8.280000,frente_barra,1
97c88547-33a9-4a59-b512-18fb381b01bd,208,8.320000,lado_interior_barra,1
97c88547-33a9-4a59-b512-18fb381b01bd,208,8.320000,frente_barra,1
97c88547-33a9-4a59-b512-18fb381b01bd,209,8.360000,lado_interior_barra,1
97c88547-33a9-4a59-b512-18fb381b01bd,209,8.360000,frente_barra,1
97c88547-33a9-4a59-b512-18fb381b01bd,210,8.400000,lado_interior_barra,1
97c88547-33a9-4a59-b512-18fb381b01bd,210,8.400000,frente_barra,1
97c88547-33a9-4a59-b512-18fb381b01bd,211,8.440000,lado_interior_barra,1
97c88547-33a9-4a59-b512-18fb381b01bd,211,8.440000,frente_barra,1
97c88547-33a9-4a59-b512-18fb381b01bd,212,8.480000,lado_interior_barra,1
97c88547-33a9-4a59-b512-18fb381b01bd,212,8.480000,frente_barra,1
97c88547-33a9-4a59-b512-18fb381b01bd,213,8.520000,lado_interior_barra,1
97c88547-33a9-4a59-b512-18fb381b01bd,213,8.520000,frente_barra,1
97c88547-33a9-4a59-b512-18fb381b01bd,214,8.560000,lado_interior_barra,1
97c88547-33a9-4a59-b512-18fb381b01bd,214,8.560000,frente_barra,1
97c88547-33a9-4a59-b512-18fb381b01bd,215,8.600000,lado_interior_barra,1
97c88547-33a9-4a59-b512-18fb381b01bd,215,8.600000,frente_barra,1
97c88547-33a9-4a59-b512-18fb381b01bd,216,8.640000,lado_interior_barra,1
97c88547-33a9-4a59-b512-18fb381b01bd,216,8.640000,frente_barra,1
97c88547-33a9-4a59-b512-18fb381b01bd,217,8.680000,lado_interior_barra,1
97c88547-33a9-4a59-b512-18fb381b01bd,217,8.680000,frente_barra,1
97c88547-33a9-4a59-b512-18fb381b01bd,218,8.720000,lado_interior_barra,1
97c88547-33a9-4a59-b512-18fb381b01bd,218,8.720000,frente_barra,1
97c88547-33a9-4a59-b512-18fb381b01bd,219,8.760000,lado_interior_barra,1
97c88547-33a9-4a59-b512-18fb381b01bd,219,8.760000,frente_barra,1
97c88547-33a9-4a59-b512-18fb381b01bd,220,8.800000,lado_interior_barra,1
97c88547-33a9-4a59-b512-18fb381b01bd,220,8.800000,frente_barra,1
97c88547-33a9-4a59-b512-18fb381b01bd,221,8.840000,lado_interior_barra,1
97c88547-33a9-4a59-b512-18fb381b01bd,221,8.840000,frente_barra,1
97c88547-33a9-4a59-b512-18fb381b01bd,222,8.880000,lado_interior_barra,1
97c88547-33a9-4a59-b512-18fb381b01bd,222,8.880000,frente_barra,1
97c88547-33a9-4a59-b512-18fb381b01bd,223,8.920000,lado_interior_barra,1
97c88547-33a9-4a59-b512-18fb381b01bd,223,8.920000,frente_barra,1
97c88547-33a9-4a59-b512-18fb381b01bd,224,8.960000,lado_interior_barra,1
97c88547-33a9-4a59-b512-18fb381b01bd,224,8.960000,frente_barra,1
97c88547-33a9-4a59-b512-18fb381b01bd,225,9.000000,lado_interior_barra,1
97c88547-33a9-4a59-b512-18fb381b01bd,225,9.000000,frente_barra,1
97c88547-33a9-4a59-b512-18fb381b01bd,226,9.040000,lado_interior_barra,1
97c88547-33a9-4a59-b512-18fb381b01bd,226,9.040000,frente_barra,1
97c88547-33a9-4a59-b512-18fb381b01bd,227,9.080000,lado_interior_barra,1
97c88547-33a9-4a59-b512-18fb381b01bd,227,9.080000,frente_barra,1
97c88547-33a9-4a59-b512-18fb381b01bd,228,9.120000,lado_interior_barra,1
97c88547-33a9-4a59-b512-18fb381b01bd,228,9.120000,frente_barra,1
97c88547-33a9-4a59-b512-18fb381b01bd,229,9.160000,lado_interior_barra,1
97c88547-33a9-4a59-b512-18fb381b01bd,229,9.160000,frente_barra,1
97c88547-33a9-4a59-b512-18fb381b01bd,230,9.200000,lado_interior_barra,1
97c88547-33a9-4a59-b512-18fb381b01bd,230,9.200000,frente_barra,1
97c88547-33a9-4a59-b512-18fb381b01bd,231,9.240000,lado_interior_barra,1
97c88547-33a9-4a59-b512-18fb381b01bd,231,9.240000,frente_barra,1
97c88547-33a9-4a59-b512-18fb381b01bd,232,9.280000,lado_interior_barra,1
97c88547-33a9-4a59-b512-18fb381b01bd,232,9.280000,frente_barra,1
97c88547-33a9-4a59-b512-18fb381b01bd,233,9.320000,lado_interior_barra,1
97c88547-33a9-4a59-b512-18fb381b01bd,233,9.320000,frente_barra,1
97c88547-33a9-4a59-b512-18fb381b01bd,234,9.360000,lado_interior_barra,1
97c88547-33a9-4a59-b512-18fb381b01bd,234,9.360000,frente_barra,1
97c88547-33a9-4a59-b512-18fb381b01bd,235,9.400000,lado_interior_barra,1
97c88547-33a9-4a59-b512-18fb381b01bd,235,9.400000,frente_barra,1
97c88547-33a9-4a59-b512-18fb381b01bd,236,9.440000,lado_interior_barra,1
97c88547-33a9-4a59-b512-18fb381b01bd,236,9.440000,frente_barra,1
97c88547-33a9-4a59-b512-18fb381b01bd,237,9.480000,lado_interior_barra,1
97c88547-33a9-4a59-b512-18fb381b01bd,237,9.480000,frente_barra,1
97c88547-33a9-4a59-b512-18fb381b01bd,238,9.520000,lado_interior_barra,1
97c88547-33a9-4a59-b512-18fb381b01bd,238,9.520000,frente_barra,1
97c88547-33a9-4a59-b512-18fb381b01bd,239,9.560000,lado_interior_barra,1
97c88547-33a9-4a59-b512-18fb381b01bd,239,9.560000,frente_barra,1
97c88547-33a9-4a59-b512-18fb381b01bd,240,9.600000,lado_interior_barra,1
97c88547-33a9-4a59-b512-18fb381b01bd,240,9.600000,frente_barra,1
97c88547-33a9-4a59-b512-18fb381b01bd,241,9.640000,lado_interior_barra,1
97c88547-33a9-4a59-b512-18fb381b01bd,241,9.640000,frente_barra,1
97c88547-33a9-4a59-b512-18fb381b01bd,242,9.680000,lado_interior_barra,1
97c88547-33a9-4a59-b512-18fb381b01bd,242,9.680000,frente_barra,1
97c88547-33a9-4a59-b512-18fb381b01bd,243,9.720000,lado_interior_barra,1
97c88547-33a9-4a59-b512-18fb381b01bd,243,9.720000,frente_barra,1
97c88547-33a9-4a59-b512-18fb381b01bd,244,9.760000,lado_interior_barra,1
97c88547-33a9-4a59-b512-18fb381b01bd,244,9.760000,frente_barra,1
97c88547-33a9-4a59-b512-18fb381b01bd,245,9.800000,lado_interior_barra,1
97c88547-33a9-4a59-b512-18fb381b01bd,245,9.800000,frente_barra,1
97c88547-33a9-4a59-b512-18fb381b01bd,246,9.840000,lado_interior_barra,1
97c88547-33a9-4a59-b512-18fb381b01bd,246,9.840000,frente_barra,1
97c88547-33a9-4a59-b512-18fb381b01bd,247,9.880000,lado_interior_barra,1
97c88547-33a9-4a59-b512-18fb381b01bd,247,9.880000,frente_barra,1
97c88547-33a9-4a59-b512-18fb381b01bd,248,9.920000,lado_interior_barra,1
97c88547-33a9-4a59-b512-18fb381b01bd,248,9.920000,frente_barra,1
97c88547-33a9-4a59-b512-18fb381b01bd,249,9.960000,lado_interior_barra,1
97c88547-33a9-4a59-b512-18fb381b01bd,249,9.960000,frente_barra,1
97c88547-33a9-4a59-b512-18fb381b01bd,250,10.000000,lado_interior_barra,1
97c88547-33a9-4a59-b512-18fb381b01bd,250,10.000000,frente_barra,1
97c88547-33a9-4a59-b512-18fb381b01bd,251,10.040000,lado_interior_barra,1
97c88547-33a9-4a59-b512-18fb381b01bd,251,10.040000,frente_barra,1
97c88547-33a9-4a59-b512-18fb381b01bd,252,10.080000,lado_interior_barra,1
97c88547-33a9-4a59-b512-18fb381b01bd,252,10.080000,frente_barra,1
97c88547-33a9-4a59-b512-18fb381b01bd,253,10.120000,lado_interior_barra,1
97c88547-33a9-4a59-b512-18fb381b01bd,253,10.120000,frente_barra,1
97c88547-33a9-4a59-b512-18fb381b01bd,254,10.160000,lado_interior_barra,1
97c88547-33a9-4a59-b512-18fb381b01bd,254,10.160000,frente_barra,1
97c88547-33a9-4a59-b512-18fb381b01bd,255,10.200000,lado_interior_barra,1
97c88547-33a9-4a59-b512-18fb381b01bd,255,10.200000,frente_barra,1
97c88547-33a9-4a59-b512-18fb381b01bd,256,10.240000,lado_interior_barra,1
97c88547-33a9-4a59-b512-18fb381b01bd,256,10.240000,frente_barra,1
97c88547-33a9-4a59-b512-18fb381b01bd,257,10.280000,lado_interior_barra,1
97c88547-33a9-4a59-b512-18fb381b01bd,257,10.280000,frente_barra,1
97c88547-33a9-4a59-b512-18fb381b01bd,258,10.320000,lado_interior_barra,1
97c88547-33a9-4a59-b512-18fb381b01bd,258,10.320000,frente_barra,1
97c88547-33a9-4a59-b512-18fb381b01bd,259,10.360000,lado_interior_barra,1
97c88547-33a9-4a59-b512-18fb381b01bd,259,10.360000,frente_barra,1
97c88547-33a9-4a59-b512-18fb381b01bd,260,10.400000,lado_interior_barra,1
97c88547-33a9-4a59-b512-18fb381b01bd,260,10.400000,frente_barra,1
97c88547-33a9-4a59-b512-18fb381b01bd,261,10.440000,lado_interior_barra,1
97c88547-33a9-4a59-b512-18fb381b01bd,261,10.440000,frente_barra,1
97c88547-33a9-4a59-b512-18fb381b01bd,262,10.480000,lado_interior_barra,1
97c88547-33a9-4a59-b512-18fb381b01bd,262,10.480000,frente_barra,1
97c88547-33a9-4a59-b512-18fb381b01bd,263,10.520000,lado_interior_barra,1
97c88547-33a9-4a59-b512-18fb381b01bd,263,10.520000,frente_barra,1
97c88547-33a9-4a59-b512-18fb381b01bd,264,10.560000,lado_interior_barra,1
97c88547-33a9-4a59-b512-18fb381b01bd,264,10.560000,frente_barra,1
97c88547-33a9-4a59-b512-18fb381b01bd,265,10.600000,lado_interior_barra,1
97c88547-33a9-4a59-b512-18fb381b01bd,265,10.600000,frente_barra,1
97c88547-33a9-4a59-b512-18fb381b01bd,266,10.640000,lado_interior_barra,1
97c88547-33a9-4a59-b512-18fb381b01bd,266,10.640000,frente_barra,1
97c88547-33a9-4a59-b512-18fb381b01bd,267,10.680000,lado_interior_barra,1
97c88547-33a9-4a59-b512-18fb381b01bd,267,10.680000,frente_barra,1
97c88547-33a9-4a59-b512-18fb381b01bd,268,10.720000,lado_interior_barra,1
97c88547-33a9-4a59-b512-18fb381b01bd,268,10.720000,frente_barra,1
97c88547-33a9-4a59-b512-18fb381b01bd,269,10.760000,lado_interior_barra,1
97c88547-33a9-4a59-b512-18fb381b01bd,269,10.760000,frente_barra,1
97c88547-33a9-4a59-b512-18fb381b01bd,270,10.800000,lado_interior_barra,1
97c88547-33a9-4a59-b512-18fb381b01bd,270,10.800000,frente_barra,1
97c88547-33a9-4a59-b512-18fb381b01bd,271,10.840000,lado_interior_barra,1
97c88547-33a9-4a59-b512-18fb381b01bd,271,10.840000,frente_barra,1
97c88547-33a9-4a59-b512-18fb381b01bd,272,10.880000,lado_interior_barra,1
97c88547-33a9-4a59-b512-18fb381b01bd,272,10.880000,frente_barra,1
97c88547-33a9-4a59-b512-18fb381b01bd,273,10.920000,lado_interior_barra,1
97c88547-33a9-4a59-b512-18fb381b01bd,273,10.920000,frente_barra,1
97c88547-33a9-4a59-b512-18fb381b01bd,274,10.960000,lado_interior_barra,1
97c88547-33a9-4a59-b512-18fb381b01bd,274,10.960000,frente_barra,1
97c88547-33a9-4a59-b512-18fb381b01bd,275,11.000000,lado_interior_barra,1
97c88547-33a9-4a59-b512-18fb381b01bd,275,11.000000,frente_barra,1
97c88547-33a9-4a59-b512-18fb381b01bd,276,11.040000,lado_interior_barra,1
97c88547-33a9-4a59-b512-18fb381b01bd,276,11.040000,frente_barra,1
97c88547-33a9-4a59-b512-18fb381b01bd,277,11.080000,lado_interior_barra,1
97c88547-33a9-4a59-b512-18fb381b01bd,277,11.080000,frente_barra,1
97c88547-33a9-4a59-b512-18fb381b01bd,278,11.120000,lado_interior_barra,1
97c88547-33a9-4a59-b512-18fb381b01bd,278,11.120000,frente_barra,1
97c88547-33a9-4a59-b512-18fb381b01bd,279,11.160000,lado_interior_barra,1
97c88547-33a9-4a59-b512-18fb381b01bd,279,11.160000,frente_barra,1
97c88547-33a9-4a59-b512-18fb381b01bd,280,11.200000,lado_interior_barra,1
97c88547-33a9-4a59-b512-18fb381b01bd,280,11.200000,frente_barra,1
97c88547-33a9-4a59-b512-18fb381b01bd,281,11.240000,lado_interior_barra,1
97c88547-33a9-4a59-b512-18fb381b01bd,281,11.240000,frente_barra,1
97c88547-33a9-4a59-b512-18fb381b01bd,282,11.280000,lado_interior_barra,1
97c88547-33a9-4a59-b512-18fb381b01bd,282,11.280000,frente_barra,1
97c88547-33a9-4a59-b512-18fb381b01bd,283,11.320000,lado_interior_barra,1
97c88547-33a9-4a59-b512-18fb381b01bd,283,11.320000,frente_barra,1
97c88547-33a9-4a59-b512-18fb381b01bd,284,11.360000,lado_interior_barra,1
97c88547-33a9-4a59-b512-18fb381b01bd,284,11.360000,frente_barra,1
97c88547-33a9-4a59-b512-18fb381b01bd,285,11.400000,lado_interior_barra,1
97c88547-33a9-4a59-b512-18fb381b01bd,285,11.400000,frente_barra,1
97c88547-33a9-4a59-b512-18fb381b01bd,286,11.440000,lado_interior_barra,1
97c88547-33a9-4a59-b512-18fb381b01bd,286,11.440000,frente_barra,1
97c88547-33a9-4a59-b512-18fb381b01bd,287,11.480000,lado_interior_barra,1
97c88547-33a9-4a59-b512-18fb381b01bd,287,11.480000,frente_barra,1
97c88547-33a9-4a59-b512-18fb381b01bd,288,11.520000,lado_interior_barra,1
97c88547-33a9-4a59-b512-18fb381b01bd,288,11.520000,frente_barra,1
97c88547-33a9-4a59-b512-18fb381b01bd,289,11.560000,lado_interior_barra,1
97c88547-33a9-4a59-b512-18fb381b01bd,289,11.560000,frente_barra,1
97c88547-33a9-4a59-b512-18fb381b01bd,290,11.600000,lado_interior_barra,1
97c88547-33a9-4a59-b512-18fb381b01bd,290,11.600000,frente_barra,1
97c88547-33a9-4a59-b512-18fb381b01bd,291,11.640000,lado_interior_barra,1
97c88547-33a9-4a59-b512-18fb381b01bd,291,11.640000,frente_barra,1
97c88547-33a9-4a59-b512-18fb381b01bd,292,11.680000,lado_interior_barra,1
97c88547-33a9-4a59-b512-18fb381b01bd,292,11.680000,frente_barra,1
97c88547-33a9-4a59-b512-18fb381b01bd,293,11.720000,lado_interior_barra,1
97c88547-33a9-4a59-b512-18fb381b01bd,293,11.720000,frente_barra,1
97c88547-33a9-4a59-b512-18fb381b01bd,294,11.760000,lado_interior_barra,1
97c88547-33a9-4a59-b512-18fb381b01bd,294,11.760000,frente_barra,1
97c88547-33a9-4a59-b512-18fb381b01bd,295,11.800000,lado_interior_barra,1
97c88547-33a9-4a59-b512-18fb381b01bd,295,11.800000,frente_barra,1
97c88547-33a9-4a59-b512-18fb381b01bd,296,11.840000,lado_interior_barra,1
97c88547-33a9-4a59-b512-18fb381b01bd,296,11.840000,frente_barra,1
97c88547-33a9-4a59-b512-18fb381b01bd,297,11.880000,lado_interior_barra,1
97c88547-33a9-4a59-b512-18fb381b01bd,297,11.880000,frente_barra,1
97c88547-33a9-4a59-b512-18fb381b01bd,298,11.920000,lado_interior_barra,1
97c88547-33a9-4a59-b512-18fb381b01bd,298,11.920000,frente_barra,1
97c88547-33a9-4a59-b512-18fb381b01bd,299,11.960000,lado_interior_barra,1
97c88547-33a9-4a59-b512-18fb381b01bd,299,11.960000,frente_barra,1
97c88547-33a9-4a59-b512-18fb381b01bd,300,12.000000,lado_interior_barra,1
97c88547-33a9-4a59-b512-18fb381b01bd,300,12.000000,frente_barra,1
97c88547-33a9-4a59-b512-18fb381b01bd,301,12.040000,lado_interior_barra,1
97c88547-33a9-4a59-b512-18fb381b01bd,301,12.040000,frente_barra,1
97c88547-33a9-4a59-b512-18fb381b01bd,302,12.080000,lado_interior_barra,1
97c88547-33a9-4a59-b512-18fb381b01bd,302,12.080000,frente_barra,1
97c88547-33a9-4a59-b512-18fb381b01bd,303,12.120000,lado_interior_barra,1
97c88547-33a9-4a59-b512-18fb381b01bd,303,12.120000,frente_barra,1
97c88547-33a9-4a59-b512-18fb381b01bd,304,12.160000,lado_interior_barra,1
97c88547-33a9-4a59-b512-18fb381b01bd,304,12.160000,frente_barra,1
97c88547-33a9-4a59-b512-18fb381b01bd,305,12.200000,lado_interior_barra,1
97c88547-33a9-4a59-b512-18fb381b01bd,305,12.200000,frente_barra,1
97c88547-33a9-4a59-b512-18fb381b01bd,306,12.240000,lado_interior_barra,1
97c88547-33a9-4a59-b512-18fb381b01bd,306,12.240000,frente_barra,1
97c88547-33a9-4a59-b512-18fb381b01bd,307,12.280000,lado_interior_barra,1
97c88547-33a9-4a59-b512-18fb381b01bd,307,12.280000,frente_barra,1
97c88547-33a9-4a59-b512-18fb381b01bd,308,12.320000,lado_interior_barra,1
97c88547-33a9-4a59-b512-18fb381b01bd,308,12.320000,frente_barra,1
97c88547-33a9-4a59-b512-18fb381b01bd,309,12.360000,lado_interior_barra,1
97c88547-33a9-4a59-b512-18fb381b01bd,309,12.360000,frente_barra,1
97c88547-33a9-4a59-b512-18fb381b01bd,310,12.400000,lado_interior_barra,1
97c88547-33a9-4a59-b512-18fb381b01bd,310,12.400000,frente_barra,1
97c88547-33a9-4a59-b512-18fb381b01bd,311,12.440000,lado_interior_barra,1
97c88547-33a9-4a59-b512-18fb381b01bd,311,12.440000,frente_barra,1
97c88547-33a9-4a59-b512-18fb381b01bd,312,12.480000,lado_interior_barra,1
97c88547-33a9-4a59-b512-18fb381b01bd,312,12.480000,frente_barra,1
97c88547-33a9-4a59-b512-18fb381b01bd,313,12.520000,lado_interior_barra,1
97c88547-33a9-4a59-b512-18fb381b01bd,313,12.520000,frente_barra,1
97c88547-33a9-4a59-b512-18fb381b01bd,314,12.560000,lado_interior_barra,1
97c88547-33a9-4a59-b512-18fb381b01bd,314,12.560000,frente_barra,1
97c88547-33a9-4a59-b512-18fb381b01bd,315,12.600000,lado_interior_barra,1
97c88547-33a9-4a59-b512-18fb381b01bd,315,12.600000,frente_barra,1
97c88547-33a9-4a59-b512-18fb381b01bd,316,12.640000,lado_interior_barra,1
97c88547-33a9-4a59-b512-18fb381b01bd,316,12.640000,frente_barra,1
97c88547-33a9-4a59-b512-18fb381b01bd,317,12.680000,lado_interior_barra,1
97c88547-33a9-4a59-b512-18fb381b01bd,317,12.680000,frente_barra,1
97c88547-33a9-4a59-b512-18fb381b01bd,318,12.720000,lado_interior_barra,1
97c88547-33a9-4a59-b512-18fb381b01bd,318,12.720000,frente_barra,1
97c88547-33a9-4a59-b512-18fb381b01bd,319,12.760000,lado_interior_barra,1
97c88547-33a9-4a59-b512-18fb381b01bd,319,12.760000,frente_barra,1
97c88547-33a9-4a59-b512-18fb381b01bd,320,12.800000,lado_interior_barra,1
97c88547-33a9-4a59-b512-18fb381b01bd,320,12.800000,frente_barra,1
97c88547-33a9-4a59-b512-18fb381b01bd,321,12.840000,lado_interior_barra,1
97c88547-33a9-4a59-b512-18fb381b01bd,321,12.840000,frente_barra,1
97c88547-33a9-4a59-b512-18fb381b01bd,322,12.880000,lado_interior_barra,1
97c88547-33a9-4a59-b512-18fb381b01bd,322,12.880000,frente_barra,1
97c88547-33a9-4a59-b512-18fb381b01bd,323,12.920000,lado_interior_barra,1
97c88547-33a9-4a59-b512-18fb381b01bd,323,12.920000,frente_barra,1
97c88547-33a9-4a59-b512-18fb381b01bd,324,12.960000,lado_interior_barra,1
97c88547-33a9-4a59-b512-18fb381b01bd,324,12.960000,frente_barra,1
97c88547-33a9-4a59-b512-18fb381b01bd,325,13.000000,lado_interior_barra,1
97c88547-33a9-4a59-b512-18fb381b01bd,325,13.000000,frente_barra,1
97c88547-33a9-4a59-b512-18fb381b01bd,326,13.040000,lado_interior_barra,1
97c88547-33a9-4a59-b512-18fb381b01bd,326,13.040000,frente_barra,1
97c88547-33a9-4a59-b512-18fb381b01bd,327,13.080000,lado_interior_barra,1
97c88547-33a9-4a59-b512-18fb381b01bd,327,13.080000,frente_barra,1
97c88547-33a9-4a59-b512-18fb381b01bd,328,13.120000,lado_interior_barra,1
97c88547-33a9-4a59-b512-18fb381b01bd,328,13.120000,frente_barra,1
97c88547-33a9-4a59-b512-18fb381b01bd,329,13.160000,lado_interior_barra,1
97c88547-33a9-4a59-b512-18fb381b01bd,329,13.160000,frente_barra,1
97c88547-33a9-4a59-b512-18fb381b01bd,330,13.200000,lado_interior_barra,1
97c88547-33a9-4a59-b512-18fb381b01bd,330,13.200000,frente_barra,1
97c88547-33a9-4a59-b512-18fb381b01bd,331,13.240000,lado_interior_barra,1
97c88547-33a9-4a59-b512-18fb381b01bd,331,13.240000,frente_barra,1
97c88547-33a9-4a59-b512-18fb381b01bd,332,13.280000,lado_interior_barra,1
97c88547-33a9-4a59-b512-18fb381b01bd,332,13.280000,frente_barra,1
97c88547-33a9-4a59-b512-18fb381b01bd,333,13.320000,lado_interior_barra,1
97c88547-33a9-4a59-b512-18fb381b01bd,333,13.320000,frente_barra,1
97c88547-33a9-4a59-b512-18fb381b01bd,334,13.360000,lado_interior_barra,1
97c88547-33a9-4a59-b512-18fb381b01bd,334,13.360000,frente_barra,1
97c88547-33a9-4a59-b512-18fb381b01bd,335,13.400000,lado_interior_barra,1
97c88547-33a9-4a59-b512-18fb381b01bd,335,13.400000,frente_barra,1
97c88547-33a9-4a59-b512-18fb381b01bd,336,13.440000,lado_interior_barra,1
97c88547-33a9-4a59-b512-18fb381b01bd,336,13.440000,frente_barra,1
97c88547-33a9-4a59-b512-18fb381b01bd,337,13.480000,lado_interior_barra,1
97c88547-33a9-4a59-b512-18fb381b01bd,337,13.480000,frente_barra,1
97c88547-33a9-4a59-b512-18fb381b01bd,338,13.520000,lado_interior_barra,1
97c88547-33a9-4a59-b512-18fb381b01bd,338,13.520000,frente_barra,1
97c88547-33a9-4a59-b512-18fb381b01bd,339,13.560000,lado_interior_barra,1
97c88547-33a9-4a59-b512-18fb381b01bd,339,13.560000,frente_barra,1
97c88547-33a9-4a59-b512-18fb381b01bd,340,13.600000,lado_interior_barra,1
97c88547-33a9-4a59-b512-18fb381b01bd,340,13.600000,frente_barra,1
97c88547-33a9-4a59-b512-18fb381b01bd,341,13.640000,lado_interior_barra,1
97c88547-33a9-4a59-b512-18fb381b01bd,341,13.640000,frente_barra,1
97c88547-33a9-4a59-b512-18fb381b01bd,342,13.680000,lado_interior_barra,1
97c88547-33a9-4a59-b512-18fb381b01bd,342,13.680000,frente_barra,1
97c88547-33a9-4a59-b512-18fb381b01bd,343,13.720000,lado_interior_barra,1
97c88547-33a9-4a59-b512-18fb381b01bd,343,13.720000,frente_barra,1
97c88547-33a9-4a59-b512-18fb381b01bd,344,13.760000,lado_interior_barra,1
97c88547-33a9-4a59-b512-18fb381b01bd,344,13.760000,frente_barra,1
97c88547-33a9-4a59-b512-18fb381b01bd,345,13.800000,lado_interior_barra,1
97c88547-33a9-4a59-b512-18fb381b01bd,345,13.800000,frente_barra,1
97c88547-33a9-4a59-b512-18fb381b01bd,346,13.840000,lado_interior_barra,1
97c88547-33a9-4a59-b512-18fb381b01bd,346,13.840000,frente_barra,1
97c88547-33a9-4a59-b512-18fb381b01bd,347,13.880000,lado_interior_barra,1
97c88547-33a9-4a59-b512-18fb381b01bd,347,13.880000,frente_barra,1
97c88547-33a9-4a59-b512-18fb381b01bd,348,13.920000,lado_interior_barra,1
97c88547-33a9-4a59-b512-18fb381b01bd,348,13.920000,frente_barra,1
97c88547-33a9-4a59-b512-18fb381b01bd,349,13.960000,lado_interior_barra,1
97c88547-33a9-4a59-b512-18fb381b01bd,349,13.960000,frente_barra,1
97c88547-33a9-4a59-b512-18fb381b01bd,350,14.000000,lado_interior_barra,1
97c88547-33a9-4a59-b512-18fb381b01bd,350,14.000000,frente_barra,1
97c88547-33a9-4a59-b512-18fb381b01bd,351,14.040000,lado_interior_barra,1
97c88547-33a9-4a59-b512-18fb381b01bd,351,14.040000,frente_barra,1
97c88547-33a9-4a59-b512-18fb381b01bd,352,14.080000,lado_interior_barra,1
97c88547-33a9-4a59-b512-18fb381b01bd,352,14.080000,frente_barra,1
97c88547-33a9-4a59-b512-18fb381b01bd,353,14.120000,lado_interior_barra,1
97c88547-33a9-4a59-b512-18fb381b01bd,353,14.120000,frente_barra,1
97c88547-33a9-4a59-b512-18fb381b01bd,354,14.160000,lado_interior_barra,1
97c88547-33a9-4a59-b512-18fb381b01bd,354,14.160000,frente_barra,1
97c88547-33a9-4a59-b512-18fb381b01bd,355,14.200000,lado_interior_barra,1
97c88547-33a9-4a59-b512-18fb381b01bd,355,14.200000,frente_barra,1
97c88547-33a9-4a59-b512-18fb381b01bd,356,14.240000,lado_interior_barra,1
97c88547-33a9-4a59-b512-18fb381b01bd,356,14.240000,frente_barra,1
97c88547-33a9-4a59-b512-18fb381b01bd,357,14.280000,lado_interior_barra,1
97c88547-33a9-4a59-b512-18fb381b01bd,357,14.280000,frente_barra,1
97c88547-33a9-4a59-b512-18fb381b01bd,358,14.320000,lado_interior_barra,1
97c88547-33a9-4a59-b512-18fb381b01bd,358,14.320000,frente_barra,1
97c88547-33a9-4a59-b512-18fb381b01bd,359,14.360000,lado_interior_barra,1
97c88547-33a9-4a59-b512-18fb381b01bd,359,14.360000,frente_barra,1
97c88547-33a9-4a59-b512-18fb381b01bd,360,14.400000,lado_interior_barra,1
97c88547-33a9-4a59-b512-18fb381b01bd,360,14.400000,frente_barra,1
97c88547-33a9-4a59-b512-18fb381b01bd,361,14.440000,lado_interior_barra,1
97c88547-33a9-4a59-b512-18fb381b01bd,361,14.440000,frente_barra,1
97c88547-33a9-4a59-b512-18fb381b01bd,362,14.480000,lado_interior_barra,1
97c88547-33a9-4a59-b512-18fb381b01bd,362,14.480000,frente_barra,1
97c88547-33a9-4a59-b512-18fb381b01bd,363,14.520000,lado_interior_barra,1
97c88547-33a9-4a59-b512-18fb381b01bd,363,14.520000,frente_barra,1
97c88547-33a9-4a59-b512-18fb381b01bd,364,14.560000,lado_interior_barra,1
97c88547-33a9-4a59-b512-18fb381b01bd,364,14.560000,frente_barra,1
97c88547-33a9-4a59-b512-18fb381b01bd,365,14.600000,lado_interior_barra,1
97c88547-33a9-4a59-b512-18fb381b01bd,365,14.600000,frente_barra,1
97c88547-33a9-4a59-b512-18fb381b01bd,366,14.640000,lado_interior_barra,1
97c88547-33a9-4a59-b512-18fb381b01bd,366,14.640000,frente_barra,1
97c88547-33a9-4a59-b512-18fb381b01bd,367,14.680000,lado_interior_barra,1
97c88547-33a9-4a59-b512-18fb381b01bd,367,14.680000,frente_barra,1
97c88547-33a9-4a59-b512-18fb381b01bd,368,14.720000,lado_interior_barra,1
97c88547-33a9-4a59-b512-18fb381b01bd,368,14.720000,frente_barra,1
97c88547-33a9-4a59-b512-18fb381b01bd,369,14.760000,lado_interior_barra,1
97c88547-33a9-4a59-b512-18fb381b01bd,369,14.760000,frente_barra,1
97c88547-33a9-4a59-b512-18fb381b01bd,370,14.800000,lado_interior_barra,1
97c88547-33a9-4a59-b512-18fb381b01bd,370,14.800000,frente_barra,1
97c88547-33a9-4a59-b512-18fb381b01bd,371,14.840000,lado_interior_barra,1
97c88547-33a9-4a59-b512-18fb381b01bd,371,14.840000,frente_barra,1
97c88547-33a9-4a59-b512-18fb381b01bd,372,14.880000,lado_interior_barra,1
97c88547-33a9-4a59-b512-18fb381b01bd,372,14.880000,frente_barra,1
97c88547-33a9-4a59-b512-18fb381b01bd,373,14.920000,lado_interior_barra,1
97c88547-33a9-4a59-b512-18fb381b01bd,373,14.920000,frente_barra,1
97c88547-33a9-4a59-b512-18fb381b01bd,374,14.960000,lado_interior_barra,1
97c88547-33a9-4a59-b512-18fb381b01bd,374,14.960000,frente_barra,1
97c88547-33a9-4a59-b512-18fb381b01bd,375,15.000000,lado_interior_barra,1
97c88547-33a9-4a59-b512-18fb381b01bd,375,15.000000,frente_barra,1
97c88547-33a9-4a59-b512-18fb381b01bd,376,15.040000,lado_interior_barra,1
97c88547-33a9-4a59-b512-18fb381b01bd,376,15.040000,frente_barra,1
97c88547-33a9-4a59-b512-18fb381b01bd,377,15.080000,lado_interior_barra,1
97c88547-33a9-4a59-b512-18fb381b01bd,377,15.080000,frente_barra,1
97c88547-33a9-4a59-b512-18fb381b01bd,378,15.120000,lado_interior_barra,1
97c88547-33a9-4a59-b512-18fb381b01bd,378,15.120000,frente_barra,1
97c88547-33a9-4a59-b512-18fb381b01bd,379,15.160000,lado_interior_barra,1
97c88547-33a9-4a59-b512-18fb381b01bd,379,15.160000,frente_barra,1
97c88547-33a9-4a59-b512-18fb381b01bd,380,15.200000,lado_interior_barra,1
97c88547-33a9-4a59-b512-18fb381b01bd,380,15.200000,frente_barra,1
97c88547-33a9-4a59-b512-18fb381b01bd,381,15.240000,lado_interior_barra,1
97c88547-33a9-4a59-b512-18fb381b01bd,381,15.240000,frente_barra,1
97c88547-33a9-4a59-b512-18fb381b01bd,382,15.280000,lado_interior_barra,1
97c88547-33a9-4a59-b512-18fb381b01bd,382,15.280000,frente_barra,1
97c88547-33a9-4a59-b512-18fb381b01bd,383,15.320000,lado_interior_barra,1
97c88547-33a9-4a59-b512-18fb381b01bd,383,15.320000,frente_barra,1
97c88547-33a9-4a59-b512-18fb381b01bd,384,15.360000,lado_interior_barra,1
97c88547-33a9-4a59-b512-18fb381b01bd,384,15.360000,frente_barra,1
97c88547-33a9-4a59-b512-18fb381b01bd,385,15.400000,lado_interior_barra,1
97c88547-33a9-4a59-b512-18fb381b01bd,385,15.400000,frente_barra,1
97c88547-33a9-4a59-b512-18fb381b01bd,386,15.440000,lado_interior_barra,1
97c88547-33a9-4a59-b512-18fb381b01bd,386,15.440000,frente_barra,1
97c88547-33a9-4a59-b512-18fb381b01bd,387,15.480000,lado_interior_barra,1
97c88547-33a9-4a59-b512-18fb381b01bd,387,15.480000,frente_barra,1
97c88547-33a9-4a59-b512-18fb381b01bd,388,15.520000,lado_interior_barra,1
97c88547-33a9-4a59-b512-18fb381b01bd,388,15.520000,frente_barra,1
97c88547-33a9-4a59-b512-18fb381b01bd,389,15.560000,lado_interior_barra,1
97c88547-33a9-4a59-b512-18fb381b01bd,389,15.560000,frente_barra,1
97c88547-33a9-4a59-b512-18fb381b01bd,390,15.600000,lado_interior_barra,1
97c88547-33a9-4a59-b512-18fb381b01bd,390,15.600000,frente_barra,1
97c88547-33a9-4a59-b512-18fb381b01bd,391,15.640000,lado_interior_barra,1
97c88547-33a9-4a59-b512-18fb381b01bd,391,15.640000,frente_barra,1
97c88547-33a9-4a59-b512-18fb381b01bd,392,15.680000,lado_interior_barra,1
97c88547-33a9-4a59-b512-18fb381b01bd,392,15.680000,frente_barra,1
97c88547-33a9-4a59-b512-18fb381b01bd,393,15.720000,lado_interior_barra,1
97c88547-33a9-4a59-b512-18fb381b01bd,393,15.720000,frente_barra,1
97c88547-33a9-4a59-b512-18fb381b01bd,394,15.760000,lado_interior_barra,1
97c88547-33a9-4a59-b512-18fb381b01bd,394,15.760000,frente_barra,1
97c88547-33a9-4a59-b512-18fb381b01bd,395,15.800000,lado_interior_barra,1
97c88547-33a9-4a59-b512-18fb381b01bd,395,15.800000,frente_barra,1
97c88547-33a9-4a59-b512-18fb381b01bd,396,15.840000,lado_interior_barra,1
97c88547-33a9-4a59-b512-18fb381b01bd,396,15.840000,frente_barra,1
97c88547-33a9-4a59-b512-18fb381b01bd,397,15.880000,lado_interior_barra,1
97c88547-33a9-4a59-b512-18fb381b01bd,397,15.880000,frente_barra,1
97c88547-33a9-4a59-b512-18fb381b01bd,398,15.920000,lado_interior_barra,1
97c88547-33a9-4a59-b512-18fb381b01bd,398,15.920000,frente_barra,1
97c88547-33a9-4a59-b512-18fb381b01bd,399,15.960000,lado_interior_barra,1
97c88547-33a9-4a59-b512-18fb381b01bd,399,15.960000,frente_barra,1
97c88547-33a9-4a59-b512-18fb381b01bd,400,16.000000,lado_interior_barra,1
97c88547-33a9-4a59-b512-18fb381b01bd,400,16.000000,frente_barra,1
97c88547-33a9-4a59-b512-18fb381b01bd,401,16.040000,lado_interior_barra,1
97c88547-33a9-4a59-b512-18fb381b01bd,401,16.040000,frente_barra,1
97c88547-33a9-4a59-b512-18fb381b01bd,402,16.080000,lado_interior_barra,1
97c88547-33a9-4a59-b512-18fb381b01bd,402,16.080000,frente_barra,1
97c88547-33a9-4a59-b512-18fb381b01bd,403,16.120000,lado_interior_barra,1
97c88547-33a9-4a59-b512-18fb381b01bd,403,16.120000,frente_barra,1
97c88547-33a9-4a59-b512-18fb381b01bd,404,16.160000,lado_interior_barra,1
97c88547-33a9-4a59-b512-18fb381b01bd,404,16.160000,frente_barra,1
97c88547-33a9-4a59-b512-18fb381b01bd,405,16.200000,lado_interior_barra,1
97c88547-33a9-4a59-b512-18fb381b01bd,405,16.200000,frente_barra,1
97c88547-33a9-4a59-b512-18fb381b01bd,406,16.240000,lado_interior_barra,1
97c88547-33a9-4a59-b512-18fb381b01bd,406,16.240000,frente_barra,1
97c88547-33a9-4a59-b512-18fb381b01bd,407,16.280000,lado_interior_barra,1
97c88547-33a9-4a59-b512-18fb381b01bd,407,16.280000,frente_barra,1
97c88547-33a9-4a59-b512-18fb381b01bd,408,16.320000,lado_interior_barra,1
97c88547-33a9-4a59-b512-18fb381b01bd,408,16.320000,frente_barra,1
97c88547-33a9-4a59-b512-18fb381b01bd,409,16.360000,lado_interior_barra,1
97c88547-33a9-4a59-b512-18fb381b01bd,409,16.360000,frente_barra,1
97c88547-33a9-4a59-b512-18fb381b01bd,410,16.400000,lado_interior_barra,1
97c88547-33a9-4a59-b512-18fb381b01bd,410,16.400000,frente_barra,1
97c88547-33a9-4a59-b512-18fb381b01bd,411,16.440000,lado_interior_barra,1
97c88547-33a9-4a59-b512-18fb381b01bd,411,16.440000,frente_barra,1
97c88547-33a9-4a59-b512-18fb381b01bd,412,16.480000,lado_interior_barra,1
97c88547-33a9-4a59-b512-18fb381b01bd,412,16.480000,frente_barra,1
97c88547-33a9-4a59-b512-18fb381b01bd,413,16.520000,lado_interior_barra,1
97c88547-33a9-4a59-b512-18fb381b01bd,413,16.520000,frente_barra,1
97c88547-33a9-4a59-b512-18fb381b01bd,414,16.560000,lado_interior_barra,1
97c88547-33a9-4a59-b512-18fb381b01bd,414,16.560000,frente_barra,1
97c88547-33a9-4a59-b512-18fb381b01bd,415,16.600000,lado_interior_barra,1
97c88547-33a9-4a59-b512-18fb381b01bd,415,16.600000,frente_barra,1
97c88547-33a9-4a59-b512-18fb381b01bd,416,16.640000,lado_interior_barra,1
97c88547-33a9-4a59-b512-18fb381b01bd,416,16.640000,frente_barra,1
97c88547-33a9-4a59-b512-18fb381b01bd,417,16.680000,lado_interior_barra,1
97c88547-33a9-4a59-b512-18fb381b01bd,417,16.680000,frente_barra,1
97c88547-33a9-4a59-b512-18fb381b01bd,418,16.720000,lado_interior_barra,1
97c88547-33a9-4a59-b512-18fb381b01bd,418,16.720000,frente_barra,1
97c88547-33a9-4a59-b512-18fb381b01bd,419,16.760000,lado_interior_barra,1
97c88547-33a9-4a59-b512-18fb381b01bd,419,16.760000,frente_barra,1
97c88547-33a9-4a59-b512-18fb381b01bd,420,16.800000,lado_interior_barra,1
97c88547-33a9-4a59-b512-18fb381b01bd,420,16.800000,frente_barra,1
97c88547-33a9-4a59-b512-18fb381b01bd,421,16.840000,lado_interior_barra,1
97c88547-33a9-4a59-b512-18fb381b01bd,421,16.840000,frente_barra,1
97c88547-33a9-4a59-b512-18fb381b01bd,422,16.880000,lado_interior_barra,1
97c88547-33a9-4a59-b512-18fb381b01bd,422,16.880000,frente_barra,1
97c88547-33a9-4a59-b512-18fb381b01bd,423,16.920000,lado_interior_barra,1
97c88547-33a9-4a59-b512-18fb381b01bd,423,16.920000,frente_barra,1
97c88547-33a9-4a59-b512-18fb381b01bd,424,16.960000,lado_interior_barra,1
97c88547-33a9-4a59-b512-18fb381b01bd,424,16.960000,frente_barra,1
97c88547-33a9-4a59-b512-18fb381b01bd,425,17.000000,lado_interior_barra,1
97c88547-33a9-4a59-b512-18fb381b01bd,425,17.000000,frente_barra,1
97c88547-33a9-4a59-b512-18fb381b01bd,426,17.040000,lado_interior_barra,1
97c88547-33a9-4a59-b512-18fb381b01bd,426,17.040000,frente_barra,1
97c88547-33a9-4a59-b512-18fb381b01bd,427,17.080000,lado_interior_barra,1
97c88547-33a9-4a59-b512-18fb381b01bd,427,17.080000,frente_barra,1
97c88547-33a9-4a59-b512-18fb381b01bd,428,17.120000,lado_interior_barra,1
97c88547-33a9-4a59-b512-18fb381b01bd,428,17.120000,frente_barra,1
97c88547-33a9-4a59-b512-18fb381b01bd,429,17.160000,lado_interior_barra,1
97c88547-33a9-4a59-b512-18fb381b01bd,429,17.160000,frente_barra,1
97c88547-33a9-4a59-b512-18fb381b01bd,430,17.200000,lado_interior_barra,1
97c88547-33a9-4a59-b512-18fb381b01bd,430,17.200000,frente_barra,1
97c88547-33a9-4a59-b512-18fb381b01bd,431,17.240000,lado_interior_barra,1
97c88547-33a9-4a59-b512-18fb381b01bd,431,17.240000,frente_barra,1
97c88547-33a9-4a59-b512-18fb381b01bd,432,17.280000,lado_interior_barra,1
97c88547-33a9-4a59-b512-18fb381b01bd,432,17.280000,frente_barra,1
97c88547-33a9-4a59-b512-18fb381b01bd,433,17.320000,lado_interior_barra,1
97c88547-33a9-4a59-b512-18fb381b01bd,433,17.320000,frente_barra,1
97c88547-33a9-4a59-b512-18fb381b01bd,434,17.360000,lado_interior_barra,1
97c88547-33a9-4a59-b512-18fb381b01bd,434,17.360000,frente_barra,1
97c88547-33a9-4a59-b512-18fb381b01bd,435,17.400000,lado_interior_barra,1
97c88547-33a9-4a59-b512-18fb381b01bd,435,17.400000,frente_barra,1
97c88547-33a9-4a59-b512-18fb381b01bd,436,17.440000,lado_interior_barra,1
97c88547-33a9-4a59-b512-18fb381b01bd,436,17.440000,frente_barra,1
97c88547-33a9-4a59-b512-18fb381b01bd,437,17.480000,lado_interior_barra,1
97c88547-33a9-4a59-b512-18fb381b01bd,437,17.480000,frente_barra,1
97c88547-33a9-4a59-b512-18fb381b01bd,438,17.520000,lado_interior_barra,1
97c88547-33a9-4a59-b512-18fb381b01bd,438,17.520000,frente_barra,1
97c88547-33a9-4a59-b512-18fb381b01bd,439,17.560000,lado_interior_barra,1
97c88547-33a9-4a59-b512-18fb381b01bd,439,17.560000,frente_barra,1
97c88547-33a9-4a59-b512-18fb381b01bd,440,17.600000,lado_interior_barra,1
97c88547-33a9-4a59-b512-18fb381b01bd,440,17.600000,frente_barra,1
97c88547-33a9-4a59-b512-18fb381b01bd,441,17.640000,lado_interior_barra,1
97c88547-33a9-4a59-b512-18fb381b01bd,441,17.640000,frente_barra,1
97c88547-33a9-4a59-b512-18fb381b01bd,442,17.680000,lado_interior_barra,1
97c88547-33a9-4a59-b512-18fb381b01bd,442,17.680000,frente_barra,1
97c88547-33a9-4a59-b512-18fb381b01bd,443,17.720000,lado_interior_barra,1
97c88547-33a9-4a59-b512-18fb381b01bd,443,17.720000,frente_barra,1
97c88547-33a9-4a59-b512-18fb381b01bd,444,17.760000,lado_interior_barra,1
97c88547-33a9-4a59-b512-18fb381b01bd,444,17.760000,frente_barra,1
97c88547-33a9-4a59-b512-18fb381b01bd,445,17.800000,lado_interior_barra,1
97c88547-33a9-4a59-b512-18fb381b01bd,445,17.800000,frente_barra,1
97c88547-33a9-4a59-b512-18fb381b01bd,446,17.840000,lado_interior_barra,1
97c88547-33a9-4a59-b512-18fb381b01bd,446,17.840000,frente_barra,1
97c88547-33a9-4a59-b512-18fb381b01bd,447,17.880000,lado_interior_barra,1
97c88547-33a9-4a59-b512-18fb381b01bd,447,17.880000,frente_barra,1
97c88547-33a9-4a59-b512-18fb381b01bd,448,17.920000,lado_interior_barra,1
97c88547-33a9-4a59-b512-18fb381b01bd,448,17.920000,frente_barra,1
97c88547-33a9-4a59-b512-18fb381b01bd,449,17.960000,lado_interior_barra,1
97c88547-33a9-4a59-b512-18fb381b01bd,449,17.960000,frente_barra,1
97c88547-33a9-4a59-b512-18fb381b01bd,450,18.000000,lado_interior_barra,1
97c88547-33a9-4a59-b512-18fb381b01bd,450,18.000000,frente_barra,1
97c88547-33a9-4a59-b512-18fb381b01bd,451,18.040000,lado_interior_barra,1
97c88547-33a9-4a59-b512-18fb381b01bd,451,18.040000,frente_barra,1
97c88547-33a9-4a59-b512-18fb381b01bd,452,18.080000,lado_interior_barra,1
97c88547-33a9-4a59-b512-18fb381b01bd,452,18.080000,frente_barra,1
97c88547-33a9-4a59-b512-18fb381b01bd,453,18.120000,lado_interior_barra,1
97c88547-33a9-4a59-b512-18fb381b01bd,453,18.120000,frente_barra,1
97c88547-33a9-4a59-b512-18fb381b01bd,454,18.160000,lado_interior_barra,1
97c88547-33a9-4a59-b512-18fb381b01bd,454,18.160000,frente_barra,1
97c88547-33a9-4a59-b512-18fb381b01bd,455,18.200000,lado_interior_barra,1
97c88547-33a9-4a59-b512-18fb381b01bd,455,18.200000,frente_barra,1
97c88547-33a9-4a59-b512-18fb381b01bd,456,18.240000,lado_interior_barra,1
97c88547-33a9-4a59-b512-18fb381b01bd,456,18.240000,frente_barra,1
97c88547-33a9-4a59-b512-18fb381b01bd,457,18.280000,lado_interior_barra,1
97c88547-33a9-4a59-b512-18fb381b01bd,457,18.280000,frente_barra,1
97c88547-33a9-4a59-b512-18fb381b01bd,458,18.320000,lado_interior_barra,1
97c88547-33a9-4a59-b512-18fb381b01bd,458,18.320000,frente_barra,1
97c88547-33a9-4a59-b512-18fb381b01bd,459,18.360000,lado_interior_barra,1
97c88547-33a9-4a59-b512-18fb381b01bd,459,18.360000,frente_barra,1
97c88547-33a9-4a59-b512-18fb381b01bd,460,18.400000,lado_interior_barra,1
97c88547-33a9-4a59-b512-18fb381b01bd,460,18.400000,frente_barra,1
97c88547-33a9-4a59-b512-18fb381b01bd,461,18.440000,lado_interior_barra,1
97c88547-33a9-4a59-b512-18fb381b01bd,461,18.440000,frente_barra,1
97c88547-33a9-4a59-b512-18fb381b01bd,462,18.480000,lado_interior_barra,1
97c88547-33a9-4a59-b512-18fb381b01bd,462,18.480000,frente_barra,1
97c88547-33a9-4a59-b512-18fb381b01bd,463,18.520000,lado_interior_barra,1
97c88547-33a9-4a59-b512-18fb381b01bd,463,18.520000,frente_barra,1
97c88547-33a9-4a59-b512-18fb381b01bd,464,18.560000,lado_interior_barra,1
97c88547-33a9-4a59-b512-18fb381b01bd,464,18.560000,frente_barra,1
97c88547-33a9-4a59-b512-18fb381b01bd,465,18.600000,lado_interior_barra,1
97c88547-33a9-4a59-b512-18fb381b01bd,465,18.600000,frente_barra,1
97c88547-33a9-4a59-b512-18fb381b01bd,466,18.640000,lado_interior_barra,1
97c88547-33a9-4a59-b512-18fb381b01bd,466,18.640000,frente_barra,1
97c88547-33a9-4a59-b512-18fb381b01bd,467,18.680000,lado_interior_barra,1
97c88547-33a9-4a59-b512-18fb381b01bd,467,18.680000,frente_barra,1
97c88547-33a9-4a59-b512-18fb381b01bd,468,18.720000,lado_interior_barra,1
97c88547-33a9-4a59-b512-18fb381b01bd,468,18.720000,frente_barra,1
97c88547-33a9-4a59-b512-18fb381b01bd,469,18.760000,lado_interior_barra,1
97c88547-33a9-4a59-b512-18fb381b01bd,469,18.760000,frente_barra,1
97c88547-33a9-4a59-b512-18fb381b01bd,470,18.800000,lado_interior_barra,1
97c88547-33a9-4a59-b512-18fb381b01bd,470,18.800000,frente_barra,1
97c88547-33a9-4a59-b512-18fb381b01bd,471,18.840000,lado_interior_barra,1
97c88547-33a9-4a59-b512-18fb381b01bd,471,18.840000,frente_barra,1
97c88547-33a9-4a59-b512-18fb381b01bd,472,18.880000,lado_interior_barra,1
97c88547-33a9-4a59-b512-18fb381b01bd,472,18.880000,frente_barra,1
97c88547-33a9-4a59-b512-18fb381b01bd,473,18.920000,lado_interior_barra,1
97c88547-33a9-4a59-b512-18fb381b01bd,473,18.920000,frente_barra,1
97c88547-33a9-4a59-b512-18fb381b01bd,474,18.960000,lado_interior_barra,1
97c88547-33a9-4a59-b512-18fb381b01bd,474,18.960000,frente_barra,1
97c88547-33a9-4a59-b512-18fb381b01bd,475,19.000000,lado_interior_barra,1
97c88547-33a9-4a59-b512-18fb381b01bd,475,19.000000,frente_barra,1
97c88547-33a9-4a59-b512-18fb381b01bd,476,19.040000,lado_interior_barra,1
97c88547-33a9-4a59-b512-18fb381b01bd,476,19.040000,frente_barra,1
97c88547-33a9-4a59-b512-18fb381b01bd,477,19.080000,lado_interior_barra,1
97c88547-33a9-4a59-b512-18fb381b01bd,477,19.080000,frente_barra,1
97c88547-33a9-4a59-b512-18fb381b01bd,478,19.120000,lado_interior_barra,1
97c88547-33a9-4a59-b512-18fb381b01bd,478,19.120000,frente_barra,1
97c88547-33a9-4a59-b512-18fb381b01bd,479,19.160000,lado_interior_barra,1
97c88547-33a9-4a59-b512-18fb381b01bd,479,19.160000,frente_barra,1
97c88547-33a9-4a59-b512-18fb381b01bd,480,19.200000,lado_interior_barra,1
97c88547-33a9-4a59-b512-18fb381b01bd,480,19.200000,frente_barra,1
97c88547-33a9-4a59-b512-18fb381b01bd,481,19.240000,lado_interior_barra,1
97c88547-33a9-4a59-b512-18fb381b01bd,481,19.240000,frente_barra,1
97c88547-33a9-4a59-b512-18fb381b01bd,482,19.280000,lado_interior_barra,1
97c88547-33a9-4a59-b512-18fb381b01bd,482,19.280000,frente_barra,1
97c88547-33a9-4a59-b512-18fb381b01bd,483,19.320000,lado_interior_barra,1
97c88547-33a9-4a59-b512-18fb381b01bd,483,19.320000,frente_barra,1
97c88547-33a9-4a59-b512-18fb381b01bd,484,19.360000,lado_interior_barra,1
97c88547-33a9-4a59-b512-18fb381b01bd,484,19.360000,frente_barra,1
97c88547-33a9-4a59-b512-18fb381b01bd,485,19.400000,lado_interior_barra,1
97c88547-33a9-4a59-b512-18fb381b01bd,485,19.400000,frente_barra,1
97c88547-33a9-4a59-b512-18fb381b01bd,486,19.440000,lado_interior_barra,1
97c88547-33a9-4a59-b512-18fb381b01bd,486,19.440000,frente_barra,1
97c88547-33a9-4a59-b512-18fb381b01bd,487,19.480000,lado_interior_barra,1
97c88547-33a9-4a59-b512-18fb381b01bd,487,19.480000,frente_barra,1
97c88547-33a9-4a59-b512-18fb381b01bd,488,19.520000,lado_interior_barra,1
97c88547-33a9-4a59-b512-18fb381b01bd,488,19.520000,frente_barra,1
97c88547-33a9-4a59-b512-18fb381b01bd,489,19.560000,lado_interior_barra,1
97c88547-33a9-4a59-b512-18fb381b01bd,489,19.560000,frente_barra,1
97c88547-33a9-4a59-b512-18fb381b01bd,490,19.600000,lado_interior_barra,1
97c88547-33a9-4a59-b512-18fb381b01bd,490,19.600000,frente_barra,1
97c88547-33a9-4a59-b512-18fb381b01bd,491,19.640000,lado_interior_barra,1
97c88547-33a9-4a59-b512-18fb381b01bd,491,19.640000,frente_barra,1
97c88547-33a9-4a59-b512-18fb381b01bd,492,19.680000,lado_interior_barra,1
97c88547-33a9-4a59-b512-18fb381b01bd,492,19.680000,frente_barra,1
97c88547-33a9-4a59-b512-18fb381b01bd,493,19.720000,lado_interior_barra,1
97c88547-33a9-4a59-b512-18fb381b01bd,493,19.720000,frente_barra,1
97c88547-33a9-4a59-b512-18fb381b01bd,494,19.760000,lado_interior_barra,1
97c88547-33a9-4a59-b512-18fb381b01bd,494,19.760000,frente_barra,1
97c88547-33a9-4a59-b512-18fb381b01bd,495,19.800000,lado_interior_barra,1
97c88547-33a9-4a59-b512-18fb381b01bd,495,19.800000,frente_barra,1
97c88547-33a9-4a59-b512-18fb381b01bd,496,19.840000,lado_interior_barra,1
97c88547-33a9-4a59-b512-18fb381b01bd,496,19.840000,frente_barra,1
97c88547-33a9-4a59-b512-18fb381b01bd,497,19.880000,lado_interior_barra,1
97c88547-33a9-4a59-b512-18fb381b01bd,497,19.880000,frente_barra,1
97c88547-33a9-4a59-b512-18fb381b01bd,498,19.920000,lado_interior_barra,1
97c88547-33a9-4a59-b512-18fb381b01bd,498,19.920000,frente_barra,1
97c88547-33a9-4a59-b512-18fb381b01bd,499,19.960000,lado_interior_barra,1
97c88547-33a9-4a59-b512-18fb381b01bd,499,19.960000,frente_barra,1
97c88547-33a9-4a59-b512-18fb381b01bd,500,20.000000,lado_interior_barra,1
97c88547-33a9-4a59-b512-18fb381b01bd,500,20.000000,frente_barra,1
97c88547-33a9-4a59-b512-18fb381b01bd,501,20.040000,lado_interior_barra,1
97c88547-33a9-4a59-b512-18fb381b01bd,501,20.040000,frente_barra,1
97c88547-33a9-4a59-b512-18fb381b01bd,502,20.080000,lado_interior_barra,1
97c88547-33a9-4a59-b512-18fb381b01bd,502,20.080000,frente_barra,1
97c88547-33a9-4a59-b512-18fb381b01bd,503,20.120000,lado_interior_barra,1
97c88547-33a9-4a59-b512-18fb381b01bd,503,20.120000,frente_barra,1
97c88547-33a9-4a59-b512-18fb381b01bd,504,20.160000,lado_interior_barra,1
97c88547-33a9-4a59-b512-18fb381b01bd,504,20.160000,frente_barra,1
97c88547-33a9-4a59-b512-18fb381b01bd,505,20.200000,lado_interior_barra,1
97c88547-33a9-4a59-b512-18fb381b01bd,505,20.200000,frente_barra,1
97c88547-33a9-4a59-b512-18fb381b01bd,506,20.240000,lado_interior_barra,1
97c88547-33a9-4a59-b512-18fb381b01bd,506,20.240000,frente_barra,1
97c88547-33a9-4a59-b512-18fb381b01bd,507,20.280000,lado_interior_barra,1
97c88547-33a9-4a59-b512-18fb381b01bd,507,20.280000,frente_barra,1
97c88547-33a9-4a59-b512-18fb381b01bd,508,20.320000,lado_interior_barra,1
97c88547-33a9-4a59-b512-18fb381b01bd,508,20.320000,frente_barra,1
97c88547-33a9-4a59-b512-18fb381b01bd,509,20.360000,lado_interior_barra,1
97c88547-33a9-4a59-b512-18fb381b01bd,509,20.360000,frente_barra,1
97c88547-33a9-4a59-b512-18fb381b01bd,510,20.400000,lado_interior_barra,1
97c88547-33a9-4a59-b512-18fb381b01bd,510,20.400000,frente_barra,1
97c88547-33a9-4a59-b512-18fb381b01bd,511,20.440000,lado_interior_barra,1
97c88547-33a9-4a59-b512-18fb381b01bd,511,20.440000,frente_barra,1
97c88547-33a9-4a59-b512-18fb381b01bd,512,20.480000,lado_interior_barra,1
97c88547-33a9-4a59-b512-18fb381b01bd,512,20.480000,frente_barra,1
97c88547-33a9-4a59-b512-18fb381b01bd,513,20.520000,lado_interior_barra,1
97c88547-33a9-4a59-b512-18fb381b01bd,513,20.520000,frente_barra,1
97c88547-33a9-4a59-b512-18fb381b01bd,514,20.560000,lado_interior_barra,1
97c88547-33a9-4a59-b512-18fb381b01bd,514,20.560000,frente_barra,1
97c88547-33a9-4a59-b512-18fb381b01bd,515,20.600000,lado_interior_barra,1
97c88547-33a9-4a59-b512-18fb381b01bd,515,20.600000,frente_barra,1
97c88547-33a9-4a59-b512-18fb381b01bd,516,20.640000,lado_interior_barra,1
97c88547-33a9-4a59-b512-18fb381b01bd,516,20.640000,frente_barra,1
97c88547-33a9-4a59-b512-18fb381b01bd,517,20.680000,lado_interior_barra,1
97c88547-33a9-4a59-b512-18fb381b01bd,517,20.680000,frente_barra,1
97c88547-33a9-4a59-b512-18fb381b01bd,518,20.720000,lado_interior_barra,1
97c88547-33a9-4a59-b512-18fb381b01bd,518,20.720000,frente_barra,1
97c88547-33a9-4a59-b512-18fb381b01bd,519,20.760000,lado_interior_barra,1
97c88547-33a9-4a59-b512-18fb381b01bd,519,20.760000,frente_barra,1
97c88547-33a9-4a59-b512-18fb381b01bd,520,20.800000,lado_interior_barra,1
97c88547-33a9-4a59-b512-18fb381b01bd,520,20.800000,frente_barra,1
97c88547-33a9-4a59-b512-18fb381b01bd,521,20.840000,lado_interior_barra,1
97c88547-33a9-4a59-b512-18fb381b01bd,521,20.840000,frente_barra,1
97c88547-33a9-4a59-b512-18fb381b01bd,522,20.880000,lado_interior_barra,1
97c88547-33a9-4a59-b512-18fb381b01bd,522,20.880000,frente_barra,1
97c88547-33a9-4a59-b512-18fb381b01bd,523,20.920000,lado_interior_barra,1
97c88547-33a9-4a59-b512-18fb381b01bd,523,20.920000,frente_barra,1
97c88547-33a9-4a59-b512-18fb381b01bd,524,20.960000,lado_interior_barra,1
97c88547-33a9-4a59-b512-18fb381b01bd,524,20.960000,frente_barra,1
97c88547-33a9-4a59-b512-18fb381b01bd,525,21.000000,lado_interior_barra,1
97c88547-33a9-4a59-b512-18fb381b01bd,525,21.000000,frente_barra,1
97c88547-33a9-4a59-b512-18fb381b01bd,526,21.040000,lado_interior_barra,1
97c88547-33a9-4a59-b512-18fb381b01bd,526,21.040000,frente_barra,1
97c88547-33a9-4a59-b512-18fb381b01bd,527,21.080000,lado_interior_barra,1
97c88547-33a9-4a59-b512-18fb381b01bd,527,21.080000,frente_barra,1
97c88547-33a9-4a59-b512-18fb381b01bd,528,21.120000,lado_interior_barra,1
97c88547-33a9-4a59-b512-18fb381b01bd,528,21.120000,frente_barra,1
97c88547-33a9-4a59-b512-18fb381b01bd,529,21.160000,lado_interior_barra,1
97c88547-33a9-4a59-b512-18fb381b01bd,529,21.160000,frente_barra,1
97c88547-33a9-4a59-b512-18fb381b01bd,530,21.200000,lado_interior_barra,1
97c88547-33a9-4a59-b512-18fb381b01bd,530,21.200000,frente_barra,1
97c88547-33a9-4a59-b512-18fb381b01bd,531,21.240000,lado_interior_barra,1
97c88547-33a9-4a59-b512-18fb381b01bd,531,21.240000,frente_barra,1
97c88547-33a9-4a59-b512-18fb381b01bd,532,21.280000,lado_interior_barra,1
97c88547-33a9-4a59-b512-18fb381b01bd,532,21.280000,frente_barra,1
97c88547-33a9-4a59-b512-18fb381b01bd,533,21.320000,lado_interior_barra,1
97c88547-33a9-4a59-b512-18fb381b01bd,533,21.320000,frente_barra,1
97c88547-33a9-4a59-b512-18fb381b01bd,534,21.360000,lado_interior_barra,1
97c88547-33a9-4a59-b512-18fb381b01bd,534,21.360000,frente_barra,1
97c88547-33a9-4a59-b512-18fb381b01bd,535,21.400000,lado_interior_barra,1
97c88547-33a9-4a59-b512-18fb381b01bd,535,21.400000,frente_barra,1
97c88547-33a9-4a59-b512-18fb381b01bd,536,21.440000,lado_interior_barra,1
97c88547-33a9-4a59-b512-18fb381b01bd,536,21.440000,frente_barra,1
97c88547-33a9-4a59-b512-18fb381b01bd,537,21.480000,lado_interior_barra,1
97c88547-33a9-4a59-b512-18fb381b01bd,537,21.480000,frente_barra,1
97c88547-33a9-4a59-b512-18fb381b01bd,538,21.520000,lado_interior_barra,1
97c88547-33a9-4a59-b512-18fb381b01bd,538,21.520000,frente_barra,1
97c88547-33a9-4a59-b512-18fb381b01bd,539,21.560000,lado_interior_barra,1
97c88547-33a9-4a59-b512-18fb381b01bd,539,21.560000,frente_barra,1
97c88547-33a9-4a59-b512-18fb381b01bd,540,21.600000,lado_interior_barra,1
97c88547-33a9-4a59-b512-18fb381b01bd,540,21.600000,frente_barra,1
97c88547-33a9-4a59-b512-18fb381b01bd,541,21.640000,lado_interior_barra,1
97c88547-33a9-4a59-b512-18fb381b01bd,541,21.640000,frente_barra,1
97c88547-33a9-4a59-b512-18fb381b01bd,542,21.680000,lado_interior_barra,1
97c88547-33a9-4a59-b512-18fb381b01bd,542,21.680000,frente_barra,1
97c88547-33a9-4a59-b512-18fb381b01bd,543,21.720000,lado_interior_barra,1
97c88547-33a9-4a59-b512-18fb381b01bd,543,21.720000,frente_barra,1
97c88547-33a9-4a59-b512-18fb381b01bd,544,21.760000,lado_interior_barra,1
97c88547-33a9-4a59-b512-18fb381b01bd,544,21.760000,frente_barra,1
97c88547-33a9-4a59-b512-18fb381b01bd,545,21.800000,lado_interior_barra,1
97c88547-33a9-4a59-b512-18fb381b01bd,545,21.800000,frente_barra,1
97c88547-33a9-4a59-b512-18fb381b01bd,546,21.840000,lado_interior_barra,1
97c88547-33a9-4a59-b512-18fb381b01bd,546,21.840000,frente_barra,1
97c88547-33a9-4a59-b512-18fb381b01bd,547,21.880000,lado_interior_barra,1
97c88547-33a9-4a59-b512-18fb381b01bd,547,21.880000,frente_barra,1
97c88547-33a9-4a59-b512-18fb381b01bd,548,21.920000,lado_interior_barra,1
97c88547-33a9-4a59-b512-18fb381b01bd,548,21.920000,frente_barra,1
97c88547-33a9-4a59-b512-18fb381b01bd,549,21.960000,lado_interior_barra,1
97c88547-33a9-4a59-b512-18fb381b01bd,549,21.960000,frente_barra,1
97c88547-33a9-4a59-b512-18fb381b01bd,550,22.000000,lado_interior_barra,1
97c88547-33a9-4a59-b512-18fb381b01bd,550,22.000000,frente_barra,1
97c88547-33a9-4a59-b512-18fb381b01bd,551,22.040000,lado_interior_barra,1
97c88547-33a9-4a59-b512-18fb381b01bd,551,22.040000,frente_barra,1
97c88547-33a9-4a59-b512-18fb381b01bd,552,22.080000,lado_interior_barra,1
97c88547-33a9-4a59-b512-18fb381b01bd,552,22.080000,frente_barra,1
97c88547-33a9-4a59-b512-18fb381b01bd,553,22.120000,lado_interior_barra,1
97c88547-33a9-4a59-b512-18fb381b01bd,553,22.120000,frente_barra,1
97c88547-33a9-4a59-b512-18fb381b01bd,554,22.160000,lado_interior_barra,1
97c88547-33a9-4a59-b512-18fb381b01bd,554,22.160000,frente_barra,1
97c88547-33a9-4a59-b512-18fb381b01bd,555,22.200000,lado_interior_barra,1
97c88547-33a9-4a59-b512-18fb381b01bd,555,22.200000,frente_barra,1
97c88547-33a9-4a59-b512-18fb381b01bd,556,22.240000,lado_interior_barra,1
97c88547-33a9-4a59-b512-18fb381b01bd,556,22.240000,frente_barra,1
97c88547-33a9-4a59-b512-18fb381b01bd,557,22.280000,lado_interior_barra,1
97c88547-33a9-4a59-b512-18fb381b01bd,557,22.280000,frente_barra,1
97c88547-33a9-4a59-b512-18fb381b01bd,558,22.320000,lado_interior_barra,1
97c88547-33a9-4a59-b512-18fb381b01bd,558,22.320000,frente_barra,1
97c88547-33a9-4a59-b512-18fb381b01bd,559,22.360000,lado_interior_barra,1
97c88547-33a9-4a59-b512-18fb381b01bd,559,22.360000,frente_barra,1
97c88547-33a9-4a59-b512-18fb381b01bd,560,22.400000,lado_interior_barra,1
97c88547-33a9-4a59-b512-18fb381b01bd,560,22.400000,frente_barra,1
97c88547-33a9-4a59-b512-18fb381b01bd,561,22.440000,lado_interior_barra,1
97c88547-33a9-4a59-b512-18fb381b01bd,561,22.440000,frente_barra,1
97c88547-33a9-4a59-b512-18fb381b01bd,562,22.480000,lado_interior_barra,1
97c88547-33a9-4a59-b512-18fb381b01bd,562,22.480000,frente_barra,1
97c88547-33a9-4a59-b512-18fb381b01bd,563,22.520000,lado_interior_barra,1
97c88547-33a9-4a59-b512-18fb381b01bd,563,22.520000,frente_barra,1
97c88547-33a9-4a59-b512-18fb381b01bd,564,22.560000,lado_interior_barra,1
97c88547-33a9-4a59-b512-18fb381b01bd,564,22.560000,frente_barra,1
97c88547-33a9-4a59-b512-18fb381b01bd,565,22.600000,lado_interior_barra,1
97c88547-33a9-4a59-b512-18fb381b01bd,565,22.600000,frente_barra,1
97c88547-33a9-4a59-b512-18fb381b01bd,566,22.640000,lado_interior_barra,1
97c88547-33a9-4a59-b512-18fb381b01bd,566,22.640000,frente_barra,1
97c88547-33a9-4a59-b512-18fb381b01bd,567,22.680000,lado_interior_barra,1
97c88547-33a9-4a59-b512-18fb381b01bd,567,22.680000,frente_barra,1
97c88547-33a9-4a59-b512-18fb381b01bd,568,22.720000,lado_interior_barra,1
97c88547-33a9-4a59-b512-18fb381b01bd,568,22.720000,frente_barra,1
97c88547-33a9-4a59-b512-18fb381b01bd,569,22.760000,lado_interior_barra,1
97c88547-33a9-4a59-b512-18fb381b01bd,569,22.760000,frente_barra,1
97c88547-33a9-4a59-b512-18fb381b01bd,570,22.800000,lado_interior_barra,1
97c88547-33a9-4a59-b512-18fb381b01bd,570,22.800000,frente_barra,1
97c88547-33a9-4a59-b512-18fb381b01bd,571,22.840000,lado_interior_barra,1
97c88547-33a9-4a59-b512-18fb381b01bd,571,22.840000,frente_barra,1
97c88547-33a9-4a59-b512-18fb381b01bd,572,22.880000,lado_interior_barra,1
97c88547-33a9-4a59-b512-18fb381b01bd,572,22.880000,frente_barra,1
97c88547-33a9-4a59-b512-18fb381b01bd,573,22.920000,lado_interior_barra,1
97c88547-33a9-4a59-b512-18fb381b01bd,573,22.920000,frente_barra,1
97c88547-33a9-4a59-b512-18fb381b01bd,574,22.960000,lado_interior_barra,1
97c88547-33a9-4a59-b512-18fb381b01bd,574,22.960000,frente_barra,1
97c88547-33a9-4a59-b512-18fb381b01bd,575,23.000000,lado_interior_barra,1
97c88547-33a9-4a59-b512-18fb381b01bd,575,23.000000,frente_barra,1
97c88547-33a9-4a59-b512-18fb381b01bd,576,23.040000,lado_interior_barra,1
97c88547-33a9-4a59-b512-18fb381b01bd,576,23.040000,frente_barra,1
97c88547-33a9-4a59-b512-18fb381b01bd,577,23.080000,lado_interior_barra,1
97c88547-33a9-4a59-b512-18fb381b01bd,577,23.080000,frente_barra,1
97c88547-33a9-4a59-b512-18fb381b01bd,578,23.120000,lado_interior_barra,1
97c88547-33a9-4a59-b512-18fb381b01bd,578,23.120000,frente_barra,1
97c88547-33a9-4a59-b512-18fb381b01bd,579,23.160000,lado_interior_barra,1
97c88547-33a9-4a59-b512-18fb381b01bd,579,23.160000,frente_barra,1
97c88547-33a9-4a59-b512-18fb381b01bd,580,23.200000,lado_interior_barra,1
97c88547-33a9-4a59-b512-18fb381b01bd,580,23.200000,frente_barra,1
97c88547-33a9-4a59-b512-18fb381b01bd,581,23.240000,lado_interior_barra,1
97c88547-33a9-4a59-b512-18fb381b01bd,581,23.240000,frente_barra,1
97c88547-33a9-4a59-b512-18fb381b01bd,582,23.280000,lado_interior_barra,1
97c88547-33a9-4a59-b512-18fb381b01bd,582,23.280000,frente_barra,1
97c88547-33a9-4a59-b512-18fb381b01bd,583,23.320000,lado_interior_barra,1
97c88547-33a9-4a59-b512-18fb381b01bd,583,23.320000,frente_barra,1
97c88547-33a9-4a59-b512-18fb381b01bd,584,23.360000,lado_interior_barra,1
97c88547-33a9-4a59-b512-18fb381b01bd,584,23.360000,frente_barra,1
97c88547-33a9-4a59-b512-18fb381b01bd,585,23.400000,lado_interior_barra,1
97c88547-33a9-4a59-b512-18fb381b01bd,585,23.400000,frente_barra,1
97c88547-33a9-4a59-b512-18fb381b01bd,586,23.440000,lado_interior_barra,1
97c88547-33a9-4a59-b512-18fb381b01bd,586,23.440000,frente_barra,1
97c88547-33a9-4a59-b512-18fb381b01bd,587,23.480000,lado_interior_barra,1
97c88547-33a9-4a59-b512-18fb381b01bd,587,23.480000,frente_barra,1
97c88547-33a9-4a59-b512-18fb381b01bd,588,23.520000,lado_interior_barra,1
97c88547-33a9-4a59-b512-18fb381b01bd,588,23.520000,frente_barra,1
97c88547-33a9-4a59-b512-18fb381b01bd,589,23.560000,lado_interior_barra,1
97c88547-33a9-4a59-b512-18fb381b01bd,589,23.560000,frente_barra,1
97c88547-33a9-4a59-b512-18fb381b01bd,590,23.600000,lado_interior_barra,1
97c88547-33a9-4a59-b512-18fb381b01bd,590,23.600000,frente_barra,1
97c88547-33a9-4a59-b512-18fb381b01bd,591,23.640000,lado_interior_barra,1
97c88547-33a9-4a59-b512-18fb381b01bd,591,23.640000,frente_barra,1
97c88547-33a9-4a59-b512-18fb381b01bd,592,23.680000,lado_interior_barra,1
97c88547-33a9-4a59-b512-18fb381b01bd,592,23.680000,frente_barra,1
97c88547-33a9-4a59-b512-18fb381b01bd,593,23.720000,lado_interior_barra,1
97c88547-33a9-4a59-b512-18fb381b01bd,593,23.720000,frente_barra,1
97c88547-33a9-4a59-b512-18fb381b01bd,594,23.760000,lado_interior_barra,1
97c88547-33a9-4a59-b512-18fb381b01bd,594,23.760000,frente_barra,1
97c88547-33a9-4a59-b512-18fb381b01bd,595,23.800000,lado_interior_barra,1
97c88547-33a9-4a59-b512-18fb381b01bd,595,23.800000,frente_barra,1
97c88547-33a9-4a59-b512-18fb381b01bd,596,23.840000,lado_interior_barra,1
97c88547-33a9-4a59-b512-18fb381b01bd,596,23.840000,frente_barra,1
97c88547-33a9-4a59-b512-18fb381b01bd,597,23.880000,lado_interior_barra,1
97c88547-33a9-4a59-b512-18fb381b01bd,597,23.880000,frente_barra,1
97c88547-33a9-4a59-b512-18fb381b01bd,598,23.920000,lado_interior_barra,1
97c88547-33a9-4a59-b512-18fb381b01bd,598,23.920000,frente_barra,1
97c88547-33a9-4a59-b512-18fb381b01bd,599,23.960000,lado_interior_barra,1
97c88547-33a9-4a59-b512-18fb381b01bd,599,23.960000,frente_barra,1
97c88547-33a9-4a59-b512-18fb381b01bd,600,24.000000,lado_interior_barra,1
97c88547-33a9-4a59-b512-18fb381b01bd,600,24.000000,frente_barra,1
97c88547-33a9-4a59-b512-18fb381b01bd,601,24.040000,lado_interior_barra,1
97c88547-33a9-4a59-b512-18fb381b01bd,601,24.040000,frente_barra,1
97c88547-33a9-4a59-b512-18fb381b01bd,602,24.080000,lado_interior_barra,1
97c88547-33a9-4a59-b512-18fb381b01bd,602,24.080000,frente_barra,1
97c88547-33a9-4a59-b512-18fb381b01bd,603,24.120000,lado_interior_barra,1
97c88547-33a9-4a59-b512-18fb381b01bd,603,24.120000,frente_barra,1
97c88547-33a9-4a59-b512-18fb381b01bd,604,24.160000,lado_interior_barra,1
97c88547-33a9-4a59-b512-18fb381b01bd,604,24.160000,frente_barra,1
97c88547-33a9-4a59-b512-18fb381b01bd,605,24.200000,lado_interior_barra,1
97c88547-33a9-4a59-b512-18fb381b01bd,605,24.200000,frente_barra,1
97c88547-33a9-4a59-b512-18fb381b01bd,606,24.240000,lado_interior_barra,1
97c88547-33a9-4a59-b512-18fb381b01bd,606,24.240000,frente_barra,1
97c88547-33a9-4a59-b512-18fb381b01bd,607,24.280000,lado_interior_barra,1
97c88547-33a9-4a59-b512-18fb381b01bd,607,24.280000,frente_barra,1
97c88547-33a9-4a59-b512-18fb381b01bd,608,24.320000,lado_interior_barra,1
97c88547-33a9-4a59-b512-18fb381b01bd,608,24.320000,frente_barra,1
97c88547-33a9-4a59-b512-18fb381b01bd,609,24.360000,lado_interior_barra,1
97c88547-33a9-4a59-b512-18fb381b01bd,609,24.360000,frente_barra,1
97c88547-33a9-4a59-b512-18fb381b01bd,610,24.400000,lado_interior_barra,1
97c88547-33a9-4a59-b512-18fb381b01bd,610,24.400000,frente_barra,1
97c88547-33a9-4a59-b512-18fb381b01bd,611,24.440000,lado_interior_barra,1
97c88547-33a9-4a59-b512-18fb381b01bd,611,24.440000,frente_barra,1
97c88547-33a9-4a59-b512-18fb381b01bd,612,24.480000,lado_interior_barra,1
97c88547-33a9-4a59-b512-18fb381b01bd,612,24.480000,frente_barra,1
97c88547-33a9-4a59-b512-18fb381b01bd,613,24.520000,lado_interior_barra,1
97c88547-33a9-4a59-b512-18fb381b01bd,613,24.520000,frente_barra,1
97c88547-33a9-4a59-b512-18fb381b01bd,614,24.560000,lado_interior_barra,1
97c88547-33a9-4a59-b512-18fb381b01bd,614,24.560000,frente_barra,1
97c88547-33a9-4a59-b512-18fb381b01bd,615,24.600000,lado_interior_barra,1
97c88547-33a9-4a59-b512-18fb381b01bd,615,24.600000,frente_barra,1
97c88547-33a9-4a59-b512-18fb381b01bd,616,24.640000,lado_interior_barra,1
97c88547-33a9-4a59-b512-18fb381b01bd,616,24.640000,frente_barra,1
97c88547-33a9-4a59-b512-18fb381b01bd,617,24.680000,lado_interior_barra,1
97c88547-33a9-4a59-b512-18fb381b01bd,617,24.680000,frente_barra,1
97c88547-33a9-4a59-b512-18fb381b01bd,618,24.720000,lado_interior_barra,1
97c88547-33a9-4a59-b512-18fb381b01bd,618,24.720000,frente_barra,1
97c88547-33a9-4a59-b512-18fb381b01bd,619,24.760000,lado_interior_barra,1
97c88547-33a9-4a59-b512-18fb381b01bd,619,24.760000,frente_barra,1
97c88547-33a9-4a59-b512-18fb381b01bd,620,24.800000,lado_interior_barra,1
97c88547-33a9-4a59-b512-18fb381b01bd,620,24.800000,frente_barra,1
97c88547-33a9-4a59-b512-18fb381b01bd,621,24.840000,lado_interior_barra,1
97c88547-33a9-4a59-b512-18fb381b01bd,621,24.840000,frente_barra,1
97c88547-33a9-4a59-b512-18fb381b01bd,622,24.880000,lado_interior_barra,1
97c88547-33a9-4a59-b512-18fb381b01bd,622,24.880000,frente_barra,1
97c88547-33a9-4a59-b512-18fb381b01bd,623,24.920000,lado_interior_barra,1
97c88547-33a9-4a59-b512-18fb381b01bd,623,24.920000,frente_barra,1
97c88547-33a9-4a59-b512-18fb381b01bd,624,24.960000,lado_interior_barra,1
97c88547-33a9-4a59-b512-18fb381b01bd,624,24.960000,frente_barra,1
97c88547-33a9-4a59-b512-18fb381b01bd,625,25.000000,lado_interior_barra,1
97c88547-33a9-4a59-b512-18fb381b01bd,625,25.000000,frente_barra,1
97c88547-33a9-4a59-b512-18fb381b01bd,626,25.040000,lado_interior_barra,1
97c88547-33a9-4a59-b512-18fb381b01bd,626,25.040000,frente_barra,1
97c88547-33a9-4a59-b512-18fb381b01bd,627,25.080000,lado_interior_barra,1
97c88547-33a9-4a59-b512-18fb381b01bd,627,25.080000,frente_barra,1
97c88547-33a9-4a59-b512-18fb381b01bd,628,25.120000,lado_interior_barra,1
97c88547-33a9-4a59-b512-18fb381b01bd,628,25.120000,frente_barra,1
97c88547-33a9-4a59-b512-18fb381b01bd,629,25.160000,lado_interior_barra,1
97c88547-33a9-4a59-b512-18fb381b01bd,629,25.160000,frente_barra,1
97c88547-33a9-4a59-b512-18fb381b01bd,630,25.200000,lado_interior_barra,1
97c88547-33a9-4a59-b512-18fb381b01bd,630,25.200000,frente_barra,1
97c88547-33a9-4a59-b512-18fb381b01bd,631,25.240000,lado_interior_barra,1
97c88547-33a9-4a59-b512-18fb381b01bd,631,25.240000,frente_barra,1
97c88547-33a9-4a59-b512-18fb381b01bd,632,25.280000,lado_interior_barra,1
97c88547-33a9-4a59-b512-18fb381b01bd,632,25.280000,frente_barra,1
97c88547-33a9-4a59-b512-18fb381b01bd,633,25.320000,lado_interior_barra,1
97c88547-33a9-4a59-b512-18fb381b01bd,633,25.320000,frente_barra,1
97c88547-33a9-4a59-b512-18fb381b01bd,634,25.360000,lado_interior_barra,1
97c88547-33a9-4a59-b512-18fb381b01bd,634,25.360000,frente_barra,1
97c88547-33a9-4a59-b512-18fb381b01bd,635,25.400000,lado_interior_barra,1
97c88547-33a9-4a59-b512-18fb381b01bd,635,25.400000,frente_barra,1
97c88547-33a9-4a59-b512-18fb381b01bd,636,25.440000,lado_interior_barra,1
97c88547-33a9-4a59-b512-18fb381b01bd,636,25.440000,frente_barra,1
97c88547-33a9-4a59-b512-18fb381b01bd,637,25.480000,lado_interior_barra,1
97c88547-33a9-4a59-b512-18fb381b01bd,637,25.480000,frente_barra,1
97c88547-33a9-4a59-b512-18fb381b01bd,638,25.520000,lado_interior_barra,1
97c88547-33a9-4a59-b512-18fb381b01bd,638,25.520000,frente_barra,1
97c88547-33a9-4a59-b512-18fb381b01bd,639,25.560000,lado_interior_barra,1
97c88547-33a9-4a59-b512-18fb381b01bd,639,25.560000,frente_barra,1
97c88547-33a9-4a59-b512-18fb381b01bd,640,25.600000,lado_interior_barra,1
97c88547-33a9-4a59-b512-18fb381b01bd,640,25.600000,frente_barra,1
97c88547-33a9-4a59-b512-18fb381b01bd,641,25.640000,lado_interior_barra,1
97c88547-33a9-4a59-b512-18fb381b01bd,641,25.640000,frente_barra,1
97c88547-33a9-4a59-b512-18fb381b01bd,642,25.680000,lado_interior_barra,1
97c88547-33a9-4a59-b512-18fb381b01bd,642,25.680000,frente_barra,1
97c88547-33a9-4a59-b512-18fb381b01bd,643,25.720000,lado_interior_barra,1
97c88547-33a9-4a59-b512-18fb381b01bd,643,25.720000,frente_barra,1
97c88547-33a9-4a59-b512-18fb381b01bd,644,25.760000,lado_interior_barra,1
97c88547-33a9-4a59-b512-18fb381b01bd,644,25.760000,frente_barra,1
97c88547-33a9-4a59-b512-18fb381b01bd,645,25.800000,lado_interior_barra,1
97c88547-33a9-4a59-b512-18fb381b01bd,645,25.800000,frente_barra,1
97c88547-33a9-4a59-b512-18fb381b01bd,646,25.840000,lado_interior_barra,1
97c88547-33a9-4a59-b512-18fb381b01bd,646,25.840000,frente_barra,1
97c88547-33a9-4a59-b512-18fb381b01bd,647,25.880000,lado_interior_barra,1
97c88547-33a9-4a59-b512-18fb381b01bd,647,25.880000,frente_barra,1
97c88547-33a9-4a59-b512-18fb381b01bd,648,25.920000,lado_interior_barra,1
97c88547-33a9-4a59-b512-18fb381b01bd,648,25.920000,frente_barra,1
97c88547-33a9-4a59-b512-18fb381b01bd,649,25.960000,lado_interior_barra,1
97c88547-33a9-4a59-b512-18fb381b01bd,649,25.960000,frente_barra,1
97c88547-33a9-4a59-b512-18fb381b01bd,650,26.000000,lado_interior_barra,1
97c88547-33a9-4a59-b512-18fb381b01bd,650,26.000000,frente_barra,1
97c88547-33a9-4a59-b512-18fb381b01bd,651,26.040000,lado_interior_barra,1
97c88547-33a9-4a59-b512-18fb381b01bd,651,26.040000,frente_barra,1
97c88547-33a9-4a59-b512-18fb381b01bd,652,26.080000,lado_interior_barra,1
97c88547-33a9-4a59-b512-18fb381b01bd,652,26.080000,frente_barra,1
97c88547-33a9-4a59-b512-18fb381b01bd,653,26.120000,lado_interior_barra,1
97c88547-33a9-4a59-b512-18fb381b01bd,653,26.120000,frente_barra,1
97c88547-33a9-4a59-b512-18fb381b01bd,654,26.160000,lado_interior_barra,1
97c88547-33a9-4a59-b512-18fb381b01bd,654,26.160000,frente_barra,1
97c88547-33a9-4a59-b512-18fb381b01bd,655,26.200000,lado_interior_barra,1
97c88547-33a9-4a59-b512-18fb381b01bd,655,26.200000,frente_barra,1
97c88547-33a9-4a59-b512-18fb381b01bd,656,26.240000,lado_interior_barra,1
97c88547-33a9-4a59-b512-18fb381b01bd,656,26.240000,frente_barra,1
97c88547-33a9-4a59-b512-18fb381b01bd,657,26.280000,lado_interior_barra,1
97c88547-33a9-4a59-b512-18fb381b01bd,657,26.280000,frente_barra,1
97c88547-33a9-4a59-b512-18fb381b01bd,658,26.320000,lado_interior_barra,1
97c88547-33a9-4a59-b512-18fb381b01bd,658,26.320000,frente_barra,1
97c88547-33a9-4a59-b512-18fb381b01bd,659,26.360000,lado_interior_barra,1
97c88547-33a9-4a59-b512-18fb381b01bd,659,26.360000,frente_barra,1
97c88547-33a9-4a59-b512-18fb381b01bd,660,26.400000,lado_interior_barra,1
97c88547-33a9-4a59-b512-18fb381b01bd,660,26.400000,frente_barra,1
97c88547-33a9-4a59-b512-18fb381b01bd,661,26.440000,lado_interior_barra,1
97c88547-33a9-4a59-b512-18fb381b01bd,661,26.440000,frente_barra,1
97c88547-33a9-4a59-b512-18fb381b01bd,662,26.480000,lado_interior_barra,1
97c88547-33a9-4a59-b512-18fb381b01bd,662,26.480000,frente_barra,1
97c88547-33a9-4a59-b512-18fb381b01bd,663,26.520000,lado_interior_barra,1
97c88547-33a9-4a59-b512-18fb381b01bd,663,26.520000,frente_barra,1
97c88547-33a9-4a59-b512-18fb381b01bd,664,26.560000,lado_interior_barra,1
97c88547-33a9-4a59-b512-18fb381b01bd,664,26.560000,frente_barra,1
97c88547-33a9-4a59-b512-18fb381b01bd,665,26.600000,lado_interior_barra,1
97c88547-33a9-4a59-b512-18fb381b01bd,665,26.600000,frente_barra,1
97c88547-33a9-4a59-b512-18fb381b01bd,666,26.640000,lado_interior_barra,1
97c88547-33a9-4a59-b512-18fb381b01bd,666,26.640000,frente_barra,1
97c88547-33a9-4a59-b512-18fb381b01bd,667,26.680000,lado_interior_barra,1
97c88547-33a9-4a59-b512-18fb381b01bd,667,26.680000,frente_barra,1
97c88547-33a9-4a59-b512-18fb381b01bd,668,26.720000,lado_interior_barra,1
97c88547-33a9-4a59-b512-18fb381b01bd,668,26.720000,frente_barra,1
97c88547-33a9-4a59-b512-18fb381b01bd,669,26.760000,lado_interior_barra,1
97c88547-33a9-4a59-b512-18fb381b01bd,669,26.760000,frente_barra,1
97c88547-33a9-4a59-b512-18fb381b01bd,670,26.800000,lado_interior_barra,1
97c88547-33a9-4a59-b512-18fb381b01bd,670,26.800000,frente_barra,1
97c88547-33a9-4a59-b512-18fb381b01bd,671,26.840000,lado_interior_barra,1
97c88547-33a9-4a59-b512-18fb381b01bd,671,26.840000,frente_barra,1
97c88547-33a9-4a59-b512-18fb381b01bd,672,26.880000,lado_interior_barra,1
97c88547-33a9-4a59-b512-18fb381b01bd,672,26.880000,frente_barra,1
97c88547-33a9-4a59-b512-18fb381b01bd,673,26.920000,lado_interior_barra,1
97c88547-33a9-4a59-b512-18fb381b01bd,673,26.920000,frente_barra,1
97c88547-33a9-4a59-b512-18fb381b01bd,674,26.960000,lado_interior_barra,1
97c88547-33a9-4a59-b512-18fb381b01bd,674,26.960000,frente_barra,1
97c88547-33a9-4a59-b512-18fb381b01bd,675,27.000000,lado_interior_barra,1
97c88547-33a9-4a59-b512-18fb381b01bd,675,27.000000,frente_barra,1
97c88547-33a9-4a59-b512-18fb381b01bd,676,27.040000,lado_interior_barra,1
97c88547-33a9-4a59-b512-18fb381b01bd,676,27.040000,frente_barra,1
97c88547-33a9-4a59-b512-18fb381b01bd,677,27.080000,lado_interior_barra,1
97c88547-33a9-4a59-b512-18fb381b01bd,677,27.080000,frente_barra,1
97c88547-33a9-4a59-b512-18fb381b01bd,678,27.120000,lado_interior_barra,1
97c88547-33a9-4a59-b512-18fb381b01bd,678,27.120000,frente_barra,1
97c88547-33a9-4a59-b512-18fb381b01bd,679,27.160000,lado_interior_barra,1
97c88547-33a9-4a59-b512-18fb381b01bd,679,27.160000,frente_barra,1
97c88547-33a9-4a59-b512-18fb381b01bd,680,27.200000,lado_interior_barra,1
97c88547-33a9-4a59-b512-18fb381b01bd,680,27.200000,frente_barra,1
97c88547-33a9-4a59-b512-18fb381b01bd,681,27.240000,lado_interior_barra,1
97c88547-33a9-4a59-b512-18fb381b01bd,681,27.240000,frente_barra,1
97c88547-33a9-4a59-b512-18fb381b01bd,682,27.280000,lado_interior_barra,1
97c88547-33a9-4a59-b512-18fb381b01bd,682,27.280000,frente_barra,1
97c88547-33a9-4a59-b512-18fb381b01bd,683,27.320000,lado_interior_barra,1
97c88547-33a9-4a59-b512-18fb381b01bd,683,27.320000,frente_barra,1
97c88547-33a9-4a59-b512-18fb381b01bd,684,27.360000,lado_interior_barra,1
97c88547-33a9-4a59-b512-18fb381b01bd,684,27.360000,frente_barra,1
97c88547-33a9-4a59-b512-18fb381b01bd,685,27.400000,lado_interior_barra,1
97c88547-33a9-4a59-b512-18fb381b01bd,685,27.400000,frente_barra,1
97c88547-33a9-4a59-b512-18fb381b01bd,686,27.440000,lado_interior_barra,1
97c88547-33a9-4a59-b512-18fb381b01bd,686,27.440000,frente_barra,1
97c88547-33a9-4a59-b512-18fb381b01bd,687,27.480000,lado_interior_barra,1
97c88547-33a9-4a59-b512-18fb381b01bd,687,27.480000,frente_barra,1
97c88547-33a9-4a59-b512-18fb381b01bd,688,27.520000,lado_interior_barra,1
97c88547-33a9-4a59-b512-18fb381b01bd,688,27.520000,frente_barra,1
97c88547-33a9-4a59-b512-18fb381b01bd,689,27.560000,lado_interior_barra,1
97c88547-33a9-4a59-b512-18fb381b01bd,689,27.560000,frente_barra,1
97c88547-33a9-4a59-b512-18fb381b01bd,690,27.600000,lado_interior_barra,1
97c88547-33a9-4a59-b512-18fb381b01bd,690,27.600000,frente_barra,1
97c88547-33a9-4a59-b512-18fb381b01bd,691,27.640000,lado_interior_barra,1
97c88547-33a9-4a59-b512-18fb381b01bd,691,27.640000,frente_barra,1
97c88547-33a9-4a59-b512-18fb381b01bd,692,27.680000,lado_interior_barra,1
97c88547-33a9-4a59-b512-18fb381b01bd,692,27.680000,frente_barra,1
97c88547-33a9-4a59-b512-18fb381b01bd,693,27.720000,lado_interior_barra,1
97c88547-33a9-4a59-b512-18fb381b01bd,693,27.720000,frente_barra,1
97c88547-33a9-4a59-b512-18fb381b01bd,694,27.760000,lado_interior_barra,1
97c88547-33a9-4a59-b512-18fb381b01bd,694,27.760000,frente_barra,1
97c88547-33a9-4a59-b512-18fb381b01bd,695,27.800000,lado_interior_barra,1
97c88547-33a9-4a59-b512-18fb381b01bd,695,27.800000,frente_barra,1
97c88547-33a9-4a59-b512-18fb381b01bd,696,27.840000,lado_interior_barra,1
97c88547-33a9-4a59-b512-18fb381b01bd,696,27.840000,frente_barra,1
97c88547-33a9-4a59-b512-18fb381b01bd,697,27.880000,lado_interior_barra,1
97c88547-33a9-4a59-b512-18fb381b01bd,697,27.880000,frente_barra,1
97c88547-33a9-4a59-b512-18fb381b01bd,698,27.920000,lado_interior_barra,1
97c88547-33a9-4a59-b512-18fb381b01bd,698,27.920000,frente_barra,1
97c88547-33a9-4a59-b512-18fb381b01bd,699,27.960000,lado_interior_barra,1
97c88547-33a9-4a59-b512-18fb381b01bd,699,27.960000,frente_barra,1
97c88547-33a9-4a59-b512-18fb381b01bd,700,28.000000,lado_interior_barra,1
97c88547-33a9-4a59-b512-18fb381b01bd,700,28.000000,frente_barra,1
97c88547-33a9-4a59-b512-18fb381b01bd,701,28.040000,lado_interior_barra,1
97c88547-33a9-4a59-b512-18fb381b01bd,701,28.040000,frente_barra,1
97c88547-33a9-4a59-b512-18fb381b01bd,702,28.080000,lado_interior_barra,1
97c88547-33a9-4a59-b512-18fb381b01bd,702,28.080000,frente_barra,1
97c88547-33a9-4a59-b512-18fb381b01bd,703,28.120000,lado_interior_barra,1
97c88547-33a9-4a59-b512-18fb381b01bd,703,28.120000,frente_barra,1
97c88547-33a9-4a59-b512-18fb381b01bd,704,28.160000,lado_interior_barra,1
97c88547-33a9-4a59-b512-18fb381b01bd,704,28.160000,frente_barra,1
97c88547-33a9-4a59-b512-18fb381b01bd,705,28.200000,lado_interior_barra,1
97c88547-33a9-4a59-b512-18fb381b01bd,705,28.200000,frente_barra,1
97c88547-33a9-4a59-b512-18fb381b01bd,706,28.240000,lado_interior_barra,1
97c88547-33a9-4a59-b512-18fb381b01bd,706,28.240000,frente_barra,1
97c88547-33a9-4a59-b512-18fb381b01bd,707,28.280000,lado_interior_barra,1
97c88547-33a9-4a59-b512-18fb381b01bd,707,28.280000,frente_barra,1
97c88547-33a9-4a59-b512-18fb381b01bd,708,28.320000,lado_interior_barra,1
97c88547-33a9-4a59-b512-18fb381b01bd,708,28.320000,frente_barra,1
97c88547-33a9-4a59-b512-18fb381b01bd,709,28.360000,lado_interior_barra,1
97c88547-33a9-4a59-b512-18fb381b01bd,709,28.360000,frente_barra,1
97c88547-33a9-4a59-b512-18fb381b01bd,710,28.400000,lado_interior_barra,1
97c88547-33a9-4a59-b512-18fb381b01bd,710,28.400000,frente_barra,1
97c88547-33a9-4a59-b512-18fb381b01bd,711,28.440000,lado_interior_barra,1
97c88547-33a9-4a59-b512-18fb381b01bd,711,28.440000,frente_barra,1
97c88547-33a9-4a59-b512-18fb381b01bd,712,28.480000,lado_interior_barra,1
97c88547-33a9-4a59-b512-18fb381b01bd,712,28.480000,frente_barra,1
97c88547-33a9-4a59-b512-18fb381b01bd,713,28.520000,lado_interior_barra,1
97c88547-33a9-4a59-b512-18fb381b01bd,713,28.520000,frente_barra,1
97c88547-33a9-4a59-b512-18fb381b01bd,714,28.560000,lado_interior_barra,1
97c88547-33a9-4a59-b512-18fb381b01bd,714,28.560000,frente_barra,1
97c88547-33a9-4a59-b512-18fb381b01bd,715,28.600000,lado_interior_barra,1
97c88547-33a9-4a59-b512-18fb381b01bd,715,28.600000,frente_barra,1
97c88547-33a9-4a59-b512-18fb381b01bd,716,28.640000,lado_interior_barra,1
97c88547-33a9-4a59-b512-18fb381b01bd,716,28.640000,frente_barra,1
97c88547-33a9-4a59-b512-18fb381b01bd,717,28.680000,lado_interior_barra,1
97c88547-33a9-4a59-b512-18fb381b01bd,717,28.680000,frente_barra,1
97c88547-33a9-4a59-b512-18fb381b01bd,718,28.720000,lado_interior_barra,1
97c88547-33a9-4a59-b512-18fb381b01bd,718,28.720000,frente_barra,1
97c88547-33a9-4a59-b512-18fb381b01bd,719,28.760000,lado_interior_barra,1
97c88547-33a9-4a59-b512-18fb381b01bd,719,28.760000,frente_barra,1
97c88547-33a9-4a59-b512-18fb381b01bd,720,28.800000,lado_interior_barra,1
97c88547-33a9-4a59-b512-18fb381b01bd,720,28.800000,frente_barra,1
97c88547-33a9-4a59-b512-18fb381b01bd,721,28.840000,lado_interior_barra,1
97c88547-33a9-4a59-b512-18fb381b01bd,721,28.840000,frente_barra,1
97c88547-33a9-4a59-b512-18fb381b01bd,722,28.880000,lado_interior_barra,1
97c88547-33a9-4a59-b512-18fb381b01bd,722,28.880000,frente_barra,1
97c88547-33a9-4a59-b512-18fb381b01bd,723,28.920000,lado_interior_barra,1
97c88547-33a9-4a59-b512-18fb381b01bd,723,28.920000,frente_barra,1
97c88547-33a9-4a59-b512-18fb381b01bd,724,28.960000,lado_interior_barra,1
97c88547-33a9-4a59-b512-18fb381b01bd,724,28.960000,frente_barra,1
97c88547-33a9-4a59-b512-18fb381b01bd,725,29.000000,lado_interior_barra,1
97c88547-33a9-4a59-b512-18fb381b01bd,725,29.000000,frente_barra,1
97c88547-33a9-4a59-b512-18fb381b01bd,726,29.040000,lado_interior_barra,1
97c88547-33a9-4a59-b512-18fb381b01bd,726,29.040000,frente_barra,1
97c88547-33a9-4a59-b512-18fb381b01bd,727,29.080000,lado_interior_barra,1
97c88547-33a9-4a59-b512-18fb381b01bd,727,29.080000,frente_barra,1
97c88547-33a9-4a59-b512-18fb381b01bd,728,29.120000,lado_interior_barra,1
97c88547-33a9-4a59-b512-18fb381b01bd,728,29.120000,frente_barra,1
97c88547-33a9-4a59-b512-18fb381b01bd,729,29.160000,lado_interior_barra,1
97c88547-33a9-4a59-b512-18fb381b01bd,729,29.160000,frente_barra,1
97c88547-33a9-4a59-b512-18fb381b01bd,730,29.200000,lado_interior_barra,1
97c88547-33a9-4a59-b512-18fb381b01bd,730,29.200000,frente_barra,1
97c88547-33a9-4a59-b512-18fb381b01bd,731,29.240000,lado_interior_barra,1
97c88547-33a9-4a59-b512-18fb381b01bd,731,29.240000,frente_barra,1
97c88547-33a9-4a59-b512-18fb381b01bd,732,29.280000,lado_interior_barra,1
97c88547-33a9-4a59-b512-18fb381b01bd,732,29.280000,frente_barra,1
97c88547-33a9-4a59-b512-18fb381b01bd,733,29.320000,lado_interior_barra,1
97c88547-33a9-4a59-b512-18fb381b01bd,733,29.320000,frente_barra,1
97c88547-33a9-4a59-b512-18fb381b01bd,734,29.360000,lado_interior_barra,1
97c88547-33a9-4a59-b512-18fb381b01bd,734,29.360000,frente_barra,1
97c88547-33a9-4a59-b512-18fb381b01bd,735,29.400000,lado_interior_barra,1
97c88547-33a9-4a59-b512-18fb381b01bd,735,29.400000,frente_barra,0
97c88547-33a9-4a59-b512-18fb381b01bd,736,29.440000,lado_interior_barra,1
97c88547-33a9-4a59-b512-18fb381b01bd,736,29.440000,frente_barra,0
97c88547-33a9-4a59-b512-18fb381b01bd,737,29.480000,lado_interior_barra,1
97c88547-33a9-4a59-b512-18fb381b01bd,737,29.480000,frente_barra,0
97c88547-33a9-4a59-b512-18fb381b01bd,738,29.520000,lado_interior_barra,1
97c88547-33a9-4a59-b512-18fb381b01bd,738,29.520000,frente_barra,0
97c88547-33a9-4a59-b512-18fb381b01bd,739,29.560000,lado_interior_barra,1
97c88547-33a9-4a59-b512-18fb381b01bd,739,29.560000,frente_barra,0
97c88547-33a9-4a59-b512-18fb381b01bd,740,29.600000,lado_interior_barra,1
97c88547-33a9-4a59-b512-18fb381b01bd,740,29.600000,frente_barra,0
97c88547-33a9-4a59-b512-18fb381b01bd,741,29.640000,lado_interior_barra,1
97c88547-33a9-4a59-b512-18fb381b01bd,741,29.640000,frente_barra,0
97c88547-33a9-4a59-b512-18fb381b01bd,742,29.680000,lado_interior_barra,1
97c88547-33a9-4a59-b512-18fb381b01bd,742,29.680000,frente_barra,0
97c88547-33a9-4a59-b512-18fb381b01bd,743,29.720000,lado_interior_barra,1
97c88547-33a9-4a59-b512-18fb381b01bd,743,29.720000,frente_barra,0
97c88547-33a9-4a59-b512-18fb381b01bd,744,29.760000,lado_interior_barra,1
97c88547-33a9-4a59-b512-18fb381b01bd,744,29.760000,frente_barra,0
97c88547-33a9-4a59-b512-18fb381b01bd,745,29.800000,lado_interior_barra,1
97c88547-33a9-4a59-b512-18fb381b01bd,745,29.800000,frente_barra,0
97c88547-33a9-4a59-b512-18fb381b01bd,746,29.840000,lado_interior_barra,1
97c88547-33a9-4a59-b512-18fb381b01bd,746,29.840000,frente_barra,0
97c88547-33a9-4a59-b512-18fb381b01bd,747,29.880000,lado_interior_barra,1
97c88547-33a9-4a59-b512-18fb381b01bd,747,29.880000,frente_barra,0
97c88547-33a9-4a59-b512-18fb381b01bd,748,29.920000,lado_interior_barra,1
97c88547-33a9-4a59-b512-18fb381b01bd,748,29.920000,frente_barra,0
97c88547-33a9-4a59-b512-18fb381b01bd,749,29.960000,lado_interior_barra,1
97c88547-33a9-4a59-b512-18fb381b01bd,749,29.960000,frente_barra,0
97c88547-33a9-4a59-b512-18fb381b01bd,750,30.000000,lado_interior_barra,1
97c88547-33a9-4a59-b512-18fb381b01bd,750,30.000000,frente_barra,0
97c88547-33a9-4a59-b512-18fb381b01bd,751,30.040000,lado_interior_barra,1
97c88547-33a9-4a59-b512-18fb381b01bd,751,30.040000,frente_barra,0
97c88547-33a9-4a59-b512-18fb381b01bd,752,30.080000,lado_interior_barra,1
97c88547-33a9-4a59-b512-18fb381b01bd,752,30.080000,frente_barra,0
97c88547-33a9-4a59-b512-18fb381b01bd,753,30.120000,lado_interior_barra,1
97c88547-33a9-4a59-b512-18fb381b01bd,753,30.120000,frente_barra,0
97c88547-33a9-4a59-b512-18fb381b01bd,754,30.160000,lado_interior_barra,1
97c88547-33a9-4a59-b512-18fb381b01bd,754,30.160000,frente_barra,0
97c88547-33a9-4a59-b512-18fb381b01bd,755,30.200000,lado_interior_barra,1
97c88547-33a9-4a59-b512-18fb381b01bd,755,30.200000,frente_barra,0
97c88547-33a9-4a59-b512-18fb381b01bd,756,30.240000,lado_interior_barra,1
97c88547-33a9-4a59-b512-18fb381b01bd,756,30.240000,frente_barra,0
97c88547-33a9-4a59-b512-18fb381b01bd,757,30.280000,lado_interior_barra,1
97c88547-33a9-4a59-b512-18fb381b01bd,757,30.280000,frente_barra,0
97c88547-33a9-4a59-b512-18fb381b01bd,758,30.320000,lado_interior_barra,1
97c88547-33a9-4a59-b512-18fb381b01bd,758,30.320000,frente_barra,0
97c88547-33a9-4a59-b512-18fb381b01bd,759,30.360000,lado_interior_barra,1
97c88547-33a9-4a59-b512-18fb381b01bd,759,30.360000,frente_barra,0
97c88547-33a9-4a59-b512-18fb381b01bd,760,30.400000,lado_interior_barra,1
97c88547-33a9-4a59-b512-18fb381b01bd,760,30.400000,frente_barra,0
97c88547-33a9-4a59-b512-18fb381b01bd,761,30.440000,lado_interior_barra,1
97c88547-33a9-4a59-b512-18fb381b01bd,761,30.440000,frente_barra,0
97c88547-33a9-4a59-b512-18fb381b01bd,762,30.480000,lado_interior_barra,1
97c88547-33a9-4a59-b512-18fb381b01bd,762,30.480000,frente_barra,0
97c88547-33a9-4a59-b512-18fb381b01bd,763,30.520000,lado_interior_barra,1
97c88547-33a9-4a59-b512-18fb381b01bd,763,30.520000,frente_barra,0
97c88547-33a9-4a59-b512-18fb381b01bd,764,30.560000,lado_interior_barra,1
97c88547-33a9-4a59-b512-18fb381b01bd,764,30.560000,frente_barra,0
97c88547-33a9-4a59-b512-18fb381b01bd,765,30.600000,lado_interior_barra,1
97c88547-33a9-4a59-b512-18fb381b01bd,765,30.600000,frente_barra,0
97c88547-33a9-4a59-b512-18fb381b01bd,766,30.640000,lado_interior_barra,1
97c88547-33a9-4a59-b512-18fb381b01bd,766,30.640000,frente_barra,0
97c88547-33a9-4a59-b512-18fb381b01bd,767,30.680000,lado_interior_barra,1
97c88547-33a9-4a59-b512-18fb381b01bd,767,30.680000,frente_barra,0
97c88547-33a9-4a59-b512-18fb381b01bd,768,30.720000,lado_interior_barra,1
97c88547-33a9-4a59-b512-18fb381b01bd,768,30.720000,frente_barra,0
97c88547-33a9-4a59-b512-18fb381b01bd,769,30.760000,lado_interior_barra,1
97c88547-33a9-4a59-b512-18fb381b01bd,769,30.760000,frente_barra,0
97c88547-33a9-4a59-b512-18fb381b01bd,770,30.800000,lado_interior_barra,1
97c88547-33a9-4a59-b512-18fb381b01bd,770,30.800000,frente_barra,0
97c88547-33a9-4a59-b512-18fb381b01bd,771,30.840000,lado_interior_barra,1
97c88547-33a9-4a59-b512-18fb381b01bd,771,30.840000,frente_barra,0
97c88547-33a9-4a59-b512-18fb381b01bd,772,30.880000,lado_interior_barra,1
97c88547-33a9-4a59-b512-18fb381b01bd,772,30.880000,frente_barra,0
97c88547-33a9-4a59-b512-18fb381b01bd,773,30.920000,lado_interior_barra,1
97c88547-33a9-4a59-b512-18fb381b01bd,773,30.920000,frente_barra,0
97c88547-33a9-4a59-b512-18fb381b01bd,774,30.960000,lado_interior_barra,1
97c88547-33a9-4a59-b512-18fb381b01bd,774,30.960000,frente_barra,0
97c88547-33a9-4a59-b512-18fb381b01bd,775,31.000000,lado_interior_barra,1
97c88547-33a9-4a59-b512-18fb381b01bd,775,31.000000,frente_barra,0
97c88547-33a9-4a59-b512-18fb381b01bd,776,31.040000,lado_interior_barra,1
97c88547-33a9-4a59-b512-18fb381b01bd,776,31.040000,frente_barra,0
97c88547-33a9-4a59-b512-18fb381b01bd,777,31.080000,lado_interior_barra,1
97c88547-33a9-4a59-b512-18fb381b01bd,777,31.080000,frente_barra,0
97c88547-33a9-4a59-b512-18fb381b01bd,778,31.120000,lado_interior_barra,1
97c88547-33a9-4a59-b512-18fb381b01bd,778,31.120000,frente_barra,0
97c88547-33a9-4a59-b512-18fb381b01bd,779,31.160000,lado_interior_barra,1
97c88547-33a9-4a59-b512-18fb381b01bd,779,31.160000,frente_barra,0
97c88547-33a9-4a59-b512-18fb381b01bd,780,31.200000,lado_interior_barra,1
97c88547-33a9-4a59-b512-18fb381b01bd,780,31.200000,frente_barra,0
97c88547-33a9-4a59-b512-18fb381b01bd,781,31.240000,lado_interior_barra,1
97c88547-33a9-4a59-b512-18fb381b01bd,781,31.240000,frente_barra,0
97c88547-33a9-4a59-b512-18fb381b01bd,782,31.280000,lado_interior_barra,1
97c88547-33a9-4a59-b512-18fb381b01bd,782,31.280000,frente_barra,0
97c88547-33a9-4a59-b512-18fb381b01bd,783,31.320000,lado_interior_barra,1
97c88547-33a9-4a59-b512-18fb381b01bd,783,31.320000,frente_barra,0
97c88547-33a9-4a59-b512-18fb381b01bd,784,31.360000,lado_interior_barra,1
97c88547-33a9-4a59-b512-18fb381b01bd,784,31.360000,frente_barra,0
97c88547-33a9-4a59-b512-18fb381b01bd,785,31.400000,lado_interior_barra,1
97c88547-33a9-4a59-b512-18fb381b01bd,785,31.400000,frente_barra,0
97c88547-33a9-4a59-b512-18fb381b01bd,786,31.440000,lado_interior_barra,1
97c88547-33a9-4a59-b512-18fb381b01bd,786,31.440000,frente_barra,0
97c88547-33a9-4a59-b512-18fb381b01bd,787,31.480000,lado_interior_barra,1
97c88547-33a9-4a59-b512-18fb381b01bd,787,31.480000,frente_barra,0
97c88547-33a9-4a59-b512-18fb381b01bd,788,31.520000,lado_interior_barra,1
97c88547-33a9-4a59-b512-18fb381b01bd,788,31.520000,frente_barra,0
97c88547-33a9-4a59-b512-18fb381b01bd,789,31.560000,lado_interior_barra,1
97c88547-33a9-4a59-b512-18fb381b01bd,789,31.560000,frente_barra,0
97c88547-33a9-4a59-b512-18fb381b01bd,790,31.600000,lado_interior_barra,1
97c88547-33a9-4a59-b512-18fb381b01bd,790,31.600000,frente_barra,0
97c88547-33a9-4a59-b512-18fb381b01bd,791,31.640000,lado_interior_barra,1
97c88547-33a9-4a59-b512-18fb381b01bd,791,31.640000,frente_barra,0
97c88547-33a9-4a59-b512-18fb381b01bd,792,31.680000,lado_interior_barra,1
97c88547-33a9-4a59-b512-18fb381b01bd,792,31.680000,frente_barra,0
97c88547-33a9-4a59-b512-18fb381b01bd,793,31.720000,lado_interior_barra,1
97c88547-33a9-4a59-b512-18fb381b01bd,793,31.720000,frente_barra,0
97c88547-33a9-4a59-b512-18fb381b01bd,794,31.760000,lado_interior_barra,1
97c88547-33a9-4a59-b512-18fb381b01bd,794,31.760000,frente_barra,0
97c88547-33a9-4a59-b512-18fb381b01bd,795,31.800000,lado_interior_barra,1
97c88547-33a9-4a59-b512-18fb381b01bd,795,31.800000,frente_barra,0
97c88547-33a9-4a59-b512-18fb381b01bd,796,31.840000,lado_interior_barra,1
97c88547-33a9-4a59-b512-18fb381b01bd,796,31.840000,frente_barra,0
97c88547-33a9-4a59-b512-18fb381b01bd,797,31.880000,lado_interior_barra,1
97c88547-33a9-4a59-b512-18fb381b01bd,797,31.880000,frente_barra,0
97c88547-33a9-4a59-b512-18fb381b01bd,798,31.920000,lado_interior_barra,1
97c88547-33a9-4a59-b512-18fb381b01bd,798,31.920000,frente_barra,0
97c88547-33a9-4a59-b512-18fb381b01bd,799,31.960000,lado_interior_barra,1
97c88547-33a9-4a59-b512-18fb381b01bd,799,31.960000,frente_barra,0
97c88547-33a9-4a59-b512-18fb381b01bd,800,32.000000,lado_interior_barra,1
97c88547-33a9-4a59-b512-18fb381b01bd,800,32.000000,frente_barra,0
97c88547-33a9-4a59-b512-18fb381b01bd,801,32.040000,lado_interior_barra,1
97c88547-33a9-4a59-b512-18fb381b01bd,801,32.040000,frente_barra,0
97c88547-33a9-4a59-b512-18fb381b01bd,802,32.080000,lado_interior_barra,1
97c88547-33a9-4a59-b512-18fb381b01bd,802,32.080000,frente_barra,0
97c88547-33a9-4a59-b512-18fb381b01bd,803,32.120000,lado_interior_barra,1
97c88547-33a9-4a59-b512-18fb381b01bd,803,32.120000,frente_barra,0
97c88547-33a9-4a59-b512-18fb381b01bd,804,32.160000,lado_interior_barra,1
97c88547-33a9-4a59-b512-18fb381b01bd,804,32.160000,frente_barra,0
97c88547-33a9-4a59-b512-18fb381b01bd,805,32.200000,lado_interior_barra,1
97c88547-33a9-4a59-b512-18fb381b01bd,805,32.200000,frente_barra,0
97c88547-33a9-4a59-b512-18fb381b01bd,806,32.240000,lado_interior_barra,1
97c88547-33a9-4a59-b512-18fb381b01bd,806,32.240000,frente_barra,0
97c88547-33a9-4a59-b512-18fb381b01bd,807,32.280000,lado_interior_barra,1
97c88547-33a9-4a59-b512-18fb381b01bd,807,32.280000,frente_barra,0
97c88547-33a9-4a59-b512-18fb381b01bd,808,32.320000,lado_interior_barra,1
97c88547-33a9-4a59-b512-18fb381b01bd,808,32.320000,frente_barra,0
97c88547-33a9-4a59-b512-18fb381b01bd,809,32.360000,lado_interior_barra,1
97c88547-33a9-4a59-b512-18fb381b01bd,809,32.360000,frente_barra,0
97c88547-33a9-4a59-b512-18fb381b01bd,810,32.400000,lado_interior_barra,1
97c88547-33a9-4a59-b512-18fb381b01bd,810,32.400000,frente_barra,0
97c88547-33a9-4a59-b512-18fb381b01bd,811,32.440000,lado_interior_barra,1
97c88547-33a9-4a59-b512-18fb381b01bd,811,32.440000,frente_barra,0
97c88547-33a9-4a59-b512-18fb381b01bd,812,32.480000,lado_interior_barra,1
97c88547-33a9-4a59-b512-18fb381b01bd,812,32.480000,frente_barra,0
97c88547-33a9-4a59-b512-18fb381b01bd,813,32.520000,lado_interior_barra,1
97c88547-33a9-4a59-b512-18fb381b01bd,813,32.520000,frente_barra,0
97c88547-33a9-4a59-b512-18fb381b01bd,814,32.560000,lado_interior_barra,1
97c88547-33a9-4a59-b512-18fb381b01bd,814,32.560000,frente_barra,0
97c88547-33a9-4a59-b512-18fb381b01bd,815,32.600000,lado_interior_barra,1
97c88547-33a9-4a59-b512-18fb381b01bd,815,32.600000,frente_barra,0
97c88547-33a9-4a59-b512-18fb381b01bd,816,32.640000,lado_interior_barra,1
97c88547-33a9-4a59-b512-18fb381b01bd,816,32.640000,frente_barra,0
97c88547-33a9-4a59-b512-18fb381b01bd,817,32.680000,lado_interior_barra,1
97c88547-33a9-4a59-b512-18fb381b01bd,817,32.680000,frente_barra,0
97c88547-33a9-4a59-b512-18fb381b01bd,818,32.720000,lado_interior_barra,1
97c88547-33a9-4a59-b512-18fb381b01bd,818,32.720000,frente_barra,0
97c88547-33a9-4a59-b512-18fb381b01bd,819,32.760000,lado_interior_barra,1
97c88547-33a9-4a59-b512-18fb381b01bd,819,32.760000,frente_barra,0
97c88547-33a9-4a59-b512-18fb381b01bd,820,32.800000,lado_interior_barra,1
97c88547-33a9-4a59-b512-18fb381b01bd,820,32.800000,frente_barra,0
97c88547-33a9-4a59-b512-18fb381b01bd,821,32.840000,lado_interior_barra,1
97c88547-33a9-4a59-b512-18fb381b01bd,821,32.840000,frente_barra,0
97c88547-33a9-4a59-b512-18fb381b01bd,822,32.880000,lado_interior_barra,1
97c88547-33a9-4a59-b512-18fb381b01bd,822,32.880000,frente_barra,0
97c88547-33a9-4a59-b512-18fb381b01bd,823,32.920000,lado_interior_barra,1
97c88547-33a9-4a59-b512-18fb381b01bd,823,32.920000,frente_barra,0
97c88547-33a9-4a59-b512-18fb381b01bd,824,32.960000,lado_interior_barra,1
97c88547-33a9-4a59-b512-18fb381b01bd,824,32.960000,frente_barra,0
97c88547-33a9-4a59-b512-18fb381b01bd,825,33.000000,lado_interior_barra,1
97c88547-33a9-4a59-b512-18fb381b01bd,825,33.000000,frente_barra,0
97c88547-33a9-4a59-b512-18fb381b01bd,826,33.040000,lado_interior_barra,1
97c88547-33a9-4a59-b512-18fb381b01bd,826,33.040000,frente_barra,0
97c88547-33a9-4a59-b512-18fb381b01bd,827,33.080000,lado_interior_barra,1
97c88547-33a9-4a59-b512-18fb381b01bd,827,33.080000,frente_barra,0
97c88547-33a9-4a59-b512-18fb381b01bd,828,33.120000,lado_interior_barra,1
97c88547-33a9-4a59-b512-18fb381b01bd,828,33.120000,frente_barra,0
97c88547-33a9-4a59-b512-18fb381b01bd,829,33.160000,lado_interior_barra,1
97c88547-33a9-4a59-b512-18fb381b01bd,829,33.160000,frente_barra,0
97c88547-33a9-4a59-b512-18fb381b01bd,830,33.200000,lado_interior_barra,1
97c88547-33a9-4a59-b512-18fb381b01bd,830,33.200000,frente_barra,0
97c88547-33a9-4a59-b512-18fb381b01bd,831,33.240000,lado_interior_barra,1
97c88547-33a9-4a59-b512-18fb381b01bd,831,33.240000,frente_barra,0
97c88547-33a9-4a59-b512-18fb381b01bd,832,33.280000,lado_interior_barra,1
97c88547-33a9-4a59-b512-18fb381b01bd,832,33.280000,frente_barra,0
97c88547-33a9-4a59-b512-18fb381b01bd,833,33.320000,lado_interior_barra,1
97c88547-33a9-4a59-b512-18fb381b01bd,833,33.320000,frente_barra,0
97c88547-33a9-4a59-b512-18fb381b01bd,834,33.360000,lado_interior_barra,1
97c88547-33a9-4a59-b512-18fb381b01bd,834,33.360000,frente_barra,0
97c88547-33a9-4a59-b512-18fb381b01bd,835,33.400000,lado_interior_barra,1
97c88547-33a9-4a59-b512-18fb381b01bd,835,33.400000,frente_barra,0
97c88547-33a9-4a59-b512-18fb381b01bd,836,33.440000,lado_interior_barra,1
97c88547-33a9-4a59-b512-18fb381b01bd,836,33.440000,frente_barra,0
97c88547-33a9-4a59-b512-18fb381b01bd,837,33.480000,lado_interior_barra,1
97c88547-33a9-4a59-b512-18fb381b01bd,837,33.480000,frente_barra,0
97c88547-33a9-4a59-b512-18fb381b01bd,838,33.520000,lado_interior_barra,1
97c88547-33a9-4a59-b512-18fb381b01bd,838,33.520000,frente_barra,0
97c88547-33a9-4a59-b512-18fb381b01bd,839,33.560000,lado_interior_barra,1
97c88547-33a9-4a59-b512-18fb381b01bd,839,33.560000,frente_barra,0
97c88547-33a9-4a59-b512-18fb381b01bd,840,33.600000,lado_interior_barra,1
97c88547-33a9-4a59-b512-18fb381b01bd,840,33.600000,frente_barra,0
97c88547-33a9-4a59-b512-18fb381b01bd,841,33.640000,lado_interior_barra,1
97c88547-33a9-4a59-b512-18fb381b01bd,841,33.640000,frente_barra,0
97c88547-33a9-4a59-b512-18fb381b01bd,842,33.680000,lado_interior_barra,1
97c88547-33a9-4a59-b512-18fb381b01bd,842,33.680000,frente_barra,0
97c88547-33a9-4a59-b512-18fb381b01bd,843,33.720000,lado_interior_barra,1
97c88547-33a9-4a59-b512-18fb381b01bd,843,33.720000,frente_barra,0
97c88547-33a9-4a59-b512-18fb381b01bd,844,33.760000,lado_interior_barra,1
97c88547-33a9-4a59-b512-18fb381b01bd,844,33.760000,frente_barra,0
97c88547-33a9-4a59-b512-18fb381b01bd,845,33.800000,lado_interior_barra,1
97c88547-33a9-4a59-b512-18fb381b01bd,845,33.800000,frente_barra,0
97c88547-33a9-4a59-b512-18fb381b01bd,846,33.840000,lado_interior_barra,1
97c88547-33a9-4a59-b512-18fb381b01bd,846,33.840000,frente_barra,0
97c88547-33a9-4a59-b512-18fb381b01bd,847,33.880000,lado_interior_barra,1
97c88547-33a9-4a59-b512-18fb381b01bd,847,33.880000,frente_barra,0
97c88547-33a9-4a59-b512-18fb381b01bd,848,33.920000,lado_interior_barra,1
97c88547-33a9-4a59-b512-18fb381b01bd,848,33.920000,frente_barra,0
97c88547-33a9-4a59-b512-18fb381b01bd,849,33.960000,lado_interior_barra,1
97c88547-33a9-4a59-b512-18fb381b01bd,849,33.960000,frente_barra,0
97c88547-33a9-4a59-b512-18fb381b01bd,850,34.000000,lado_interior_barra,1
97c88547-33a9-4a59-b512-18fb381b01bd,850,34.000000,frente_barra,0
97c88547-33a9-4a59-b512-18fb381b01bd,851,34.040000,lado_interior_barra,1
97c88547-33a9-4a59-b512-18fb381b01bd,851,34.040000,frente_barra,0
97c88547-33a9-4a59-b512-18fb381b01bd,852,34.080000,lado_interior_barra,1
97c88547-33a9-4a59-b512-18fb381b01bd,852,34.080000,frente_barra,0
97c88547-33a9-4a59-b512-18fb381b01bd,853,34.120000,lado_interior_barra,1
97c88547-33a9-4a59-b512-18fb381b01bd,853,34.120000,frente_barra,0
97c88547-33a9-4a59-b512-18fb381b01bd,854,34.160000,lado_interior_barra,1
97c88547-33a9-4a59-b512-18fb381b01bd,854,34.160000,frente_barra,0
97c88547-33a9-4a59-b512-18fb381b01bd,855,34.200000,lado_interior_barra,1
97c88547-33a9-4a59-b512-18fb381b01bd,855,34.200000,frente_barra,0
97c88547-33a9-4a59-b512-18fb381b01bd,856,34.240000,lado_interior_barra,1
97c88547-33a9-4a59-b512-18fb381b01bd,856,34.240000,frente_barra,0
97c88547-33a9-4a59-b512-18fb381b01bd,857,34.280000,lado_interior_barra,1
97c88547-33a9-4a59-b512-18fb381b01bd,857,34.280000,frente_barra,0
97c88547-33a9-4a59-b512-18fb381b01bd,858,34.320000,lado_interior_barra,1
97c88547-33a9-4a59-b512-18fb381b01bd,858,34.320000,frente_barra,0
97c88547-33a9-4a59-b512-18fb381b01bd,859,34.360000,lado_interior_barra,1
97c88547-33a9-4a59-b512-18fb381b01bd,859,34.360000,frente_barra,0
97c88547-33a9-4a59-b512-18fb381b01bd,860,34.400000,lado_interior_barra,1
97c88547-33a9-4a59-b512-18fb381b01bd,860,34.400000,frente_barra,0
97c88547-33a9-4a59-b512-18fb381b01bd,861,34.440000,lado_interior_barra,1
97c88547-33a9-4a59-b512-18fb381b01bd,861,34.440000,frente_barra,0
97c88547-33a9-4a59-b512-18fb381b01bd,862,34.480000,lado_interior_barra,1
97c88547-33a9-4a59-b512-18fb381b01bd,862,34.480000,frente_barra,0
97c88547-33a9-4a59-b512-18fb381b01bd,863,34.520000,lado_interior_barra,1
97c88547-33a9-4a59-b512-18fb381b01bd,863,34.520000,frente_barra,0
97c88547-33a9-4a59-b512-18fb381b01bd,864,34.560000,lado_interior_barra,1
97c88547-33a9-4a59-b512-18fb381b01bd,864,34.560000,frente_barra,0
97c88547-33a9-4a59-b512-18fb381b01bd,865,34.600000,lado_interior_barra,1
97c88547-33a9-4a59-b512-18fb381b01bd,865,34.600000,frente_barra,0
97c88547-33a9-4a59-b512-18fb381b01bd,866,34.640000,lado_interior_barra,1
97c88547-33a9-4a59-b512-18fb381b01bd,866,34.640000,frente_barra,0
97c88547-33a9-4a59-b512-18fb381b01bd,867,34.680000,lado_interior_barra,1
97c88547-33a9-4a59-b512-18fb381b01bd,867,34.680000,frente_barra,0
97c88547-33a9-4a59-b512-18fb381b01bd,868,34.720000,lado_interior_barra,1
97c88547-33a9-4a59-b512-18fb381b01bd,868,34.720000,frente_barra,0
97c88547-33a9-4a59-b512-18fb381b01bd,869,34.760000,lado_interior_barra,1
97c88547-33a9-4a59-b512-18fb381b01bd,869,34.760000,frente_barra,0
97c88547-33a9-4a59-b512-18fb381b01bd,870,34.800000,lado_interior_barra,1
97c88547-33a9-4a59-b512-18fb381b01bd,870,34.800000,frente_barra,0
97c88547-33a9-4a59-b512-18fb381b01bd,871,34.840000,lado_interior_barra,1
97c88547-33a9-4a59-b512-18fb381b01bd,871,34.840000,frente_barra,0
97c88547-33a9-4a59-b512-18fb381b01bd,872,34.880000,lado_interior_barra,1
97c88547-33a9-4a59-b512-18fb381b01bd,872,34.880000,frente_barra,0
97c88547-33a9-4a59-b512-18fb381b01bd,873,34.920000,lado_interior_barra,1
97c88547-33a9-4a59-b512-18fb381b01bd,873,34.920000,frente_barra,0
97c88547-33a9-4a59-b512-18fb381b01bd,874,34.960000,lado_interior_barra,1
97c88547-33a9-4a59-b512-18fb381b01bd,874,34.960000,frente_barra,0
97c88547-33a9-4a59-b512-18fb381b01bd,875,35.000000,lado_interior_barra,1
97c88547-33a9-4a59-b512-18fb381b01bd,875,35.000000,frente_barra,0
97c88547-33a9-4a59-b512-18fb381b01bd,876,35.040000,lado_interior_barra,1
97c88547-33a9-4a59-b512-18fb381b01bd,876,35.040000,frente_barra,0
97c88547-33a9-4a59-b512-18fb381b01bd,877,35.080000,lado_interior_barra,1
97c88547-33a9-4a59-b512-18fb381b01bd,877,35.080000,frente_barra,0
97c88547-33a9-4a59-b512-18fb381b01bd,878,35.120000,lado_interior_barra,1
97c88547-33a9-4a59-b512-18fb381b01bd,878,35.120000,frente_barra,0
97c88547-33a9-4a59-b512-18fb381b01bd,879,35.160000,lado_interior_barra,1
97c88547-33a9-4a59-b512-18fb381b01bd,879,35.160000,frente_barra,0
97c88547-33a9-4a59-b512-18fb381b01bd,880,35.200000,lado_interior_barra,1
97c88547-33a9-4a59-b512-18fb381b01bd,880,35.200000,frente_barra,0
97c88547-33a9-4a59-b512-18fb381b01bd,881,35.240000,lado_interior_barra,1
97c88547-33a9-4a59-b512-18fb381b01bd,881,35.240000,frente_barra,0
97c88547-33a9-4a59-b512-18fb381b01bd,882,35.280000,lado_interior_barra,1
97c88547-33a9-4a59-b512-18fb381b01bd,882,35.280000,frente_barra,0
97c88547-33a9-4a59-b512-18fb381b01bd,883,35.320000,lado_interior_barra,1
97c88547-33a9-4a59-b512-18fb381b01bd,883,35.320000,frente_barra,0
97c88547-33a9-4a59-b512-18fb381b01bd,884,35.360000,lado_interior_barra,1
97c88547-33a9-4a59-b512-18fb381b01bd,884,35.360000,frente_barra,0
97c88547-33a9-4a59-b512-18fb381b01bd,885,35.400000,lado_interior_barra,1
97c88547-33a9-4a59-b512-18fb381b01bd,885,35.400000,frente_barra,0
97c88547-33a9-4a59-b512-18fb381b01bd,886,35.440000,lado_interior_barra,1
97c88547-33a9-4a59-b512-18fb381b01bd,886,35.440000,frente_barra,0
97c88547-33a9-4a59-b512-18fb381b01bd,887,35.480000,lado_interior_barra,1
97c88547-33a9-4a59-b512-18fb381b01bd,887,35.480000,frente_barra,0
97c88547-33a9-4a59-b512-18fb381b01bd,888,35.520000,lado_interior_barra,1
97c88547-33a9-4a59-b512-18fb381b01bd,888,35.520000,frente_barra,0
97c88547-33a9-4a59-b512-18fb381b01bd,889,35.560000,lado_interior_barra,1
97c88547-33a9-4a59-b512-18fb381b01bd,889,35.560000,frente_barra,0
97c88547-33a9-4a59-b512-18fb381b01bd,890,35.600000,lado_interior_barra,1
97c88547-33a9-4a59-b512-18fb381b01bd,890,35.600000,frente_barra,0
97c88547-33a9-4a59-b512-18fb381b01bd,891,35.640000,lado_interior_barra,1
97c88547-33a9-4a59-b512-18fb381b01bd,891,35.640000,frente_barra,0
97c88547-33a9-4a59-b512-18fb381b01bd,892,35.680000,lado_interior_barra,1
97c88547-33a9-4a59-b512-18fb381b01bd,892,35.680000,frente_barra,0
97c88547-33a9-4a59-b512-18fb381b01bd,893,35.720000,lado_interior_barra,1
97c88547-33a9-4a59-b512-18fb381b01bd,893,35.720000,frente_barra,0
97c88547-33a9-4a59-b512-18fb381b01bd,894,35.760000,lado_interior_barra,1
97c88547-33a9-4a59-b512-18fb381b01bd,894,35.760000,frente_barra,0
97c88547-33a9-4a59-b512-18fb381b01bd,895,35.800000,lado_interior_barra,1
97c88547-33a9-4a59-b512-18fb381b01bd,895,35.800000,frente_barra,0
97c88547-33a9-4a59-b512-18fb381b01bd,896,35.840000,lado_interior_barra,1
97c88547-33a9-4a59-b512-18fb381b01bd,896,35.840000,frente_barra,0
97c88547-33a9-4a59-b512-18fb381b01bd,897,35.880000,lado_interior_barra,1
97c88547-33a9-4a59-b512-18fb381b01bd,897,35.880000,frente_barra,0
97c88547-33a9-4a59-b512-18fb381b01bd,898,35.920000,lado_interior_barra,1
97c88547-33a9-4a59-b512-18fb381b01bd,898,35.920000,frente_barra,0
97c88547-33a9-4a59-b512-18fb381b01bd,899,35.960000,lado_interior_barra,1
97c88547-33a9-4a59-b512-18fb381b01bd,899,35.960000,frente_barra,0
