run_id,frame,time_s,track_id,x_normalized,y_normalized,confidence
97c88547-33a9-4a59-b512-18fb381b01bd,2,0.080000,1,0.856853,0.554840,0.9309
97c88547-33a9-4a59-b512-18fb381b01bd,2,0.080000,2,0.282786,0.556569,0.8687
97c88547-33a9-4a59-b512-18fb381b01bd,3,0.120000,1,0.852593,0.554566,0.9177
97c88547-33a9-4a59-b512-18fb381b01bd,3,0.120000,2,0.279665,0.563434,0.8678
97c88547-33a9-4a59-b512-18fb381b01bd,4,0.160000,1,0.848241,0.557702,0.9278
97c88547-33a9-4a59-b512-18fb381b01bd,4,0.160000,2,0.276917,0.564973,0.8691
97c88547-33a9-4a59-b512-18fb381b01bd,5,0.200000,1,0.847559,0.561768,0.9310
97c88547-33a9-4a59-b512-18fb381b01bd,5,0.200000,2,0.274300,0.567513,0.8754
97c88547-33a9-4a59-b512-18fb381b01bd,6,0.240000,1,0.846972,0.564296,0.9262
97c88547-33a9-4a59-b512-18fb381b01bd,6,0.240000,2,0.273107,0.569173,0.8745
97c88547-33a9-4a59-b512-18fb381b01bd,7,0.280000,1,0.846622,0.565495,0.9247
97c88547-33a9-4a59-b512-18fb381b01bd,7,0.280000,2,0.274304,0.567348,0.8752
97c88547-33a9-4a59-b512-18fb381b01bd,8,0.320000,1,0.846969,0.565699,0.9257
97c88547-33a9-4a59-b512-18fb381b01bd,8,0.320000,2,0.274675,0.563555,0.8821
97c88547-33a9-4a59-b512-18fb381b01bd,9,0.360000,1,0.846887,0.562611,0.9302
97c88547-33a9-4a59-b512-18fb381b01bd,9,0.360000,2,0.276489,0.554905,0.8702
97c88547-33a9-4a59-b512-18fb381b01bd,10,0.400000,1,0.848276,0.558365,0.9296
97c88547-33a9-4a59-b512-18fb381b01bd,10,0.400000,2,0.277825,0.546651,0.8654
97c88547-33a9-4a59-b512-18fb381b01bd,11,0.440000,1,0.849512,0.556160,0.9270
97c88547-33a9-4a59-b512-18fb381b01bd,11,0.440000,2,0.277844,0.541630,0.8749
97c88547-33a9-4a59-b512-18fb381b01bd,12,0.480000,1,0.850038,0.552978,0.9271
97c88547-33a9-4a59-b512-18fb381b01bd,12,0.480000,2,0.279368,0.538386,0.8713
97c88547-33a9-4a59-b512-18fb381b01bd,13,0.520000,1,0.850617,0.551166,0.9292
97c88547-33a9-4a59-b512-18fb381b01bd,13,0.520000,2,0.281365,0.537072,0.8657
97c88547-33a9-4a59-b512-18fb381b01bd,14,0.560000,1,0.854139,0.553086,0.9329
97c88547-33a9-4a59-b512-18fb381b01bd,14,0.560000,2,0.283002,0.538661,0.8644
97c88547-33a9-4a59-b512-18fb381b01bd,15,0.600000,1,0.855700,0.555400,0.9249
97c88547-33a9-4a59-b512-18fb381b01bd,15,0.600000,2,0.285029,0.543466,0.8644
97c88547-33a9-4a59-b512-18fb381b01bd,16,0.640000,1,0.856457,0.561980,0.9253
97c88547-33a9-4a59-b512-18fb381b01bd,16,0.640000,2,0.285521,0.552611,0.8753
97c88547-33a9-4a59-b512-18fb381b01bd,17,0.680000,1,0.856918,0.565991,0.9254
97c88547-33a9-4a59-b512-18fb381b01bd,17,0.680000,2,0.285576,0.559313,0.8733
97c88547-33a9-4a59-b512-18fb381b01bd,18,0.720000,1,0.858973,0.567797,0.9181
97c88547-33a9-4a59-b512-18fb381b01bd,18,0.720000,2,0.286251,0.563473,0.8701
97c88547-33a9-4a59-b512-18fb381b01bd,19,0.760000,1,0.859959,0.568610,0.9231
97c88547-33a9-4a59-b512-18fb381b01bd,19,0.760000,2,0.288871,0.565984,0.8730
97c88547-33a9-4a59-b512-18fb381b01bd,20,0.800000,1,0.861972,0.568601,0.9220
97c88547-33a9-4a59-b512-18fb381b01bd,20,0.800000,2,0.289047,0.565282,0.8851
97c88547-33a9-4a59-b512-18fb381b01bd,21,0.840000,1,0.862998,0.566786,0.9209
97c88547-33a9-4a59-b512-18fb381b01bd,21,0.840000,2,0.289789,0.562318,0.8828
97c88547-33a9-4a59-b512-18fb381b01bd,22,0.880000,1,0.862520,0.566770,0.9274
97c88547-33a9-4a59-b512-18fb381b01bd,22,0.880000,2,0.289315,0.559717,0.8807
97c88547-33a9-4a59-b512-18fb381b01bd,23,0.920000,1,0.863539,0.564675,0.9336
97c88547-33a9-4a59-b512-18fb381b01bd,23,0.920000,2,0.288881,0.555909,0.8801
97c88547-33a9-4a59-b512-18fb381b01bd,24,0.960000,1,0.861163,0.562264,0.9349
97c88547-33a9-4a59-b512-18fb381b01bd,24,0.960000,2,0.288079,0.550549,0.8736
97c88547-33a9-4a59-b512-18fb381b01bd,25,1.000000,1,0.857643,0.560229,0.9286
97c88547-33a9-4a59-b512-18fb381b01bd,25,1.000000,2,0.286416,0.545225,0.8679
97c88547-33a9-4a59-b512-18fb381b01bd,26,1.040000,1,0.856734,0.556637,0.9206
97c88547-33a9-4a59-b512-18fb381b01bd,26,1.040000,2,0.283848,0.541176,0.8572
97c88547-33a9-4a59-b512-18fb381b01bd,27,1.080000,1,0.855381,0.555093,0.9311
97c88547-33a9-4a59-b512-18fb381b01bd,27,1.080000,2,0.282407,0.536096,0.8503
97c88547-33a9-4a59-b512-18fb381b01bd,28,1.120000,1,0.852307,0.553605,0.9294
97c88547-33a9-4a59-b512-18fb381b01bd,28,1.120000,2,0.282070,0.533182,0.8503
97c88547-33a9-4a59-b512-18fb381b01bd,29,1.160000,1,0.851450,0.552440,0.9319
97c88547-33a9-4a59-b512-18fb381b01bd,29,1.160000,2,0.281182,0.532772,0.8593
97c88547-33a9-4a59-b512-18fb381b01bd,30,1.200000,1,0.851307,0.552051,0.9333
97c88547-33a9-4a59-b512-18fb381b01bd,30,1.200000,2,0.280209,0.528757,0.8525
97c88547-33a9-4a59-b512-18fb381b01bd,31,1.240000,1,0.851255,0.550093,0.9327
97c88547-33a9-4a59-b512-18fb381b01bd,31,1.240000,2,0.280672,0.521091,0.8734
97c88547-33a9-4a59-b512-18fb381b01bd,32,1.280000,1,0.850317,0.545060,0.9371
97c88547-33a9-4a59-b512-18fb381b01bd,32,1.280000,2,0.280307,0.516402,0.8676
97c88547-33a9-4a59-b512-18fb381b01bd,33,1.320000,1,0.849075,0.544105,0.9343
97c88547-33a9-4a59-b512-18fb381b01bd,33,1.320000,2,0.278748,0.512312,0.8652
97c88547-33a9-4a59-b512-18fb381b01bd,34,1.360000,1,0.849141,0.544058,0.9338
97c88547-33a9-4a59-b512-18fb381b01bd,34,1.360000,2,0.277400,0.509590,0.8716
97c88547-33a9-4a59-b512-18fb381b01bd,35,1.400000,1,0.848456,0.542103,0.9323
97c88547-33a9-4a59-b512-18fb381b01bd,35,1.400000,2,0.276408,0.506713,0.8716
97c88547-33a9-4a59-b512-18fb381b01bd,36,1.440000,1,0.849034,0.541961,0.9337
97c88547-33a9-4a59-b512-18fb381b01bd,36,1.440000,2,0.274946,0.503805,0.8678
97c88547-33a9-4a59-b512-18fb381b01bd,37,1.480000,1,0.848802,0.540239,0.9373
97c88547-33a9-4a59-b512-18fb381b01bd,37,1.480000,2,0.277111,0.503021,0.8754
97c88547-33a9-4a59-b512-18fb381b01bd,38,1.520000,1,0.849047,0.538208,0.9366
97c88547-33a9-4a59-b512-18fb381b01bd,38,1.520000,2,0.276700,0.500847,0.8713
97c88547-33a9-4a59-b512-18fb381b01bd,39,1.560000,1,0.848867,0.538271,0.9365
97c88547-33a9-4a59-b512-18fb381b01bd,39,1.560000,2,0.275239,0.500901,0.8717
97c88547-33a9-4a59-b512-18fb381b01bd,40,1.600000,1,0.848200,0.539784,0.9368
97c88547-33a9-4a59-b512-18fb381b01bd,40,1.600000,2,0.274804,0.500252,0.8753
97c88547-33a9-4a59-b512-18fb381b01bd,41,1.640000,1,0.846902,0.538879,0.9351
97c88547-33a9-4a59-b512-18fb381b01bd,41,1.640000,2,0.272855,0.499076,0.8706
97c88547-33a9-4a59-b512-18fb381b01bd,42,1.680000,1,0.846275,0.535718,0.9290
97c88547-33a9-4a59-b512-18fb381b01bd,42,1.680000,2,0.271074,0.496152,0.8683
97c88547-33a9-4a59-b512-18fb381b01bd,43,1.720000,1,0.844194,0.534651,0.9299
97c88547-33a9-4a59-b512-18fb381b01bd,43,1.720000,2,0.270609,0.493481,0.8646
97c88547-33a9-4a59-b512-18fb381b01bd,44,1.760000,1,0.843299,0.532469,0.9281
97c88547-33a9-4a59-b512-18fb381b01bd,44,1.760000,2,0.267571,0.486341,0.8535
97c88547-33a9-4a59-b512-18fb381b01bd,45,1.800000,1,0.839002,0.530793,0.9246
97c88547-33a9-4a59-b512-18fb381b01bd,45,1.800000,2,0.264678,0.480498,0.8338
97c88547-33a9-4a59-b512-18fb381b01bd,46,1.840000,1,0.839146,0.528353,0.9262
97c88547-33a9-4a59-b512-18fb381b01bd,46,1.840000,2,0.261205,0.477592,0.8427
97c88547-33a9-4a59-b512-18fb381b01bd,47,1.880000,1,0.836397,0.528858,0.9237
97c88547-33a9-4a59-b512-18fb381b01bd,47,1.880000,2,0.255093,0.470731,0.8519
97c88547-33a9-4a59-b512-18fb381b01bd,48,1.920000,1,0.835423,0.531163,0.9206
97c88547-33a9-4a59-b512-18fb381b01bd,48,1.920000,2,0.258405,0.466089,0.8541
97c88547-33a9-4a59-b512-18fb381b01bd,49,1.960000,1,0.833974,0.529175,0.9219
97c88547-33a9-4a59-b512-18fb381b01bd,49,1.960000,2,0.259011,0.461578,0.8603
97c88547-33a9-4a59-b512-18fb381b01bd,50,2.000000,1,0.832840,0.528867,0.9213
97c88547-33a9-4a59-b512-18fb381b01bd,50,2.000000,2,0.258681,0.462927,0.8569
97c88547-33a9-4a59-b512-18fb381b01bd,51,2.040000,1,0.831327,0.528384,0.9220
97c88547-33a9-4a59-b512-18fb381b01bd,51,2.040000,2,0.258330,0.464495,0.8540
97c88547-33a9-4a59-b512-18fb381b01bd,52,2.080000,1,0.830033,0.528811,0.9221
97c88547-33a9-4a59-b512-18fb381b01bd,52,2.080000,2,0.255970,0.463981,0.8507
97c88547-33a9-4a59-b512-18fb381b01bd,53,2.120000,1,0.827057,0.523907,0.9228
97c88547-33a9-4a59-b512-18fb381b01bd,53,2.120000,2,0.254965,0.462875,0.8584
97c88547-33a9-4a59-b512-18fb381b01bd,54,2.160000,1,0.825671,0.523113,0.9288
97c88547-33a9-4a59-b512-18fb381b01bd,54,2.160000,2,0.253414,0.459813,0.8530
97c88547-33a9-4a59-b512-18fb381b01bd,55,2.200000,1,0.824450,0.525112,0.9314
97c88547-33a9-4a59-b512-18fb381b01bd,55,2.200000,2,0.251089,0.458459,0.8649
97c88547-33a9-4a59-b512-18fb381b01bd,56,2.240000,1,0.822565,0.525962,0.9360
97c88547-33a9-4a59-b512-18fb381b01bd,56,2.240000,2,0.250255,0.455694,0.8696
97c88547-33a9-4a59-b512-18fb381b01bd,57,2.280000,1,0.822022,0.526929,0.9387
97c88547-33a9-4a59-b512-18fb381b01bd,57,2.280000,2,0.247258,0.456436,0.8610
97c88547-33a9-4a59-b512-18fb381b01bd,58,2.320000,1,0.821081,0.526554,0.9390
97c88547-33a9-4a59-b512-18fb381b01bd,58,2.320000,2,0.248766,0.453324,0.8647
97c88547-33a9-4a59-b512-18fb381b01bd,59,2.360000,1,0.820505,0.526217,0.9380
97c88547-33a9-4a59-b512-18fb381b01bd,59,2.360000,2,0.249315,0.454995,0.8533
97c88547-33a9-4a59-b512-18fb381b01bd,60,2.400000,1,0.819724,0.525582,0.9371
97c88547-33a9-4a59-b512-18fb381b01bd,60,2.400000,2,0.246101,0.449361,0.8316
97c88547-33a9-4a59-b512-18fb381b01bd,61,2.440000,1,0.819037,0.526407,0.9340
97c88547-33a9-4a59-b512-18fb381b01bd,61,2.440000,2,0.247519,0.449068,0.8328
97c88547-33a9-4a59-b512-18fb381b01bd,62,2.480000,1,0.816714,0.525953,0.9334
97c88547-33a9-4a59-b512-18fb381b01bd,62,2.480000,2,0.246569,0.449726,0.8491
97c88547-33a9-4a59-b512-18fb381b01bd,63,2.520000,1,0.816011,0.526152,0.9332
97c88547-33a9-4a59-b512-18fb381b01bd,63,2.520000,2,0.248677,0.451603,0.8301
97c88547-33a9-4a59-b512-18fb381b01bd,64,2.560000,1,0.816845,0.527269,0.9319
97c88547-33a9-4a59-b512-18fb381b01bd,64,2.560000,2,0.248170,0.456038,0.8442
97c88547-33a9-4a59-b512-18fb381b01bd,65,2.600000,1,0.816870,0.528988,0.9313
97c88547-33a9-4a59-b512-18fb381b01bd,65,2.600000,2,0.248223,0.454753,0.8442
97c88547-33a9-4a59-b512-18fb381b01bd,66,2.640000,1,0.817854,0.532876,0.9332
97c88547-33a9-4a59-b512-18fb381b01bd,66,2.640000,2,0.246920,0.458497,0.8432
97c88547-33a9-4a59-b512-18fb381b01bd,67,2.680000,1,0.816627,0.531530,0.9329
97c88547-33a9-4a59-b512-18fb381b01bd,67,2.680000,2,0.246763,0.467383,0.8214
97c88547-33a9-4a59-b512-18fb381b01bd,68,2.720000,1,0.814957,0.534963,0.9356
97c88547-33a9-4a59-b512-18fb381b01bd,68,2.720000,2,0.241404,0.460873,0.8264
97c88547-33a9-4a59-b512-18fb381b01bd,69,2.760000,1,0.814540,0.538010,0.9334
97c88547-33a9-4a59-b512-18fb381b01bd,69,2.760000,2,0.247176,0.458968,0.8491
97c88547-33a9-4a59-b512-18fb381b01bd,70,2.800000,1,0.816612,0.538140,0.9331
97c88547-33a9-4a59-b512-18fb381b01bd,70,2.800000,2,0.246701,0.461008,0.8620
97c88547-33a9-4a59-b512-18fb381b01bd,71,2.840000,1,0.815273,0.538969,0.9324
97c88547-33a9-4a59-b512-18fb381b01bd,71,2.840000,2,0.245390,0.460864,0.8765
97c88547-33a9-4a59-b512-18fb381b01bd,72,2.880000,1,0.815310,0.540457,0.9319
97c88547-33a9-4a59-b512-18fb381b01bd,72,2.880000,2,0.246528,0.459860,0.8826
97c88547-33a9-4a59-b512-18fb381b01bd,73,2.920000,1,0.816241,0.541388,0.9315
97c88547-33a9-4a59-b512-18fb381b01bd,73,2.920000,2,0.247110,0.460370,0.8855
97c88547-33a9-4a59-b512-18fb381b01bd,74,2.960000,1,0.817186,0.541449,0.9310
97c88547-33a9-4a59-b512-18fb381b01bd,74,2.960000,2,0.249596,0.459694,0.8859
97c88547-33a9-4a59-b512-18fb381b01bd,75,3.000000,1,0.819580,0.540397,0.9314
97c88547-33a9-4a59-b512-18fb381b01bd,75,3.000000,2,0.251550,0.466656,0.8582
97c88547-33a9-4a59-b512-18fb381b01bd,76,3.040000,1,0.819348,0.540783,0.9297
97c88547-33a9-4a59-b512-18fb381b01bd,76,3.040000,2,0.254329,0.463654,0.8354
97c88547-33a9-4a59-b512-18fb381b01bd,77,3.080000,1,0.818709,0.542600,0.9291
97c88547-33a9-4a59-b512-18fb381b01bd,77,3.080000,2,0.255478,0.467045,0.8455
97c88547-33a9-4a59-b512-18fb381b01bd,78,3.120000,1,0.818896,0.541824,0.9295
97c88547-33a9-4a59-b512-18fb381b01bd,78,3.120000,2,0.256710,0.468582,0.8352
97c88547-33a9-4a59-b512-18fb381b01bd,79,3.160000,1,0.818864,0.542011,0.9274
97c88547-33a9-4a59-b512-18fb381b01bd,79,3.160000,2,0.257895,0.465546,0.8540
97c88547-33a9-4a59-b512-18fb381b01bd,80,3.200000,1,0.818409,0.542853,0.9263
97c88547-33a9-4a59-b512-18fb381b01bd,80,3.200000,2,0.260740,0.462839,0.8496
97c88547-33a9-4a59-b512-18fb381b01bd,81,3.240000,1,0.818902,0.541072,0.9262
97c88547-33a9-4a59-b512-18fb381b01bd,81,3.240000,2,0.260041,0.463583,0.8351
97c88547-33a9-4a59-b512-18fb381b01bd,82,3.280000,1,0.819129,0.541821,0.9265
97c88547-33a9-4a59-b512-18fb381b01bd,82,3.280000,2,0.261075,0.460012,0.8383
97c88547-33a9-4a59-b512-18fb381b01bd,83,3.320000,1,0.818830,0.541276,0.9278
97c88547-33a9-4a59-b512-18fb381b01bd,83,3.320000,2,0.260932,0.459062,0.8503
97c88547-33a9-4a59-b512-18fb381b01bd,84,3.360000,1,0.818653,0.541112,0.9289
97c88547-33a9-4a59-b512-18fb381b01bd,84,3.360000,2,0.261980,0.457298,0.8521
97c88547-33a9-4a59-b512-18fb381b01bd,85,3.400000,1,0.818403,0.540898,0.9297
97c88547-33a9-4a59-b512-18fb381b01bd,85,3.400000,2,0.264247,0.457298,0.8487
97c88547-33a9-4a59-b512-18fb381b01bd,86,3.440000,1,0.819445,0.539185,0.9316
97c88547-33a9-4a59-b512-18fb381b01bd,86,3.440000,2,0.265371,0.457075,0.8516
97c88547-33a9-4a59-b512-18fb381b01bd,87,3.480000,1,0.818952,0.539260,0.9309
97c88547-33a9-4a59-b512-18fb381b01bd,87,3.480000,2,0.266647,0.455259,0.8477
97c88547-33a9-4a59-b512-18fb381b01bd,88,3.520000,1,0.818812,0.539538,0.9322
97c88547-33a9-4a59-b512-18fb381b01bd,88,3.520000,2,0.267535,0.454797,0.8459
97c88547-33a9-4a59-b512-18fb381b01bd,89,3.560000,1,0.819764,0.540066,0.9319
97c88547-33a9-4a59-b512-18fb381b01bd,89,3.560000,2,0.268261,0.457247,0.8496
97c88547-33a9-4a59-b512-18fb381b01bd,90,3.600000,1,0.820240,0.537951,0.9316
97c88547-33a9-4a59-b512-18fb381b01bd,90,3.600000,2,0.270026,0.456985,0.8490
97c88547-33a9-4a59-b512-18fb381b01bd,91,3.640000,1,0.821511,0.540713,0.9317
97c88547-33a9-4a59-b512-18fb381b01bd,91,3.640000,2,0.270959,0.458504,0.8499
97c88547-33a9-4a59-b512-18fb381b01bd,92,3.680000,1,0.820591,0.537812,0.9312
97c88547-33a9-4a59-b512-18fb381b01bd,92,3.680000,2,0.271160,0.458236,0.8467
97c88547-33a9-4a59-b512-18fb381b01bd,93,3.720000,1,0.820999,0.539855,0.9315
97c88547-33a9-4a59-b512-18fb381b01bd,93,3.720000,2,0.272233,0.458557,0.8471
97c88547-33a9-4a59-b512-18fb381b01bd,94,3.760000,1,0.821159,0.540307,0.9316
97c88547-33a9-4a59-b512-18fb381b01bd,94,3.760000,2,0.272110,0.457933,0.8339
97c88547-33a9-4a59-b512-18fb381b01bd,95,3.800000,1,0.821682,0.540384,0.9324
97c88547-33a9-4a59-b512-18fb381b01bd,95,3.800000,2,0.271240,0.457570,0.8440
97c88547-33a9-4a59-b512-18fb381b01bd,96,3.840000,1,0.821605,0.540148,0.9321
97c88547-33a9-4a59-b512-18fb381b01bd,96,3.840000,2,0.271588,0.459079,0.8495
97c88547-33a9-4a59-b512-18fb381b01bd,97,3.880000,1,0.821528,0.540046,0.9316
97c88547-33a9-4a59-b512-18fb381b01bd,97,3.880000,2,0.270886,0.462294,0.8387
97c88547-33a9-4a59-b512-18fb381b01bd,98,3.920000,1,0.820255,0.540874,0.9306
97c88547-33a9-4a59-b512-18fb381b01bd,98,3.920000,2,0.272423,0.463785,0.8386
97c88547-33a9-4a59-b512-18fb381b01bd,99,3.960000,1,0.819926,0.541463,0.9294
97c88547-33a9-4a59-b512-18fb381b01bd,99,3.960000,2,0.273263,0.463484,0.8389
97c88547-33a9-4a59-b512-18fb381b01bd,100,4.000000,1,0.819251,0.541159,0.9303
97c88547-33a9-4a59-b512-18fb381b01bd,100,4.000000,2,0.271822,0.464934,0.8389
97c88547-33a9-4a59-b512-18fb381b01bd,101,4.040000,1,0.819192,0.541433,0.9309
97c88547-33a9-4a59-b512-18fb381b01bd,101,4.040000,2,0.269937,0.463120,0.8378
97c88547-33a9-4a59-b512-18fb381b01bd,102,4.080000,1,0.818995,0.540141,0.9311
97c88547-33a9-4a59-b512-18fb381b01bd,102,4.080000,2,0.272623,0.461878,0.8334
97c88547-33a9-4a59-b512-18fb381b01bd,103,4.120000,1,0.818278,0.537438,0.9312
97c88547-33a9-4a59-b512-18fb381b01bd,103,4.120000,2,0.271784,0.462984,0.8328
97c88547-33a9-4a59-b512-18fb381b01bd,104,4.160000,1,0.818116,0.537361,0.9311
97c88547-33a9-4a59-b512-18fb381b01bd,104,4.160000,2,0.271324,0.465868,0.8308
97c88547-33a9-4a59-b512-18fb381b01bd,105,4.200000,1,0.817838,0.538789,0.9335
97c88547-33a9-4a59-b512-18fb381b01bd,105,4.200000,2,0.269524,0.465090,0.8378
97c88547-33a9-4a59-b512-18fb381b01bd,106,4.240000,1,0.816086,0.538392,0.9334
97c88547-33a9-4a59-b512-18fb381b01bd,106,4.240000,2,0.267671,0.467073,0.8341
97c88547-33a9-4a59-b512-18fb381b01bd,107,4.280000,1,0.816552,0.537641,0.9340
97c88547-33a9-4a59-b512-18fb381b01bd,107,4.280000,2,0.267408,0.462786,0.8295
97c88547-33a9-4a59-b512-18fb381b01bd,108,4.320000,1,0.815697,0.538768,0.9362
97c88547-33a9-4a59-b512-18fb381b01bd,108,4.320000,2,0.266003,0.470738,0.8250
97c88547-33a9-4a59-b512-18fb381b01bd,109,4.360000,1,0.815569,0.538827,0.9355
97c88547-33a9-4a59-b512-18fb381b01bd,109,4.360000,2,0.264866,0.471610,0.8233
97c88547-33a9-4a59-b512-18fb381b01bd,110,4.400000,1,0.814124,0.539122,0.9341
97c88547-33a9-4a59-b512-18fb381b01bd,110,4.400000,2,0.263721,0.477645,0.8245
97c88547-33a9-4a59-b512-18fb381b01bd,111,4.440000,1,0.813787,0.538866,0.9331
97c88547-33a9-4a59-b512-18fb381b01bd,111,4.440000,2,0.263422,0.479262,0.8241
97c88547-33a9-4a59-b512-18fb381b01bd,112,4.480000,1,0.812805,0.539384,0.9322
97c88547-33a9-4a59-b512-18fb381b01bd,112,4.480000,2,0.263473,0.468672,0.8235
97c88547-33a9-4a59-b512-18fb381b01bd,113,4.520000,1,0.812029,0.539048,0.9331
97c88547-33a9-4a59-b512-18fb381b01bd,113,4.520000,2,0.263109,0.463893,0.8294
97c88547-33a9-4a59-b512-18fb381b01bd,114,4.560000,1,0.810774,0.538475,0.9349
97c88547-33a9-4a59-b512-18fb381b01bd,114,4.560000,2,0.263464,0.470005,0.8251
97c88547-33a9-4a59-b512-18fb381b01bd,115,4.600000,1,0.811098,0.538432,0.9340
97c88547-33a9-4a59-b512-18fb381b01bd,115,4.600000,2,0.262844,0.466571,0.8327
97c88547-33a9-4a59-b512-18fb381b01bd,116,4.640000,1,0.810233,0.537599,0.9353
97c88547-33a9-4a59-b512-18fb381b01bd,116,4.640000,2,0.262322,0.470745,0.8318
97c88547-33a9-4a59-b512-18fb381b01bd,117,4.680000,1,0.810303,0.536898,0.9356
97c88547-33a9-4a59-b512-18fb381b01bd,117,4.680000,2,0.261978,0.472123,0.8278
97c88547-33a9-4a59-b512-18fb381b01bd,118,4.720000,1,0.809406,0.536720,0.9352
97c88547-33a9-4a59-b512-18fb381b01bd,118,4.720000,2,0.261733,0.471322,0.8253
97c88547-33a9-4a59-b512-18fb381b01bd,119,4.760000,1,0.809397,0.536109,0.9352
97c88547-33a9-4a59-b512-18fb381b01bd,119,4.760000,2,0.260863,0.469929,0.8278
97c88547-33a9-4a59-b512-18fb381b01bd,120,4.800000,1,0.809167,0.536082,0.9348
97c88547-33a9-4a59-b512-18fb381b01bd,120,4.800000,2,0.260752,0.465510,0.8286
97c88547-33a9-4a59-b512-18fb381b01bd,121,4.840000,1,0.808298,0.535392,0.9306
97c88547-33a9-4a59-b512-18fb381b01bd,121,4.840000,2,0.260200,0.468430,0.8198
97c88547-33a9-4a59-b512-18fb381b01bd,122,4.880000,1,0.806872,0.535492,0.9294
97c88547-33a9-4a59-b512-18fb381b01bd,122,4.880000,2,0.260178,0.469938,0.8207
97c88547-33a9-4a59-b512-18fb381b01bd,123,4.920000,1,0.807061,0.536172,0.9310
97c88547-33a9-4a59-b512-18fb381b01bd,123,4.920000,2,0.259864,0.464373,0.8206
97c88547-33a9-4a59-b512-18fb381b01bd,124,4.960000,1,0.807012,0.537384,0.9320
97c88547-33a9-4a59-b512-18fb381b01bd,124,4.960000,2,0.259148,0.463969,0.8230
97c88547-33a9-4a59-b512-18fb381b01bd,125,5.000000,1,0.805608,0.537627,0.9339
97c88547-33a9-4a59-b512-18fb381b01bd,125,5.000000,2,0.258217,0.471574,0.8195
97c88547-33a9-4a59-b512-18fb381b01bd,126,5.040000,1,0.803819,0.538420,0.9378
97c88547-33a9-4a59-b512-18fb381b01bd,126,5.040000,2,0.257089,0.472988,0.8197
97c88547-33a9-4a59-b512-18fb381b01bd,127,5.080000,1,0.803676,0.540059,0.9349
97c88547-33a9-4a59-b512-18fb381b01bd,127,5.080000,2,0.256273,0.467727,0.8190
97c88547-33a9-4a59-b512-18fb381b01bd,128,5.120000,1,0.802815,0.540934,0.9359
97c88547-33a9-4a59-b512-18fb381b01bd,128,5.120000,2,0.255394,0.471722,0.8254
97c88547-33a9-4a59-b512-18fb381b01bd,129,5.160000,1,0.802176,0.539884,0.9348
97c88547-33a9-4a59-b512-18fb381b01bd,129,5.160000,2,0.254837,0.468681,0.8219
97c88547-33a9-4a59-b512-18fb381b01bd,130,5.200000,1,0.802020,0.538607,0.9373
97c88547-33a9-4a59-b512-18fb381b01bd,130,5.200000,2,0.253490,0.465744,0.8308
97c88547-33a9-4a59-b512-18fb381b01bd,131,5.240000,1,0.801800,0.538225,0.9378
97c88547-33a9-4a59-b512-18fb381b01bd,131,5.240000,2,0.252931,0.465171,0.8324
97c88547-33a9-4a59-b512-18fb381b01bd,132,5.280000,1,0.801898,0.537894,0.9376
97c88547-33a9-4a59-b512-18fb381b01bd,132,5.280000,2,0.253369,0.459048,0.8270
97c88547-33a9-4a59-b512-18fb381b01bd,133,5.320000,1,0.801161,0.537290,0.9384
97c88547-33a9-4a59-b512-18fb381b01bd,133,5.320000,2,0.252307,0.455163,0.8333
97c88547-33a9-4a59-b512-18fb381b01bd,134,5.360000,1,0.801293,0.536844,0.9365
97c88547-33a9-4a59-b512-18fb381b01bd,134,5.360000,2,0.251950,0.451391,0.8438
97c88547-33a9-4a59-b512-18fb381b01bd,135,5.400000,1,0.801274,0.535700,0.9373
97c88547-33a9-4a59-b512-18fb381b01bd,135,5.400000,2,0.251611,0.450586,0.8437
97c88547-33a9-4a59-b512-18fb381b01bd,136,5.440000,1,0.801179,0.534337,0.9363
97c88547-33a9-4a59-b512-18fb381b01bd,136,5.440000,2,0.250708,0.449943,0.8427
97c88547-33a9-4a59-b512-18fb381b01bd,137,5.480000,1,0.802217,0.533722,0.9335
97c88547-33a9-4a59-b512-18fb381b01bd,137,5.480000,2,0.250625,0.451337,0.8363
97c88547-33a9-4a59-b512-18fb381b01bd,138,5.520000,1,0.802288,0.533311,0.9320
97c88547-33a9-4a59-b512-18fb381b01bd,138,5.520000,2,0.249740,0.448748,0.8416
97c88547-33a9-4a59-b512-18fb381b01bd,139,5.560000,1,0.802529,0.533268,0.9301
97c88547-33a9-4a59-b512-18fb381b01bd,139,5.560000,2,0.248932,0.449190,0.8431
97c88547-33a9-4a59-b512-18fb381b01bd,140,5.600000,1,0.803220,0.534976,0.9281
97c88547-33a9-4a59-b512-18fb381b01bd,140,5.600000,2,0.248268,0.454155,0.8358
97c88547-33a9-4a59-b512-18fb381b01bd,141,5.640000,1,0.803875,0.533156,0.9286
97c88547-33a9-4a59-b512-18fb381b01bd,141,5.640000,2,0.247879,0.457844,0.8391
97c88547-33a9-4a59-b512-18fb381b01bd,142,5.680000,1,0.803741,0.530531,0.9292
97c88547-33a9-4a59-b512-18fb381b01bd,142,5.680000,2,0.247169,0.462004,0.8363
97c88547-33a9-4a59-b512-18fb381b01bd,143,5.720000,1,0.803609,0.529963,0.9293
97c88547-33a9-4a59-b512-18fb381b01bd,143,5.720000,2,0.246664,0.481991,0.8308
97c88547-33a9-4a59-b512-18fb381b01bd,144,5.760000,1,0.803137,0.529105,0.9280
97c88547-33a9-4a59-b512-18fb381b01bd,144,5.760000,2,0.246323,0.479577,0.8334
97c88547-33a9-4a59-b512-18fb381b01bd,145,5.800000,1,0.803355,0.529257,0.9293
97c88547-33a9-4a59-b512-18fb381b01bd,145,5.800000,2,0.246165,0.482623,0.8364
97c88547-33a9-4a59-b512-18fb381b01bd,146,5.840000,1,0.803323,0.528982,0.9292
97c88547-33a9-4a59-b512-18fb381b01bd,146,5.840000,2,0.246154,0.490862,0.8302
97c88547-33a9-4a59-b512-18fb381b01bd,147,5.880000,1,0.802970,0.527085,0.9280
97c88547-33a9-4a59-b512-18fb381b01bd,147,5.880000,2,0.246323,0.493496,0.8265
97c88547-33a9-4a59-b512-18fb381b01bd,148,5.920000,1,0.803440,0.528738,0.9288
97c88547-33a9-4a59-b512-18fb381b01bd,148,5.920000,2,0.246044,0.488138,0.8237
97c88547-33a9-4a59-b512-18fb381b01bd,149,5.960000,1,0.803978,0.527890,0.9293
97c88547-33a9-4a59-b512-18fb381b01bd,149,5.960000,2,0.245517,0.490298,0.8306
97c88547-33a9-4a59-b512-18fb381b01bd,150,6.000000,1,0.803819,0.527177,0.9279
97c88547-33a9-4a59-b512-18fb381b01bd,150,6.000000,2,0.245138,0.466867,0.8318
97c88547-33a9-4a59-b512-18fb381b01bd,151,6.040000,1,0.803817,0.529081,0.9294
97c88547-33a9-4a59-b512-18fb381b01bd,151,6.040000,2,0.244342,0.463903,0.8325
97c88547-33a9-4a59-b512-18fb381b01bd,152,6.080000,1,0.804221,0.528158,0.9269
97c88547-33a9-4a59-b512-18fb381b01bd,152,6.080000,2,0.243955,0.463678,0.8320
97c88547-33a9-4a59-b512-18fb381b01bd,153,6.120000,1,0.804576,0.529794,0.9294
97c88547-33a9-4a59-b512-18fb381b01bd,153,6.120000,2,0.242695,0.472472,0.8352
97c88547-33a9-4a59-b512-18fb381b01bd,154,6.160000,1,0.805804,0.529675,0.9292
97c88547-33a9-4a59-b512-18fb381b01bd,154,6.160000,2,0.241184,0.476832,0.8341
97c88547-33a9-4a59-b512-18fb381b01bd,155,6.200000,1,0.806694,0.529527,0.9273
97c88547-33a9-4a59-b512-18fb381b01bd,155,6.200000,2,0.240491,0.473807,0.8334
97c88547-33a9-4a59-b512-18fb381b01bd,156,6.240000,1,0.808646,0.530025,0.9263
97c88547-33a9-4a59-b512-18fb381b01bd,156,6.240000,2,0.239393,0.487628,0.8222
97c88547-33a9-4a59-b512-18fb381b01bd,157,6.280000,1,0.810583,0.530270,0.9280
97c88547-33a9-4a59-b512-18fb381b01bd,157,6.280000,2,0.239284,0.487141,0.8191
97c88547-33a9-4a59-b512-18fb381b01bd,158,6.320000,1,0.810543,0.529757,0.9275
97c88547-33a9-4a59-b512-18fb381b01bd,158,6.320000,2,0.239336,0.485067,0.8302
97c88547-33a9-4a59-b512-18fb381b01bd,159,6.360000,1,0.808207,0.530744,0.9276
97c88547-33a9-4a59-b512-18fb381b01bd,159,6.360000,2,0.238793,0.483853,0.8336
97c88547-33a9-4a59-b512-18fb381b01bd,160,6.400000,1,0.809530,0.530165,0.9265
97c88547-33a9-4a59-b512-18fb381b01bd,160,6.400000,2,0.239262,0.473533,0.8354
97c88547-33a9-4a59-b512-18fb381b01bd,161,6.440000,1,0.811086,0.532114,0.9259
97c88547-33a9-4a59-b512-18fb381b01bd,161,6.440000,2,0.237465,0.478861,0.8222
97c88547-33a9-4a59-b512-18fb381b01bd,162,6.480000,1,0.812131,0.531435,0.9255
97c88547-33a9-4a59-b512-18fb381b01bd,162,6.480000,2,0.236981,0.480716,0.8160
97c88547-33a9-4a59-b512-18fb381b01bd,163,6.520000,1,0.811785,0.530875,0.9278
97c88547-33a9-4a59-b512-18fb381b01bd,163,6.520000,2,0.235789,0.477335,0.8056
97c88547-33a9-4a59-b512-18fb381b01bd,164,6.560000,1,0.812767,0.527735,0.9284
97c88547-33a9-4a59-b512-18fb381b01bd,164,6.560000,2,0.236073,0.466461,0.8069
97c88547-33a9-4a59-b512-18fb381b01bd,165,6.600000,1,0.811276,0.529121,0.9273
97c88547-33a9-4a59-b512-18fb381b01bd,165,6.600000,2,0.237178,0.464939,0.8228
97c88547-33a9-4a59-b512-18fb381b01bd,166,6.640000,1,0.811687,0.529229,0.9269
97c88547-33a9-4a59-b512-18fb381b01bd,166,6.640000,2,0.236801,0.466198,0.8206
97c88547-33a9-4a59-b512-18fb381b01bd,167,6.680000,1,0.812606,0.529775,0.9302
97c88547-33a9-4a59-b512-18fb381b01bd,167,6.680000,2,0.236568,0.468469,0.8220
97c88547-33a9-4a59-b512-18fb381b01bd,168,6.720000,1,0.812217,0.530000,0.9304
97c88547-33a9-4a59-b512-18fb381b01bd,168,6.720000,2,0.235481,0.481305,0.8246
97c88547-33a9-4a59-b512-18fb381b01bd,169,6.760000,1,0.811763,0.530467,0.9310
97c88547-33a9-4a59-b512-18fb381b01bd,169,6.760000,2,0.234771,0.476419,0.8291
97c88547-33a9-4a59-b512-18fb381b01bd,170,6.800000,1,0.811307,0.530197,0.9328
97c88547-33a9-4a59-b512-18fb381b01bd,170,6.800000,2,0.234226,0.478383,0.8325
97c88547-33a9-4a59-b512-18fb381b01bd,171,6.840000,1,0.810199,0.530508,0.9335
97c88547-33a9-4a59-b512-18fb381b01bd,171,6.840000,2,0.234010,0.471750,0.8302
97c88547-33a9-4a59-b512-18fb381b01bd,172,6.880000,1,0.808635,0.530139,0.9340
97c88547-33a9-4a59-b512-18fb381b01bd,172,6.880000,2,0.233936,0.472509,0.8297
97c88547-33a9-4a59-b512-18fb381b01bd,173,6.920000,1,0.806844,0.529713,0.9350
97c88547-33a9-4a59-b512-18fb381b01bd,173,6.920000,2,0.233730,0.472725,0.8269
97c88547-33a9-4a59-b512-18fb381b01bd,174,6.960000,1,0.805607,0.530141,0.9374
97c88547-33a9-4a59-b512-18fb381b01bd,174,6.960000,2,0.233642,0.476857,0.8259
97c88547-33a9-4a59-b512-18fb381b01bd,175,7.000000,1,0.805028,0.530715,0.9398
97c88547-33a9-4a59-b512-18fb381b01bd,175,7.000000,2,0.233910,0.474412,0.8231
97c88547-33a9-4a59-b512-18fb381b01bd,176,7.040000,1,0.804055,0.531899,0.9392
97c88547-33a9-4a59-b512-18fb381b01bd,176,7.040000,2,0.232791,0.476967,0.8208
97c88547-33a9-4a59-b512-18fb381b01bd,177,7.080000,1,0.802999,0.532239,0.9383
97c88547-33a9-4a59-b512-18fb381b01bd,177,7.080000,2,0.232870,0.468569,0.8222
97c88547-33a9-4a59-b512-18fb381b01bd,178,7.120000,1,0.801195,0.532251,0.9371
97c88547-33a9-4a59-b512-18fb381b01bd,178,7.120000,2,0.233446,0.466901,0.8208
97c88547-33a9-4a59-b512-18fb381b01bd,179,7.160000,1,0.799595,0.532688,0.9330
97c88547-33a9-4a59-b512-18fb381b01bd,179,7.160000,2,0.233997,0.465599,0.8221
97c88547-33a9-4a59-b512-18fb381b01bd,180,7.200000,1,0.797604,0.533535,0.9331
97c88547-33a9-4a59-b512-18fb381b01bd,180,7.200000,2,0.233987,0.466320,0.8193
97c88547-33a9-4a59-b512-18fb381b01bd,181,7.240000,1,0.796347,0.533828,0.9301
97c88547-33a9-4a59-b512-18fb381b01bd,181,7.240000,2,0.232996,0.465195,0.8258
97c88547-33a9-4a59-b512-18fb381b01bd,182,7.280000,1,0.795397,0.533931,0.9306
97c88547-33a9-4a59-b512-18fb381b01bd,182,7.280000,2,0.233464,0.463932,0.8309
97c88547-33a9-4a59-b512-18fb381b01bd,183,7.320000,1,0.794854,0.532558,0.9290
97c88547-33a9-4a59-b512-18fb381b01bd,183,7.320000,2,0.234206,0.464091,0.8286
97c88547-33a9-4a59-b512-18fb381b01bd,184,7.360000,1,0.793146,0.534766,0.9300
97c88547-33a9-4a59-b512-18fb381b01bd,184,7.360000,2,0.234259,0.464737,0.8206
97c88547-33a9-4a59-b512-18fb381b01bd,185,7.400000,1,0.792281,0.534791,0.9315
97c88547-33a9-4a59-b512-18fb381b01bd,185,7.400000,2,0.235057,0.461704,0.8242
97c88547-33a9-4a59-b512-18fb381b01bd,186,7.440000,1,0.791696,0.534825,0.9321
97c88547-33a9-4a59-b512-18fb381b01bd,186,7.440000,2,0.234567,0.462861,0.8086
97c88547-33a9-4a59-b512-18fb381b01bd,187,7.480000,1,0.790371,0.535110,0.9334
97c88547-33a9-4a59-b512-18fb381b01bd,187,7.480000,2,0.236165,0.470053,0.8151
97c88547-33a9-4a59-b512-18fb381b01bd,188,7.520000,1,0.788565,0.536407,0.9333
97c88547-33a9-4a59-b512-18fb381b01bd,188,7.520000,2,0.236111,0.472217,0.7930
97c88547-33a9-4a59-b512-18fb381b01bd,189,7.560000,1,0.788078,0.538128,0.9337
97c88547-33a9-4a59-b512-18fb381b01bd,189,7.560000,2,0.237362,0.468197,0.7956
97c88547-33a9-4a59-b512-18fb381b01bd,190,7.600000,1,0.785295,0.539080,0.9325
97c88547-33a9-4a59-b512-18fb381b01bd,190,7.600000,2,0.237063,0.466121,0.7915
97c88547-33a9-4a59-b512-18fb381b01bd,191,7.640000,1,0.782808,0.540275,0.9329
97c88547-33a9-4a59-b512-18fb381b01bd,191,7.640000,2,0.236434,0.473539,0.7826
97c88547-33a9-4a59-b512-18fb381b01bd,192,7.680000,1,0.780852,0.540571,0.9313
97c88547-33a9-4a59-b512-18fb381b01bd,192,7.680000,2,0.237294,0.480231,0.7774
97c88547-33a9-4a59-b512-18fb381b01bd,193,7.720000,1,0.780012,0.541644,0.9307
97c88547-33a9-4a59-b512-18fb381b01bd,193,7.720000,2,0.237520,0.480786,0.7804
97c88547-33a9-4a59-b512-18fb381b01bd,194,7.760000,1,0.780649,0.541215,0.9330
97c88547-33a9-4a59-b512-18fb381b01bd,194,7.760000,2,0.233549,0.490106,0.7670
97c88547-33a9-4a59-b512-18fb381b01bd,195,7.800000,1,0.780258,0.541557,0.9318
97c88547-33a9-4a59-b512-18fb381b01bd,195,7.800000,2,0.235310,0.493420,0.7775
97c88547-33a9-4a59-b512-18fb381b01bd,196,7.840000,1,0.780579,0.539966,0.9329
97c88547-33a9-4a59-b512-18fb381b01bd,196,7.840000,2,0.239289,0.486224,0.7725
97c88547-33a9-4a59-b512-18fb381b01bd,197,7.880000,1,0.779957,0.540962,0.9323
97c88547-33a9-4a59-b512-18fb381b01bd,197,7.880000,2,0.242643,0.484704,0.7984
97c88547-33a9-4a59-b512-18fb381b01bd,198,7.920000,1,0.779833,0.541002,0.9337
97c88547-33a9-4a59-b512-18fb381b01bd,198,7.920000,2,0.245192,0.494418,0.8036
97c88547-33a9-4a59-b512-18fb381b01bd,199,7.960000,1,0.779193,0.542840,0.9312
97c88547-33a9-4a59-b512-18fb381b01bd,199,7.960000,2,0.246145,0.498768,0.8045
97c88547-33a9-4a59-b512-18fb381b01bd,200,8.000000,1,0.778669,0.543606,0.9313
97c88547-33a9-4a59-b512-18fb381b01bd,200,8.000000,2,0.246333,0.501140,0.8151
97c88547-33a9-4a59-b512-18fb381b01bd,201,8.040000,1,0.779330,0.544489,0.9297
97c88547-33a9-4a59-b512-18fb381b01bd,201,8.040000,2,0.246900,0.499452,0.8153
97c88547-33a9-4a59-b512-18fb381b01bd,202,8.080000,1,0.779622,0.544854,0.9307
97c88547-33a9-4a59-b512-18fb381b01bd,202,8.080000,2,0.249274,0.475057,0.8187
97c88547-33a9-4a59-b512-18fb381b01bd,203,8.120000,1,0.779694,0.546594,0.9304
97c88547-33a9-4a59-b512-18fb381b01bd,203,8.120000,2,0.250212,0.475678,0.8219
97c88547-33a9-4a59-b512-18fb381b01bd,204,8.160000,1,0.778027,0.547730,0.9287
97c88547-33a9-4a59-b512-18fb381b01bd,204,8.160000,2,0.250442,0.479723,0.8230
97c88547-33a9-4a59-b512-18fb381b01bd,205,8.200000,1,0.776123,0.548575,0.9263
97c88547-33a9-4a59-b512-18fb381b01bd,205,8.200000,2,0.250977,0.477879,0.8223
97c88547-33a9-4a59-b512-18fb381b01bd,206,8.240000,1,0.775748,0.548874,0.9264
97c88547-33a9-4a59-b512-18fb381b01bd,206,8.240000,2,0.251949,0.477140,0.8099
97c88547-33a9-4a59-b512-18fb381b01bd,207,8.280000,1,0.774720,0.549201,0.9267
97c88547-33a9-4a59-b512-18fb381b01bd,207,8.280000,2,0.249577,0.494677,0.8086
97c88547-33a9-4a59-b512-18fb381b01bd,208,8.320000,1,0.773111,0.550233,0.9288
97c88547-33a9-4a59-b512-18fb381b01bd,208,8.320000,2,0.249341,0.467705,0.7952
97c88547-33a9-4a59-b512-18fb381b01bd,209,8.360000,1,0.771669,0.549757,0.9306
97c88547-33a9-4a59-b512-18fb381b01bd,209,8.360000,2,0.246582,0.505772,0.8059
97c88547-33a9-4a59-b512-18fb381b01bd,210,8.400000,1,0.770711,0.550299,0.9324
97c88547-33a9-4a59-b512-18fb381b01bd,210,8.400000,2,0.246022,0.503617,0.7969
97c88547-33a9-4a59-b512-18fb381b01bd,211,8.440000,1,0.769350,0.546434,0.9353
97c88547-33a9-4a59-b512-18fb381b01bd,211,8.440000,2,0.246861,0.514695,0.7996
97c88547-33a9-4a59-b512-18fb381b01bd,212,8.480000,1,0.767654,0.546515,0.9352
97c88547-33a9-4a59-b512-18fb381b01bd,212,8.480000,2,0.244306,0.517051,0.7993
97c88547-33a9-4a59-b512-18fb381b01bd,213,8.520000,1,0.764820,0.546450,0.9333
97c88547-33a9-4a59-b512-18fb381b01bd,213,8.520000,2,0.243152,0.501643,0.7895
97c88547-33a9-4a59-b512-18fb381b01bd,214,8.560000,1,0.763727,0.545959,0.9322
97c88547-33a9-4a59-b512-18fb381b01bd,214,8.560000,2,0.239963,0.471096,0.7725
97c88547-33a9-4a59-b512-18fb381b01bd,215,8.600000,1,0.761201,0.546094,0.9294
97c88547-33a9-4a59-b512-18fb381b01bd,215,8.600000,2,0.237893,0.486349,0.7810
97c88547-33a9-4a59-b512-18fb381b01bd,216,8.640000,1,0.760898,0.547235,0.9325
97c88547-33a9-4a59-b512-18fb381b01bd,216,8.640000,2,0.236274,0.462596,0.8070
97c88547-33a9-4a59-b512-18fb381b01bd,217,8.680000,1,0.760697,0.545983,0.9349
97c88547-33a9-4a59-b512-18fb381b01bd,217,8.680000,2,0.236661,0.462957,0.8068
97c88547-33a9-4a59-b512-18fb381b01bd,218,8.720000,1,0.758784,0.545431,0.9342
97c88547-33a9-4a59-b512-18fb381b01bd,218,8.720000,2,0.238820,0.460643,0.7938
97c88547-33a9-4a59-b512-18fb381b01bd,219,8.760000,1,0.757960,0.544660,0.9336
97c88547-33a9-4a59-b512-18fb381b01bd,219,8.760000,2,0.242200,0.460737,0.7974
97c88547-33a9-4a59-b512-18fb381b01bd,220,8.800000,1,0.757504,0.545003,0.9334
97c88547-33a9-4a59-b512-18fb381b01bd,220,8.800000,2,0.238102,0.454293,0.7980
97c88547-33a9-4a59-b512-18fb381b01bd,221,8.840000,1,0.756154,0.545575,0.9342
97c88547-33a9-4a59-b512-18fb381b01bd,221,8.840000,2,0.236502,0.452524,0.8077
97c88547-33a9-4a59-b512-18fb381b01bd,222,8.880000,1,0.753664,0.546453,0.9407
97c88547-33a9-4a59-b512-18fb381b01bd,222,8.880000,2,0.235124,0.458759,0.8133
97c88547-33a9-4a59-b512-18fb381b01bd,223,8.920000,1,0.752204,0.544569,0.9417
97c88547-33a9-4a59-b512-18fb381b01bd,223,8.920000,2,0.232559,0.461629,0.8141
97c88547-33a9-4a59-b512-18fb381b01bd,224,8.960000,1,0.751625,0.545192,0.9431
97c88547-33a9-4a59-b512-18fb381b01bd,224,8.960000,2,0.231862,0.477739,0.8118
97c88547-33a9-4a59-b512-18fb381b01bd,225,9.000000,1,0.751153,0.546226,0.9429
97c88547-33a9-4a59-b512-18fb381b01bd,225,9.000000,2,0.230833,0.466665,0.8209
97c88547-33a9-4a59-b512-18fb381b01bd,226,9.040000,1,0.751094,0.545992,0.9436
97c88547-33a9-4a59-b512-18fb381b01bd,226,9.040000,2,0.229849,0.463988,0.8201
97c88547-33a9-4a59-b512-18fb381b01bd,227,9.080000,1,0.750291,0.546207,0.9436
97c88547-33a9-4a59-b512-18fb381b01bd,227,9.080000,2,0.229910,0.455319,0.8290
97c88547-33a9-4a59-b512-18fb381b01bd,228,9.120000,1,0.749569,0.546135,0.9425
97c88547-33a9-4a59-b512-18fb381b01bd,228,9.120000,2,0.229708,0.446510,0.8381
97c88547-33a9-4a59-b512-18fb381b01bd,229,9.160000,1,0.748106,0.546132,0.9420
97c88547-33a9-4a59-b512-18fb381b01bd,229,9.160000,2,0.227139,0.447894,0.8411
97c88547-33a9-4a59-b512-18fb381b01bd,230,9.200000,1,0.747748,0.548571,0.9406
97c88547-33a9-4a59-b512-18fb381b01bd,230,9.200000,2,0.227499,0.452073,0.8395
97c88547-33a9-4a59-b512-18fb381b01bd,231,9.240000,1,0.747463,0.547711,0.9401
97c88547-33a9-4a59-b512-18fb381b01bd,231,9.240000,2,0.227446,0.453517,0.8483
97c88547-33a9-4a59-b512-18fb381b01bd,232,9.280000,1,0.747651,0.547282,0.9405
97c88547-33a9-4a59-b512-18fb381b01bd,232,9.280000,2,0.227303,0.450916,0.8477
97c88547-33a9-4a59-b512-18fb381b01bd,233,9.320000,1,0.747647,0.547616,0.9402
97c88547-33a9-4a59-b512-18fb381b01bd,233,9.320000,2,0.225690,0.451150,0.8492
97c88547-33a9-4a59-b512-18fb381b01bd,234,9.360000,1,0.747347,0.548122,0.9436
97c88547-33a9-4a59-b512-18fb381b01bd,234,9.360000,2,0.225107,0.450321,0.8630
97c88547-33a9-4a59-b512-18fb381b01bd,235,9.400000,1,0.747442,0.547931,0.9419
97c88547-33a9-4a59-b512-18fb381b01bd,235,9.400000,2,0.223728,0.453231,0.8658
97c88547-33a9-4a59-b512-18fb381b01bd,236,9.440000,1,0.748079,0.547448,0.9414
97c88547-33a9-4a59-b512-18fb381b01bd,236,9.440000,2,0.222590,0.451482,0.8685
97c88547-33a9-4a59-b512-18fb381b01bd,237,9.480000,1,0.748674,0.546774,0.9405
97c88547-33a9-4a59-b512-18fb381b01bd,237,9.480000,2,0.219472,0.454365,0.8585
97c88547-33a9-4a59-b512-18fb381b01bd,238,9.520000,1,0.749772,0.546591,0.9415
97c88547-33a9-4a59-b512-18fb381b01bd,238,9.520000,2,0.214432,0.452615,0.8478
97c88547-33a9-4a59-b512-18fb381b01bd,239,9.560000,1,0.750087,0.545912,0.9397
97c88547-33a9-4a59-b512-18fb381b01bd,239,9.560000,2,0.215374,0.452594,0.8418
97c88547-33a9-4a59-b512-18fb381b01bd,240,9.600000,1,0.751199,0.546301,0.9404
97c88547-33a9-4a59-b512-18fb381b01bd,240,9.600000,2,0.215650,0.448513,0.8480
97c88547-33a9-4a59-b512-18fb381b01bd,241,9.640000,1,0.751383,0.546623,0.9378
97c88547-33a9-4a59-b512-18fb381b01bd,241,9.640000,2,0.218682,0.445458,0.8527
97c88547-33a9-4a59-b512-18fb381b01bd,242,9.680000,1,0.752551,0.546406,0.9353
97c88547-33a9-4a59-b512-18fb381b01bd,242,9.680000,2,0.219371,0.445668,0.8557
97c88547-33a9-4a59-b512-18fb381b01bd,243,9.720000,1,0.752530,0.545111,0.9352
97c88547-33a9-4a59-b512-18fb381b01bd,243,9.720000,2,0.219916,0.442305,0.8569
97c88547-33a9-4a59-b512-18fb381b01bd,244,9.760000,1,0.753840,0.544080,0.9320
97c88547-33a9-4a59-b512-18fb381b01bd,244,9.760000,2,0.219999,0.442984,0.8689
97c88547-33a9-4a59-b512-18fb381b01bd,245,9.800000,1,0.754886,0.544686,0.9329
97c88547-33a9-4a59-b512-18fb381b01bd,245,9.800000,2,0.223125,0.444080,0.8843
97c88547-33a9-4a59-b512-18fb381b01bd,246,9.840000,1,0.755564,0.543167,0.9312
97c88547-33a9-4a59-b512-18fb381b01bd,246,9.840000,2,0.224458,0.443836,0.8866
97c88547-33a9-4a59-b512-18fb381b01bd,247,9.880000,1,0.756621,0.542325,0.9297
97c88547-33a9-4a59-b512-18fb381b01bd,247,9.880000,2,0.225154,0.443734,0.8875
97c88547-33a9-4a59-b512-18fb381b01bd,248,9.920000,1,0.757809,0.542179,0.9322
97c88547-33a9-4a59-b512-18fb381b01bd,248,9.920000,2,0.226738,0.442893,0.8868
97c88547-33a9-4a59-b512-18fb381b01bd,249,9.960000,1,0.758066,0.542097,0.9324
97c88547-33a9-4a59-b512-18fb381b01bd,249,9.960000,2,0.228214,0.444695,0.8850
97c88547-33a9-4a59-b512-18fb381b01bd,250,10.000000,1,0.759133,0.541689,0.9318
97c88547-33a9-4a59-b512-18fb381b01bd,250,10.000000,2,0.228269,0.442860,0.8800
97c88547-33a9-4a59-b512-18fb381b01bd,251,10.040000,1,0.759646,0.541591,0.9311
97c88547-33a9-4a59-b512-18fb381b01bd,251,10.040000,2,0.228539,0.441077,0.8780
97c88547-33a9-4a59-b512-18fb381b01bd,252,10.080000,1,0.762103,0.541997,0.9328
97c88547-33a9-4a59-b512-18fb381b01bd,252,10.080000,2,0.229031,0.442030,0.8766
97c88547-33a9-4a59-b512-18fb381b01bd,253,10.120000,1,0.764153,0.540445,0.9330
97c88547-33a9-4a59-b512-18fb381b01bd,253,10.120000,2,0.229875,0.440249,0.8819
97c88547-33a9-4a59-b512-18fb381b01bd,254,10.160000,1,0.765224,0.540410,0.9315
97c88547-33a9-4a59-b512-18fb381b01bd,254,10.160000,2,0.230798,0.439560,0.8864
97c88547-33a9-4a59-b512-18fb381b01bd,255,10.200000,1,0.765339,0.539501,0.9306
97c88547-33a9-4a59-b512-18fb381b01bd,255,10.200000,2,0.231312,0.439279,0.8902
97c88547-33a9-4a59-b512-18fb381b01bd,256,10.240000,1,0.766182,0.540775,0.9292
97c88547-33a9-4a59-b512-18fb381b01bd,256,10.240000,2,0.230887,0.440121,0.8896
97c88547-33a9-4a59-b512-18fb381b01bd,257,10.280000,1,0.767174,0.539949,0.9279
97c88547-33a9-4a59-b512-18fb381b01bd,257,10.280000,2,0.231239,0.441258,0.8855
97c88547-33a9-4a59-b512-18fb381b01bd,258,10.320000,1,0.769597,0.537545,0.9257
97c88547-33a9-4a59-b512-18fb381b01bd,258,10.320000,2,0.232320,0.440483,0.8875
97c88547-33a9-4a59-b512-18fb381b01bd,259,10.360000,1,0.771121,0.536684,0.9263
97c88547-33a9-4a59-b512-18fb381b01bd,259,10.360000,2,0.233374,0.439614,0.8850
97c88547-33a9-4a59-b512-18fb381b01bd,260,10.400000,1,0.772646,0.536458,0.9274
97c88547-33a9-4a59-b512-18fb381b01bd,260,10.400000,2,0.233563,0.441729,0.8775
97c88547-33a9-4a59-b512-18fb381b01bd,261,10.440000,1,0.774334,0.534465,0.9273
97c88547-33a9-4a59-b512-18fb381b01bd,261,10.440000,2,0.233979,0.439820,0.8756
97c88547-33a9-4a59-b512-18fb381b01bd,262,10.480000,1,0.775610,0.533867,0.9289
97c88547-33a9-4a59-b512-18fb381b01bd,262,10.480000,2,0.234422,0.439026,0.8728
97c88547-33a9-4a59-b512-18fb381b01bd,263,10.520000,1,0.776528,0.533437,0.9303
97c88547-33a9-4a59-b512-18fb381b01bd,263,10.520000,2,0.234753,0.439387,0.8727
97c88547-33a9-4a59-b512-18fb381b01bd,264,10.560000,1,0.778813,0.534522,0.9291
97c88547-33a9-4a59-b512-18fb381b01bd,264,10.560000,2,0.235409,0.438857,0.8760
97c88547-33a9-4a59-b512-18fb381b01bd,265,10.600000,1,0.779570,0.534508,0.9302
97c88547-33a9-4a59-b512-18fb381b01bd,265,10.600000,2,0.236221,0.439718,0.8791
97c88547-33a9-4a59-b512-18fb381b01bd,266,10.640000,1,0.780589,0.534433,0.9310
97c88547-33a9-4a59-b512-18fb381b01bd,266,10.640000,2,0.236640,0.440223,0.8821
97c88547-33a9-4a59-b512-18fb381b01bd,267,10.680000,1,0.781676,0.533729,0.9319
97c88547-33a9-4a59-b512-18fb381b01bd,267,10.680000,2,0.236986,0.441671,0.8808
97c88547-33a9-4a59-b512-18fb381b01bd,268,10.720000,1,0.783042,0.533756,0.9310
97c88547-33a9-4a59-b512-18fb381b01bd,268,10.720000,2,0.237010,0.442509,0.8826
97c88547-33a9-4a59-b512-18fb381b01bd,269,10.760000,1,0.784996,0.533668,0.9301
97c88547-33a9-4a59-b512-18fb381b01bd,269,10.760000,2,0.237338,0.442339,0.8851
97c88547-33a9-4a59-b512-18fb381b01bd,270,10.800000,1,0.785279,0.533370,0.9280
97c88547-33a9-4a59-b512-18fb381b01bd,270,10.800000,2,0.237418,0.443338,0.8860
97c88547-33a9-4a59-b512-18fb381b01bd,271,10.840000,1,0.785541,0.532641,0.9319
97c88547-33a9-4a59-b512-18fb381b01bd,271,10.840000,2,0.237773,0.443205,0.8863
97c88547-33a9-4a59-b512-18fb381b01bd,272,10.880000,1,0.785164,0.533367,0.9306
97c88547-33a9-4a59-b512-18fb381b01bd,272,10.880000,2,0.237449,0.442992,0.8848
97c88547-33a9-4a59-b512-18fb381b01bd,273,10.920000,1,0.785490,0.532850,0.9301
97c88547-33a9-4a59-b512-18fb381b01bd,273,10.920000,2,0.237337,0.442165,0.8845
97c88547-33a9-4a59-b512-18fb381b01bd,274,10.960000,1,0.785544,0.531917,0.9287
97c88547-33a9-4a59-b512-18fb381b01bd,274,10.960000,2,0.237810,0.444290,0.8859
97c88547-33a9-4a59-b512-18fb381b01bd,275,11.000000,1,0.786380,0.530410,0.9293
97c88547-33a9-4a59-b512-18fb381b01bd,275,11.000000,2,0.238278,0.446383,0.8909
97c88547-33a9-4a59-b512-18fb381b01bd,276,11.040000,1,0.787026,0.530239,0.9287
97c88547-33a9-4a59-b512-18fb381b01bd,276,11.040000,2,0.238393,0.447183,0.8950
97c88547-33a9-4a59-b512-18fb381b01bd,277,11.080000,1,0.788457,0.529260,0.9287
97c88547-33a9-4a59-b512-18fb381b01bd,277,11.080000,2,0.237991,0.447168,0.8968
97c88547-33a9-4a59-b512-18fb381b01bd,278,11.120000,1,0.789660,0.529609,0.9284
97c88547-33a9-4a59-b512-18fb381b01bd,278,11.120000,2,0.238438,0.448641,0.8976
97c88547-33a9-4a59-b512-18fb381b01bd,279,11.160000,1,0.791296,0.529393,0.9304
97c88547-33a9-4a59-b512-18fb381b01bd,279,11.160000,2,0.237554,0.449928,0.8998
97c88547-33a9-4a59-b512-18fb381b01bd,280,11.200000,1,0.791524,0.529797,0.9275
97c88547-33a9-4a59-b512-18fb381b01bd,280,11.200000,2,0.236811,0.452371,0.9002
97c88547-33a9-4a59-b512-18fb381b01bd,281,11.240000,1,0.791963,0.529740,0.9252
97c88547-33a9-4a59-b512-18fb381b01bd,281,11.240000,2,0.235338,0.454193,0.8996
97c88547-33a9-4a59-b512-18fb381b01bd,282,11.280000,1,0.792610,0.529149,0.9245
97c88547-33a9-4a59-b512-18fb381b01bd,282,11.280000,2,0.233962,0.455577,0.8993
97c88547-33a9-4a59-b512-18fb381b01bd,283,11.320000,1,0.793355,0.530305,0.9236
97c88547-33a9-4a59-b512-18fb381b01bd,283,11.320000,2,0.233751,0.457240,0.8961
97c88547-33a9-4a59-b512-18fb381b01bd,284,11.360000,1,0.794119,0.530841,0.9236
97c88547-33a9-4a59-b512-18fb381b01bd,284,11.360000,2,0.231925,0.458135,0.8911
97c88547-33a9-4a59-b512-18fb381b01bd,285,11.400000,1,0.794424,0.530719,0.9247
97c88547-33a9-4a59-b512-18fb381b01bd,285,11.400000,2,0.229593,0.459059,0.8922
97c88547-33a9-4a59-b512-18fb381b01bd,286,11.440000,1,0.794929,0.530343,0.9264
97c88547-33a9-4a59-b512-18fb381b01bd,286,11.440000,2,0.226061,0.458946,0.8891
97c88547-33a9-4a59-b512-18fb381b01bd,287,11.480000,1,0.795007,0.529686,0.9275
97c88547-33a9-4a59-b512-18fb381b01bd,287,11.480000,2,0.224578,0.458148,0.8854
97c88547-33a9-4a59-b512-18fb381b01bd,288,11.520000,1,0.794731,0.529686,0.9269
97c88547-33a9-4a59-b512-18fb381b01bd,288,11.520000,2,0.224915,0.457560,0.8779
97c88547-33a9-4a59-b512-18fb381b01bd,289,11.560000,1,0.795782,0.528797,0.9277
97c88547-33a9-4a59-b512-18fb381b01bd,289,11.560000,2,0.222030,0.458260,0.8787
97c88547-33a9-4a59-b512-18fb381b01bd,290,11.600000,1,0.795997,0.528009,0.9262
97c88547-33a9-4a59-b512-18fb381b01bd,290,11.600000,2,0.221814,0.457523,0.8786
97c88547-33a9-4a59-b512-18fb381b01bd,291,11.640000,1,0.796456,0.527362,0.9253
97c88547-33a9-4a59-b512-18fb381b01bd,291,11.640000,2,0.221376,0.455840,0.8806
97c88547-33a9-4a59-b512-18fb381b01bd,292,11.680000,1,0.796330,0.525536,0.9243
97c88547-33a9-4a59-b512-18fb381b01bd,292,11.680000,2,0.220109,0.455554,0.8784
97c88547-33a9-4a59-b512-18fb381b01bd,293,11.720000,1,0.796248,0.525839,0.9241
97c88547-33a9-4a59-b512-18fb381b01bd,293,11.720000,2,0.219297,0.455031,0.8828
97c88547-33a9-4a59-b512-18fb381b01bd,294,11.760000,1,0.797313,0.527215,0.9253
97c88547-33a9-4a59-b512-18fb381b01bd,294,11.760000,2,0.218341,0.453076,0.8817
97c88547-33a9-4a59-b512-18fb381b01bd,295,11.800000,1,0.797765,0.525844,0.9245
97c88547-33a9-4a59-b512-18fb381b01bd,295,11.800000,2,0.217874,0.452052,0.8911
97c88547-33a9-4a59-b512-18fb381b01bd,296,11.840000,1,0.797514,0.525608,0.9258
97c88547-33a9-4a59-b512-18fb381b01bd,296,11.840000,2,0.217278,0.450325,0.8974
97c88547-33a9-4a59-b512-18fb381b01bd,297,11.880000,1,0.797828,0.525084,0.9246
97c88547-33a9-4a59-b512-18fb381b01bd,297,11.880000,2,0.216870,0.448452,0.9019
97c88547-33a9-4a59-b512-18fb381b01bd,298,11.920000,1,0.798550,0.523822,0.9250
97c88547-33a9-4a59-b512-18fb381b01bd,298,11.920000,2,0.216040,0.446902,0.8973
97c88547-33a9-4a59-b512-18fb381b01bd,299,11.960000,1,0.797977,0.524645,0.9255
97c88547-33a9-4a59-b512-18fb381b01bd,299,11.960000,2,0.215655,0.446801,0.8916
97c88547-33a9-4a59-b512-18fb381b01bd,300,12.000000,1,0.798268,0.524641,0.9268
97c88547-33a9-4a59-b512-18fb381b01bd,300,12.000000,2,0.215602,0.445768,0.8908
97c88547-33a9-4a59-b512-18fb381b01bd,301,12.040000,1,0.798447,0.524617,0.9257
97c88547-33a9-4a59-b512-18fb381b01bd,301,12.040000,2,0.215643,0.445433,0.8873
97c88547-33a9-4a59-b512-18fb381b01bd,302,12.080000,1,0.798430,0.525207,0.9248
97c88547-33a9-4a59-b512-18fb381b01bd,302,12.080000,2,0.215806,0.445890,0.8835
97c88547-33a9-4a59-b512-18fb381b01bd,303,12.120000,1,0.798870,0.524783,0.9268
97c88547-33a9-4a59-b512-18fb381b01bd,303,12.120000,2,0.215898,0.445242,0.8815
97c88547-33a9-4a59-b512-18fb381b01bd,304,12.160000,1,0.799194,0.524643,0.9272
97c88547-33a9-4a59-b512-18fb381b01bd,304,12.160000,2,0.215941,0.444268,0.8819
97c88547-33a9-4a59-b512-18fb381b01bd,305,12.200000,1,0.799013,0.524477,0.9268
97c88547-33a9-4a59-b512-18fb381b01bd,305,12.200000,2,0.216165,0.444228,0.8796
97c88547-33a9-4a59-b512-18fb381b01bd,306,12.240000,1,0.799178,0.524595,0.9280
97c88547-33a9-4a59-b512-18fb381b01bd,306,12.240000,2,0.216459,0.444445,0.8774
97c88547-33a9-4a59-b512-18fb381b01bd,307,12.280000,1,0.798949,0.523730,0.9270
97c88547-33a9-4a59-b512-18fb381b01bd,307,12.280000,2,0.216891,0.443088,0.8782
97c88547-33a9-4a59-b512-18fb381b01bd,308,12.320000,1,0.798227,0.523297,0.9267
97c88547-33a9-4a59-b512-18fb381b01bd,308,12.320000,2,0.217093,0.441764,0.8798
97c88547-33a9-4a59-b512-18fb381b01bd,309,12.360000,1,0.798902,0.522745,0.9265
97c88547-33a9-4a59-b512-18fb381b01bd,309,12.360000,2,0.217789,0.440694,0.8768
97c88547-33a9-4a59-b512-18fb381b01bd,310,12.400000,1,0.798831,0.522889,0.9252
97c88547-33a9-4a59-b512-18fb381b01bd,310,12.400000,2,0.217946,0.439834,0.8754
97c88547-33a9-4a59-b512-18fb381b01bd,311,12.440000,1,0.798977,0.523043,0.9260
97c88547-33a9-4a59-b512-18fb381b01bd,311,12.440000,2,0.217997,0.439903,0.8736
97c88547-33a9-4a59-b512-18fb381b01bd,312,12.480000,1,0.798654,0.522579,0.9255
97c88547-33a9-4a59-b512-18fb381b01bd,312,12.480000,2,0.218258,0.439277,0.8669
97c88547-33a9-4a59-b512-18fb381b01bd,313,12.520000,1,0.798127,0.522909,0.9244
97c88547-33a9-4a59-b512-18fb381b01bd,313,12.520000,2,0.218316,0.437742,0.8686
97c88547-33a9-4a59-b512-18fb381b01bd,314,12.560000,1,0.797573,0.522878,0.9235
97c88547-33a9-4a59-b512-18fb381b01bd,314,12.560000,2,0.218359,0.438566,0.8642
97c88547-33a9-4a59-b512-18fb381b01bd,315,12.600000,1,0.797255,0.522795,0.9260
97c88547-33a9-4a59-b512-18fb381b01bd,315,12.600000,2,0.217598,0.438650,0.8572
97c88547-33a9-4a59-b512-18fb381b01bd,316,12.640000,1,0.796779,0.523338,0.9284
97c88547-33a9-4a59-b512-18fb381b01bd,316,12.640000,2,0.217558,0.439493,0.8599
97c88547-33a9-4a59-b512-18fb381b01bd,317,12.680000,1,0.795925,0.523653,0.9279
97c88547-33a9-4a59-b512-18fb381b01bd,317,12.680000,2,0.217619,0.440339,0.8602
97c88547-33a9-4a59-b512-18fb381b01bd,318,12.720000,1,0.795705,0.523698,0.9273
97c88547-33a9-4a59-b512-18fb381b01bd,318,12.720000,2,0.217706,0.441281,0.8697
97c88547-33a9-4a59-b512-18fb381b01bd,319,12.760000,1,0.795399,0.524249,0.9277
97c88547-33a9-4a59-b512-18fb381b01bd,319,12.760000,2,0.218091,0.441688,0.8698
97c88547-33a9-4a59-b512-18fb381b01bd,320,12.800000,1,0.795014,0.524490,0.9264
97c88547-33a9-4a59-b512-18fb381b01bd,320,12.800000,2,0.217864,0.442052,0.8701
97c88547-33a9-4a59-b512-18fb381b01bd,321,12.840000,1,0.794841,0.524841,0.9253
97c88547-33a9-4a59-b512-18fb381b01bd,321,12.840000,2,0.218371,0.443427,0.8631
97c88547-33a9-4a59-b512-18fb381b01bd,322,12.880000,1,0.794194,0.524441,0.9244
97c88547-33a9-4a59-b512-18fb381b01bd,322,12.880000,2,0.218596,0.444208,0.8717
97c88547-33a9-4a59-b512-18fb381b01bd,323,12.920000,1,0.793830,0.524690,0.9252
97c88547-33a9-4a59-b512-18fb381b01bd,323,12.920000,2,0.218445,0.444441,0.8724
97c88547-33a9-4a59-b512-18fb381b01bd,324,12.960000,1,0.792990,0.523518,0.9255
97c88547-33a9-4a59-b512-18fb381b01bd,324,12.960000,2,0.219496,0.446701,0.8686
97c88547-33a9-4a59-b512-18fb381b01bd,325,13.000000,1,0.792618,0.523489,0.9232
97c88547-33a9-4a59-b512-18fb381b01bd,325,13.000000,2,0.219924,0.447099,0.8613
97c88547-33a9-4a59-b512-18fb381b01bd,326,13.040000,1,0.793409,0.525683,0.9226
97c88547-33a9-4a59-b512-18fb381b01bd,326,13.040000,2,0.220285,0.446354,0.8620
97c88547-33a9-4a59-b512-18fb381b01bd,327,13.080000,1,0.793260,0.526540,0.9256
97c88547-33a9-4a59-b512-18fb381b01bd,327,13.080000,2,0.220726,0.444614,0.8766
97c88547-33a9-4a59-b512-18fb381b01bd,328,13.120000,1,0.792993,0.527599,0.9240
97c88547-33a9-4a59-b512-18fb381b01bd,328,13.120000,2,0.221391,0.443976,0.8816
97c88547-33a9-4a59-b512-18fb381b01bd,329,13.160000,1,0.793096,0.527667,0.9229
97c88547-33a9-4a59-b512-18fb381b01bd,329,13.160000,2,0.222011,0.444484,0.8850
97c88547-33a9-4a59-b512-18fb381b01bd,330,13.200000,1,0.793366,0.527661,0.9228
97c88547-33a9-4a59-b512-18fb381b01bd,330,13.200000,2,0.222662,0.444332,0.8780
97c88547-33a9-4a59-b512-18fb381b01bd,331,13.240000,1,0.792292,0.527123,0.9215
97c88547-33a9-4a59-b512-18fb381b01bd,331,13.240000,2,0.222224,0.445977,0.8785
97c88547-33a9-4a59-b512-18fb381b01bd,332,13.280000,1,0.791935,0.527043,0.9205
97c88547-33a9-4a59-b512-18fb381b01bd,332,13.280000,2,0.222548,0.444899,0.8817
97c88547-33a9-4a59-b512-18fb381b01bd,333,13.320000,1,0.791694,0.527781,0.9209
97c88547-33a9-4a59-b512-18fb381b01bd,333,13.320000,2,0.223370,0.444578,0.8685
97c88547-33a9-4a59-b512-18fb381b01bd,334,13.360000,1,0.790089,0.528276,0.9217
97c88547-33a9-4a59-b512-18fb381b01bd,334,13.360000,2,0.223731,0.442519,0.8742
97c88547-33a9-4a59-b512-18fb381b01bd,335,13.400000,1,0.789494,0.527971,0.9204
97c88547-33a9-4a59-b512-18fb381b01bd,335,13.400000,2,0.224045,0.442101,0.8679
97c88547-33a9-4a59-b512-18fb381b01bd,336,13.440000,1,0.789865,0.527757,0.9230
97c88547-33a9-4a59-b512-18fb381b01bd,336,13.440000,2,0.224331,0.441765,0.8624
97c88547-33a9-4a59-b512-18fb381b01bd,337,13.480000,1,0.787684,0.527004,0.9220
97c88547-33a9-4a59-b512-18fb381b01bd,337,13.480000,2,0.225158,0.440216,0.8685
97c88547-33a9-4a59-b512-18fb381b01bd,338,13.520000,1,0.786327,0.526500,0.9241
97c88547-33a9-4a59-b512-18fb381b01bd,338,13.520000,2,0.225407,0.441966,0.8763
97c88547-33a9-4a59-b512-18fb381b01bd,339,13.560000,1,0.785460,0.525990,0.9256
97c88547-33a9-4a59-b512-18fb381b01bd,339,13.560000,2,0.227450,0.438913,0.8765
97c88547-33a9-4a59-b512-18fb381b01bd,340,13.600000,1,0.785312,0.524788,0.9271
97c88547-33a9-4a59-b512-18fb381b01bd,340,13.600000,2,0.226804,0.435266,0.8782
97c88547-33a9-4a59-b512-18fb381b01bd,341,13.640000,1,0.784514,0.524457,0.9278
97c88547-33a9-4a59-b512-18fb381b01bd,341,13.640000,2,0.227100,0.438809,0.8762
97c88547-33a9-4a59-b512-18fb381b01bd,342,13.680000,1,0.783235,0.524226,0.9278
97c88547-33a9-4a59-b512-18fb381b01bd,342,13.680000,2,0.225398,0.442094,0.8715
97c88547-33a9-4a59-b512-18fb381b01bd,343,13.720000,1,0.782643,0.524170,0.9260
97c88547-33a9-4a59-b512-18fb381b01bd,343,13.720000,2,0.220882,0.442657,0.8666
97c88547-33a9-4a59-b512-18fb381b01bd,344,13.760000,1,0.782053,0.523930,0.9238
97c88547-33a9-4a59-b512-18fb381b01bd,344,13.760000,2,0.218216,0.440113,0.8637
97c88547-33a9-4a59-b512-18fb381b01bd,345,13.800000,1,0.780764,0.524294,0.9232
97c88547-33a9-4a59-b512-18fb381b01bd,345,13.800000,2,0.216263,0.441172,0.8626
97c88547-33a9-4a59-b512-18fb381b01bd,346,13.840000,1,0.779992,0.522256,0.9239
97c88547-33a9-4a59-b512-18fb381b01bd,346,13.840000,2,0.214220,0.430569,0.8699
97c88547-33a9-4a59-b512-18fb381b01bd,347,13.880000,1,0.779314,0.520900,0.9204
97c88547-33a9-4a59-b512-18fb381b01bd,347,13.880000,2,0.211982,0.433884,0.8507
97c88547-33a9-4a59-b512-18fb381b01bd,348,13.920000,1,0.778735,0.520507,0.9196
97c88547-33a9-4a59-b512-18fb381b01bd,348,13.920000,2,0.208387,0.436625,0.8384
97c88547-33a9-4a59-b512-18fb381b01bd,349,13.960000,1,0.777385,0.520924,0.9230
97c88547-33a9-4a59-b512-18fb381b01bd,349,13.960000,2,0.207040,0.441277,0.8298
97c88547-33a9-4a59-b512-18fb381b01bd,350,14.000000,1,0.776492,0.520147,0.9239
97c88547-33a9-4a59-b512-18fb381b01bd,350,14.000000,2,0.208622,0.441345,0.8202
97c88547-33a9-4a59-b512-18fb381b01bd,351,14.040000,1,0.774508,0.519585,0.9269
97c88547-33a9-4a59-b512-18fb381b01bd,351,14.040000,2,0.203346,0.440737,0.8261
97c88547-33a9-4a59-b512-18fb381b01bd,352,14.080000,1,0.773515,0.520902,0.9265
97c88547-33a9-4a59-b512-18fb381b01bd,352,14.080000,2,0.199803,0.442544,0.8311
97c88547-33a9-4a59-b512-18fb381b01bd,353,14.120000,1,0.772842,0.521297,0.9266
97c88547-33a9-4a59-b512-18fb381b01bd,353,14.120000,2,0.197386,0.448334,0.8126
97c88547-33a9-4a59-b512-18fb381b01bd,354,14.160000,1,0.773241,0.521182,0.9252
97c88547-33a9-4a59-b512-18fb381b01bd,354,14.160000,2,0.197495,0.448957,0.8159
97c88547-33a9-4a59-b512-18fb381b01bd,355,14.200000,1,0.773041,0.522252,0.9253
97c88547-33a9-4a59-b512-18fb381b01bd,355,14.200000,2,0.196300,0.442926,0.8137
97c88547-33a9-4a59-b512-18fb381b01bd,356,14.240000,1,0.772794,0.522610,0.9248
97c88547-33a9-4a59-b512-18fb381b01bd,356,14.240000,2,0.196815,0.441972,0.8238
97c88547-33a9-4a59-b512-18fb381b01bd,357,14.280000,1,0.773484,0.523202,0.9232
97c88547-33a9-4a59-b512-18fb381b01bd,357,14.280000,2,0.197823,0.443022,0.8366
97c88547-33a9-4a59-b512-18fb381b01bd,358,14.320000,1,0.772869,0.523489,0.9230
97c88547-33a9-4a59-b512-18fb381b01bd,358,14.320000,2,0.199101,0.443836,0.8358
97c88547-33a9-4a59-b512-18fb381b01bd,359,14.360000,1,0.772355,0.523912,0.9249
97c88547-33a9-4a59-b512-18fb381b01bd,359,14.360000,2,0.200009,0.443220,0.8334
97c88547-33a9-4a59-b512-18fb381b01bd,360,14.400000,1,0.772267,0.523424,0.9206
97c88547-33a9-4a59-b512-18fb381b01bd,360,14.400000,2,0.199393,0.443860,0.8255
97c88547-33a9-4a59-b512-18fb381b01bd,361,14.440000,1,0.773150,0.525639,0.9225
97c88547-33a9-4a59-b512-18fb381b01bd,361,14.440000,2,0.199829,0.457263,0.8088
97c88547-33a9-4a59-b512-18fb381b01bd,362,14.480000,1,0.773561,0.527507,0.9213
97c88547-33a9-4a59-b512-18fb381b01bd,362,14.480000,2,0.200953,0.452173,0.8110
97c88547-33a9-4a59-b512-18fb381b01bd,363,14.520000,1,0.772850,0.527669,0.9227
97c88547-33a9-4a59-b512-18fb381b01bd,363,14.520000,2,0.201653,0.447363,0.8186
97c88547-33a9-4a59-b512-18fb381b01bd,364,14.560000,1,0.772753,0.527411,0.9218
97c88547-33a9-4a59-b512-18fb381b01bd,364,14.560000,2,0.202653,0.446629,0.8074
97c88547-33a9-4a59-b512-18fb381b01bd,365,14.600000,1,0.772529,0.527692,0.9220
97c88547-33a9-4a59-b512-18fb381b01bd,365,14.600000,2,0.203174,0.447579,0.8174
97c88547-33a9-4a59-b512-18fb381b01bd,366,14.640000,1,0.772576,0.527753,0.9227
97c88547-33a9-4a59-b512-18fb381b01bd,366,14.640000,2,0.203988,0.447917,0.8159
97c88547-33a9-4a59-b512-18fb381b01bd,367,14.680000,1,0.772855,0.527638,0.9225
97c88547-33a9-4a59-b512-18fb381b01bd,367,14.680000,2,0.203615,0.448021,0.8289
97c88547-33a9-4a59-b512-18fb381b01bd,368,14.720000,1,0.772727,0.528064,0.9230
97c88547-33a9-4a59-b512-18fb381b01bd,368,14.720000,2,0.203671,0.448964,0.8365
97c88547-33a9-4a59-b512-18fb381b01bd,369,14.760000,1,0.772966,0.527093,0.9233
97c88547-33a9-4a59-b512-18fb381b01bd,369,14.760000,2,0.203546,0.453907,0.8364
97c88547-33a9-4a59-b512-18fb381b01bd,370,14.800000,1,0.772475,0.526736,0.9216
97c88547-33a9-4a59-b512-18fb381b01bd,370,14.800000,2,0.203488,0.453031,0.8305
97c88547-33a9-4a59-b512-18fb381b01bd,371,14.840000,1,0.772794,0.526113,0.9226
97c88547-33a9-4a59-b512-18fb381b01bd,371,14.840000,2,0.203343,0.454037,0.8357
97c88547-33a9-4a59-b512-18fb381b01bd,372,14.880000,1,0.773047,0.525452,0.9222
97c88547-33a9-4a59-b512-18fb381b01bd,372,14.880000,2,0.203408,0.455429,0.8271
97c88547-33a9-4a59-b512-18fb381b01bd,373,14.920000,1,0.772551,0.525134,0.9205
97c88547-33a9-4a59-b512-18fb381b01bd,373,14.920000,2,0.203108,0.454891,0.8198
97c88547-33a9-4a59-b512-18fb381b01bd,374,14.960000,1,0.772743,0.524930,0.9208
97c88547-33a9-4a59-b512-18fb381b01bd,374,14.960000,2,0.203026,0.451204,0.8132
97c88547-33a9-4a59-b512-18fb381b01bd,375,15.000000,1,0.772462,0.524425,0.9202
97c88547-33a9-4a59-b512-18fb381b01bd,375,15.000000,2,0.202942,0.454716,0.8228
97c88547-33a9-4a59-b512-18fb381b01bd,376,15.040000,1,0.772429,0.525571,0.9212
97c88547-33a9-4a59-b512-18fb381b01bd,376,15.040000,2,0.202878,0.451783,0.8216
97c88547-33a9-4a59-b512-18fb381b01bd,377,15.080000,1,0.772489,0.525713,0.9205
97c88547-33a9-4a59-b512-18fb381b01bd,377,15.080000,2,0.202932,0.454988,0.8253
97c88547-33a9-4a59-b512-18fb381b01bd,378,15.120000,1,0.772870,0.526508,0.9196
97c88547-33a9-4a59-b512-18fb381b01bd,378,15.120000,2,0.202827,0.456239,0.8246
97c88547-33a9-4a59-b512-18fb381b01bd,379,15.160000,1,0.772597,0.526727,0.9214
97c88547-33a9-4a59-b512-18fb381b01bd,379,15.160000,2,0.202437,0.449338,0.8298
97c88547-33a9-4a59-b512-18fb381b01bd,380,15.200000,1,0.772043,0.527633,0.9219
97c88547-33a9-4a59-b512-18fb381b01bd,380,15.200000,2,0.202152,0.450114,0.8245
97c88547-33a9-4a59-b512-18fb381b01bd,381,15.240000,1,0.772308,0.528137,0.9216
97c88547-33a9-4a59-b512-18fb381b01bd,381,15.240000,2,0.201672,0.452273,0.8285
97c88547-33a9-4a59-b512-18fb381b01bd,382,15.280000,1,0.771734,0.528302,0.9211
97c88547-33a9-4a59-b512-18fb381b01bd,382,15.280000,2,0.201299,0.449235,0.8295
97c88547-33a9-4a59-b512-18fb381b01bd,383,15.320000,1,0.770786,0.529198,0.9212
97c88547-33a9-4a59-b512-18fb381b01bd,383,15.320000,2,0.200864,0.450180,0.8221
97c88547-33a9-4a59-b512-18fb381b01bd,384,15.360000,1,0.770703,0.529103,0.9208
97c88547-33a9-4a59-b512-18fb381b01bd,384,15.360000,2,0.200657,0.451172,0.8189
97c88547-33a9-4a59-b512-18fb381b01bd,385,15.400000,1,0.770679,0.529055,0.9220
97c88547-33a9-4a59-b512-18fb381b01bd,385,15.400000,2,0.200985,0.456246,0.8148
97c88547-33a9-4a59-b512-18fb381b01bd,386,15.440000,1,0.770105,0.528855,0.9219
97c88547-33a9-4a59-b512-18fb381b01bd,386,15.440000,2,0.201036,0.455822,0.8167
97c88547-33a9-4a59-b512-18fb381b01bd,387,15.480000,1,0.770534,0.529176,0.9221
97c88547-33a9-4a59-b512-18fb381b01bd,387,15.480000,2,0.199939,0.459620,0.8239
97c88547-33a9-4a59-b512-18fb381b01bd,388,15.520000,1,0.770800,0.529855,0.9224
97c88547-33a9-4a59-b512-18fb381b01bd,388,15.520000,2,0.199221,0.459400,0.8209
97c88547-33a9-4a59-b512-18fb381b01bd,389,15.560000,1,0.771005,0.530070,0.9235
97c88547-33a9-4a59-b512-18fb381b01bd,389,15.560000,2,0.199474,0.459197,0.8281
97c88547-33a9-4a59-b512-18fb381b01bd,390,15.600000,1,0.771119,0.530964,0.9234
97c88547-33a9-4a59-b512-18fb381b01bd,390,15.600000,2,0.199568,0.459302,0.8286
97c88547-33a9-4a59-b512-18fb381b01bd,391,15.640000,1,0.770740,0.532250,0.9252
97c88547-33a9-4a59-b512-18fb381b01bd,391,15.640000,2,0.200296,0.453647,0.8206
97c88547-33a9-4a59-b512-18fb381b01bd,392,15.680000,1,0.770732,0.532105,0.9248
97c88547-33a9-4a59-b512-18fb381b01bd,392,15.680000,2,0.199517,0.451296,0.8294
97c88547-33a9-4a59-b512-18fb381b01bd,393,15.720000,1,0.770106,0.531543,0.9242
97c88547-33a9-4a59-b512-18fb381b01bd,393,15.720000,2,0.199099,0.448665,0.8363
97c88547-33a9-4a59-b512-18fb381b01bd,394,15.760000,1,0.770759,0.532894,0.9234
97c88547-33a9-4a59-b512-18fb381b01bd,394,15.760000,2,0.199598,0.449847,0.8327
97c88547-33a9-4a59-b512-18fb381b01bd,395,15.800000,1,0.770776,0.533128,0.9248
97c88547-33a9-4a59-b512-18fb381b01bd,395,15.800000,2,0.200189,0.450158,0.8347
97c88547-33a9-4a59-b512-18fb381b01bd,396,15.840000,1,0.771376,0.533233,0.9271
97c88547-33a9-4a59-b512-18fb381b01bd,396,15.840000,2,0.200412,0.451736,0.8363
97c88547-33a9-4a59-b512-18fb381b01bd,397,15.880000,1,0.772394,0.533439,0.9266
97c88547-33a9-4a59-b512-18fb381b01bd,397,15.880000,2,0.200590,0.454135,0.8421
97c88547-33a9-4a59-b512-18fb381b01bd,398,15.920000,1,0.772903,0.533234,0.9276
97c88547-33a9-4a59-b512-18fb381b01bd,398,15.920000,2,0.200865,0.461645,0.8357
97c88547-33a9-4a59-b512-18fb381b01bd,399,15.960000,1,0.773054,0.534170,0.9257
97c88547-33a9-4a59-b512-18fb381b01bd,399,15.960000,2,0.201160,0.461593,0.8320
97c88547-33a9-4a59-b512-18fb381b01bd,400,16.000000,1,0.773156,0.533700,0.9252
97c88547-33a9-4a59-b512-18fb381b01bd,400,16.000000,2,0.201792,0.459981,0.8270
97c88547-33a9-4a59-b512-18fb381b01bd,401,16.040000,1,0.773995,0.533881,0.9255
97c88547-33a9-4a59-b512-18fb381b01bd,401,16.040000,2,0.201498,0.462923,0.8370
97c88547-33a9-4a59-b512-18fb381b01bd,402,16.080000,1,0.774728,0.533680,0.9260
97c88547-33a9-4a59-b512-18fb381b01bd,402,16.080000,2,0.202100,0.460884,0.8242
97c88547-33a9-4a59-b512-18fb381b01bd,403,16.120000,1,0.777175,0.533029,0.9238
97c88547-33a9-4a59-b512-18fb381b01bd,403,16.120000,2,0.202160,0.461791,0.8165
97c88547-33a9-4a59-b512-18fb381b01bd,404,16.160000,1,0.777991,0.533148,0.9251
97c88547-33a9-4a59-b512-18fb381b01bd,404,16.160000,2,0.202457,0.461946,0.8107
97c88547-33a9-4a59-b512-18fb381b01bd,405,16.200000,1,0.778122,0.532777,0.9283
97c88547-33a9-4a59-b512-18fb381b01bd,405,16.200000,2,0.202659,0.464997,0.8136
97c88547-33a9-4a59-b512-18fb381b01bd,406,16.240000,1,0.778868,0.532350,0.9277
97c88547-33a9-4a59-b512-18fb381b01bd,406,16.240000,2,0.202503,0.462199,0.8139
97c88547-33a9-4a59-b512-18fb381b01bd,407,16.280000,1,0.780605,0.531689,0.9303
97c88547-33a9-4a59-b512-18fb381b01bd,407,16.280000,2,0.202639,0.458806,0.8116
97c88547-33a9-4a59-b512-18fb381b01bd,408,16.320000,1,0.780748,0.532004,0.9298
97c88547-33a9-4a59-b512-18fb381b01bd,408,16.320000,2,0.202638,0.458623,0.8008
97c88547-33a9-4a59-b512-18fb381b01bd,409,16.360000,1,0.781851,0.531829,0.9290
97c88547-33a9-4a59-b512-18fb381b01bd,409,16.360000,2,0.202728,0.457216,0.8077
97c88547-33a9-4a59-b512-18fb381b01bd,410,16.400000,1,0.782275,0.530168,0.9299
97c88547-33a9-4a59-b512-18fb381b01bd,410,16.400000,2,0.202089,0.458912,0.8161
97c88547-33a9-4a59-b512-18fb381b01bd,411,16.440000,1,0.782971,0.530390,0.9303
97c88547-33a9-4a59-b512-18fb381b01bd,411,16.440000,2,0.202061,0.456920,0.8223
97c88547-33a9-4a59-b512-18fb381b01bd,412,16.480000,1,0.782823,0.530472,0.9316
97c88547-33a9-4a59-b512-18fb381b01bd,412,16.480000,2,0.202415,0.457297,0.8157
97c88547-33a9-4a59-b512-18fb381b01bd,413,16.520000,1,0.782771,0.531095,0.9317
97c88547-33a9-4a59-b512-18fb381b01bd,413,16.520000,2,0.202659,0.454672,0.8143
97c88547-33a9-4a59-b512-18fb381b01bd,414,16.560000,1,0.782197,0.531387,0.9324
97c88547-33a9-4a59-b512-18fb381b01bd,414,16.560000,2,0.202335,0.455291,0.8142
97c88547-33a9-4a59-b512-18fb381b01bd,415,16.600000,1,0.782866,0.531052,0.9324
97c88547-33a9-4a59-b512-18fb381b01bd,415,16.600000,2,0.201769,0.454442,0.8140
97c88547-33a9-4a59-b512-18fb381b01bd,416,16.640000,1,0.784305,0.532785,0.9307
97c88547-33a9-4a59-b512-18fb381b01bd,416,16.640000,2,0.201670,0.455454,0.8185
97c88547-33a9-4a59-b512-18fb381b01bd,417,16.680000,1,0.785946,0.532846,0.9306
97c88547-33a9-4a59-b512-18fb381b01bd,417,16.680000,2,0.202626,0.455999,0.8243
97c88547-33a9-4a59-b512-18fb381b01bd,418,16.720000,1,0.786856,0.533551,0.9301
97c88547-33a9-4a59-b512-18fb381b01bd,418,16.720000,2,0.204984,0.460209,0.8205
97c88547-33a9-4a59-b512-18fb381b01bd,419,16.760000,1,0.787946,0.533505,0.9309
97c88547-33a9-4a59-b512-18fb381b01bd,419,16.760000,2,0.206201,0.456723,0.8229
97c88547-33a9-4a59-b512-18fb381b01bd,420,16.800000,1,0.788930,0.533207,0.9306
97c88547-33a9-4a59-b512-18fb381b01bd,420,16.800000,2,0.207081,0.456031,0.8325
97c88547-33a9-4a59-b512-18fb381b01bd,421,16.840000,1,0.789418,0.535085,0.9301
97c88547-33a9-4a59-b512-18fb381b01bd,421,16.840000,2,0.207861,0.458665,0.8389
97c88547-33a9-4a59-b512-18fb381b01bd,422,16.880000,1,0.790615,0.537010,0.9304
97c88547-33a9-4a59-b512-18fb381b01bd,422,16.880000,2,0.208667,0.460107,0.8404
97c88547-33a9-4a59-b512-18fb381b01bd,423,16.920000,1,0.791549,0.539447,0.9292
97c88547-33a9-4a59-b512-18fb381b01bd,423,16.920000,2,0.209381,0.460098,0.8423
97c88547-33a9-4a59-b512-18fb381b01bd,424,16.960000,1,0.791648,0.540010,0.9288
97c88547-33a9-4a59-b512-18fb381b01bd,424,16.960000,2,0.205234,0.460555,0.8490
97c88547-33a9-4a59-b512-18fb381b01bd,425,17.000000,1,0.791893,0.539466,0.9282
97c88547-33a9-4a59-b512-18fb381b01bd,425,17.000000,2,0.203844,0.461652,0.8495
97c88547-33a9-4a59-b512-18fb381b01bd,426,17.040000,1,0.792310,0.539775,0.9284
97c88547-33a9-4a59-b512-18fb381b01bd,426,17.040000,2,0.203665,0.463169,0.8465
97c88547-33a9-4a59-b512-18fb381b01bd,427,17.080000,1,0.792875,0.540543,0.9292
97c88547-33a9-4a59-b512-18fb381b01bd,427,17.080000,2,0.203623,0.464159,0.8485
97c88547-33a9-4a59-b512-18fb381b01bd,428,17.120000,1,0.794066,0.540618,0.9288
97c88547-33a9-4a59-b512-18fb381b01bd,428,17.120000,2,0.203949,0.463630,0.8459
97c88547-33a9-4a59-b512-18fb381b01bd,429,17.160000,1,0.794549,0.539858,0.9286
97c88547-33a9-4a59-b512-18fb381b01bd,429,17.160000,2,0.203577,0.465035,0.8549
97c88547-33a9-4a59-b512-18fb381b01bd,430,17.200000,1,0.795204,0.540233,0.9280
97c88547-33a9-4a59-b512-18fb381b01bd,430,17.200000,2,0.203205,0.464679,0.8618
97c88547-33a9-4a59-b512-18fb381b01bd,431,17.240000,1,0.795451,0.540231,0.9284
97c88547-33a9-4a59-b512-18fb381b01bd,431,17.240000,2,0.203492,0.466853,0.8636
97c88547-33a9-4a59-b512-18fb381b01bd,432,17.280000,1,0.796040,0.540891,0.9296
97c88547-33a9-4a59-b512-18fb381b01bd,432,17.280000,2,0.203622,0.467838,0.8640
97c88547-33a9-4a59-b512-18fb381b01bd,433,17.320000,1,0.797098,0.542200,0.9289
97c88547-33a9-4a59-b512-18fb381b01bd,433,17.320000,2,0.203934,0.470085,0.8602
97c88547-33a9-4a59-b512-18fb381b01bd,434,17.360000,1,0.797802,0.541627,0.9295
97c88547-33a9-4a59-b512-18fb381b01bd,434,17.360000,2,0.204311,0.471371,0.8582
97c88547-33a9-4a59-b512-18fb381b01bd,435,17.400000,1,0.798588,0.541983,0.9311
97c88547-33a9-4a59-b512-18fb381b01bd,435,17.400000,2,0.205449,0.472417,0.8511
97c88547-33a9-4a59-b512-18fb381b01bd,436,17.440000,1,0.799832,0.542073,0.9324
97c88547-33a9-4a59-b512-18fb381b01bd,436,17.440000,2,0.206531,0.474567,0.8437
97c88547-33a9-4a59-b512-18fb381b01bd,437,17.480000,1,0.800648,0.542420,0.9289
97c88547-33a9-4a59-b512-18fb381b01bd,437,17.480000,2,0.207179,0.476759,0.8353
97c88547-33a9-4a59-b512-18fb381b01bd,438,17.520000,1,0.801293,0.543348,0.9289
97c88547-33a9-4a59-b512-18fb381b01bd,438,17.520000,2,0.209137,0.475215,0.8276
97c88547-33a9-4a59-b512-18fb381b01bd,439,17.560000,1,0.802309,0.541830,0.9314
97c88547-33a9-4a59-b512-18fb381b01bd,439,17.560000,2,0.210065,0.475332,0.8210
97c88547-33a9-4a59-b512-18fb381b01bd,440,17.600000,1,0.804349,0.542528,0.9339
97c88547-33a9-4a59-b512-18fb381b01bd,440,17.600000,2,0.211567,0.473671,0.8304
97c88547-33a9-4a59-b512-18fb381b01bd,441,17.640000,1,0.805795,0.542358,0.9332
97c88547-33a9-4a59-b512-18fb381b01bd,441,17.640000,2,0.212116,0.472282,0.8237
97c88547-33a9-4a59-b512-18fb381b01bd,442,17.680000,1,0.807272,0.541106,0.9287
97c88547-33a9-4a59-b512-18fb381b01bd,442,17.680000,2,0.213741,0.467948,0.8276
97c88547-33a9-4a59-b512-18fb381b01bd,443,17.720000,1,0.808811,0.539661,0.9256
97c88547-33a9-4a59-b512-18fb381b01bd,443,17.720000,2,0.213783,0.466823,0.8308
97c88547-33a9-4a59-b512-18fb381b01bd,444,17.760000,1,0.811562,0.539142,0.9246
97c88547-33a9-4a59-b512-18fb381b01bd,444,17.760000,2,0.213832,0.465801,0.8331
97c88547-33a9-4a59-b512-18fb381b01bd,445,17.800000,1,0.813896,0.539913,0.9246
97c88547-33a9-4a59-b512-18fb381b01bd,445,17.800000,2,0.216274,0.464391,0.8320
97c88547-33a9-4a59-b512-18fb381b01bd,446,17.840000,1,0.816069,0.540137,0.9234
97c88547-33a9-4a59-b512-18fb381b01bd,446,17.840000,2,0.218167,0.464416,0.8193
97c88547-33a9-4a59-b512-18fb381b01bd,447,17.880000,1,0.817754,0.539319,0.9238
97c88547-33a9-4a59-b512-18fb381b01bd,447,17.880000,2,0.222400,0.465146,0.8095
97c88547-33a9-4a59-b512-18fb381b01bd,448,17.920000,1,0.818852,0.537266,0.9257
97c88547-33a9-4a59-b512-18fb381b01bd,448,17.920000,2,0.227668,0.466765,0.8089
97c88547-33a9-4a59-b512-18fb381b01bd,449,17.960000,1,0.821723,0.541196,0.9232
97c88547-33a9-4a59-b512-18fb381b01bd,449,17.960000,2,0.223865,0.465218,0.8118
97c88547-33a9-4a59-b512-18fb381b01bd,450,18.000000,1,0.823514,0.533473,0.9247
97c88547-33a9-4a59-b512-18fb381b01bd,450,18.000000,2,0.220880,0.469720,0.8090
97c88547-33a9-4a59-b512-18fb381b01bd,451,18.040000,1,0.825523,0.537048,0.9243
97c88547-33a9-4a59-b512-18fb381b01bd,451,18.040000,2,0.223678,0.472118,0.8095
97c88547-33a9-4a59-b512-18fb381b01bd,452,18.080000,1,0.828636,0.538466,0.9246
97c88547-33a9-4a59-b512-18fb381b01bd,452,18.080000,2,0.220450,0.483477,0.8017
97c88547-33a9-4a59-b512-18fb381b01bd,453,18.120000,1,0.829030,0.538251,0.9249
97c88547-33a9-4a59-b512-18fb381b01bd,453,18.120000,2,0.219952,0.492522,0.8140
97c88547-33a9-4a59-b512-18fb381b01bd,454,18.160000,1,0.831059,0.538232,0.9270
97c88547-33a9-4a59-b512-18fb381b01bd,454,18.160000,2,0.220147,0.496882,0.8177
97c88547-33a9-4a59-b512-18fb381b01bd,455,18.200000,1,0.832922,0.537448,0.9299
97c88547-33a9-4a59-b512-18fb381b01bd,455,18.200000,2,0.220216,0.509750,0.8251
97c88547-33a9-4a59-b512-18fb381b01bd,456,18.240000,1,0.833836,0.537849,0.9300
97c88547-33a9-4a59-b512-18fb381b01bd,456,18.240000,2,0.219795,0.515450,0.8200
97c88547-33a9-4a59-b512-18fb381b01bd,457,18.280000,1,0.833661,0.538430,0.9275
97c88547-33a9-4a59-b512-18fb381b01bd,457,18.280000,2,0.221279,0.509136,0.8199
97c88547-33a9-4a59-b512-18fb381b01bd,458,18.320000,1,0.833987,0.539344,0.9256
97c88547-33a9-4a59-b512-18fb381b01bd,458,18.320000,2,0.235486,0.514479,0.8268
97c88547-33a9-4a59-b512-18fb381b01bd,459,18.360000,1,0.834032,0.541172,0.9258
97c88547-33a9-4a59-b512-18fb381b01bd,459,18.360000,2,0.236981,0.513419,0.8271
97c88547-33a9-4a59-b512-18fb381b01bd,460,18.400000,1,0.836057,0.541340,0.9272
97c88547-33a9-4a59-b512-18fb381b01bd,460,18.400000,2,0.237132,0.528475,0.8219
97c88547-33a9-4a59-b512-18fb381b01bd,461,18.440000,1,0.836313,0.541268,0.9264
97c88547-33a9-4a59-b512-18fb381b01bd,461,18.440000,2,0.238895,0.506336,0.8191
97c88547-33a9-4a59-b512-18fb381b01bd,462,18.480000,1,0.836805,0.541111,0.9252
97c88547-33a9-4a59-b512-18fb381b01bd,462,18.480000,2,0.240288,0.505259,0.8326
97c88547-33a9-4a59-b512-18fb381b01bd,463,18.520000,1,0.837240,0.539927,0.9247
97c88547-33a9-4a59-b512-18fb381b01bd,463,18.520000,2,0.240540,0.501674,0.8190
97c88547-33a9-4a59-b512-18fb381b01bd,464,18.560000,1,0.836083,0.538907,0.9256
97c88547-33a9-4a59-b512-18fb381b01bd,464,18.560000,2,0.240252,0.490019,0.7967
97c88547-33a9-4a59-b512-18fb381b01bd,465,18.600000,1,0.833560,0.538178,0.9240
97c88547-33a9-4a59-b512-18fb381b01bd,465,18.600000,2,0.239015,0.470387,0.8119
97c88547-33a9-4a59-b512-18fb381b01bd,466,18.640000,1,0.830962,0.538279,0.9258
97c88547-33a9-4a59-b512-18fb381b01bd,466,18.640000,2,0.237782,0.466401,0.8268
97c88547-33a9-4a59-b512-18fb381b01bd,467,18.680000,1,0.828424,0.537692,0.9285
97c88547-33a9-4a59-b512-18fb381b01bd,467,18.680000,2,0.235447,0.464851,0.8356
97c88547-33a9-4a59-b512-18fb381b01bd,468,18.720000,1,0.825894,0.536960,0.9292
97c88547-33a9-4a59-b512-18fb381b01bd,468,18.720000,2,0.236284,0.466507,0.8333
97c88547-33a9-4a59-b512-18fb381b01bd,469,18.760000,1,0.823456,0.534963,0.9309
97c88547-33a9-4a59-b512-18fb381b01bd,469,18.760000,2,0.236501,0.471923,0.8081
97c88547-33a9-4a59-b512-18fb381b01bd,470,18.800000,1,0.820574,0.535149,0.9378
97c88547-33a9-4a59-b512-18fb381b01bd,470,18.800000,2,0.231772,0.473650,0.7915
97c88547-33a9-4a59-b512-18fb381b01bd,471,18.840000,1,0.818152,0.534910,0.9439
97c88547-33a9-4a59-b512-18fb381b01bd,471,18.840000,2,0.235970,0.471910,0.8011
97c88547-33a9-4a59-b512-18fb381b01bd,472,18.880000,1,0.815997,0.533758,0.9408
97c88547-33a9-4a59-b512-18fb381b01bd,472,18.880000,2,0.236143,0.470110,0.7988
97c88547-33a9-4a59-b512-18fb381b01bd,473,18.920000,1,0.812922,0.534037,0.9448
97c88547-33a9-4a59-b512-18fb381b01bd,473,18.920000,2,0.233275,0.483698,0.7916
97c88547-33a9-4a59-b512-18fb381b01bd,474,18.960000,1,0.808604,0.534100,0.9448
97c88547-33a9-4a59-b512-18fb381b01bd,474,18.960000,2,0.232096,0.479271,0.8057
97c88547-33a9-4a59-b512-18fb381b01bd,475,19.000000,1,0.803400,0.536188,0.9439
97c88547-33a9-4a59-b512-18fb381b01bd,475,19.000000,2,0.231663,0.486946,0.7989
97c88547-33a9-4a59-b512-18fb381b01bd,476,19.040000,1,0.799548,0.536442,0.9480
97c88547-33a9-4a59-b512-18fb381b01bd,476,19.040000,2,0.233173,0.485774,0.7867
97c88547-33a9-4a59-b512-18fb381b01bd,477,19.080000,1,0.793588,0.534502,0.9448
97c88547-33a9-4a59-b512-18fb381b01bd,477,19.080000,2,0.234408,0.487892,0.7759
97c88547-33a9-4a59-b512-18fb381b01bd,478,19.120000,1,0.788627,0.535888,0.9508
97c88547-33a9-4a59-b512-18fb381b01bd,478,19.120000,2,0.235477,0.503946,0.7675
97c88547-33a9-4a59-b512-18fb381b01bd,479,19.160000,1,0.785598,0.536598,0.9546
97c88547-33a9-4a59-b512-18fb381b01bd,479,19.160000,2,0.236220,0.493145,0.7684
97c88547-33a9-4a59-b512-18fb381b01bd,480,19.200000,1,0.779290,0.537057,0.9565
97c88547-33a9-4a59-b512-18fb381b01bd,480,19.200000,2,0.236582,0.479206,0.7766
97c88547-33a9-4a59-b512-18fb381b01bd,481,19.240000,1,0.774305,0.536394,0.9558
97c88547-33a9-4a59-b512-18fb381b01bd,481,19.240000,2,0.236867,0.477648,0.7789
97c88547-33a9-4a59-b512-18fb381b01bd,482,19.280000,1,0.771395,0.537636,0.9535
97c88547-33a9-4a59-b512-18fb381b01bd,482,19.280000,2,0.236358,0.469148,0.7879
97c88547-33a9-4a59-b512-18fb381b01bd,483,19.320000,1,0.766717,0.537219,0.9550
97c88547-33a9-4a59-b512-18fb381b01bd,483,19.320000,2,0.236710,0.499209,0.7758
97c88547-33a9-4a59-b512-18fb381b01bd,484,19.360000,1,0.761866,0.539621,0.9554
97c88547-33a9-4a59-b512-18fb381b01bd,484,19.360000,2,0.237032,0.492243,0.7658
97c88547-33a9-4a59-b512-18fb381b01bd,485,19.400000,1,0.756132,0.539007,0.9570
97c88547-33a9-4a59-b512-18fb381b01bd,485,19.400000,2,0.237212,0.481107,0.7777
97c88547-33a9-4a59-b512-18fb381b01bd,486,19.440000,1,0.754559,0.541502,0.9586
97c88547-33a9-4a59-b512-18fb381b01bd,486,19.440000,2,0.236388,0.470658,0.7932
97c88547-33a9-4a59-b512-18fb381b01bd,487,19.480000,1,0.746292,0.542319,0.9569
97c88547-33a9-4a59-b512-18fb381b01bd,487,19.480000,2,0.236616,0.473348,0.8021
97c88547-33a9-4a59-b512-18fb381b01bd,488,19.520000,1,0.741092,0.544817,0.9553
97c88547-33a9-4a59-b512-18fb381b01bd,488,19.520000,2,0.236708,0.472112,0.8097
97c88547-33a9-4a59-b512-18fb381b01bd,489,19.560000,1,0.735041,0.543412,0.9547
97c88547-33a9-4a59-b512-18fb381b01bd,489,19.560000,2,0.238190,0.465621,0.8211
97c88547-33a9-4a59-b512-18fb381b01bd,490,19.600000,1,0.731883,0.544154,0.9531
97c88547-33a9-4a59-b512-18fb381b01bd,490,19.600000,2,0.238693,0.464401,0.8268
97c88547-33a9-4a59-b512-18fb381b01bd,491,19.640000,1,0.721274,0.543630,0.9504
97c88547-33a9-4a59-b512-18fb381b01bd,491,19.640000,2,0.239139,0.463222,0.8312
97c88547-33a9-4a59-b512-18fb381b01bd,492,19.680000,1,0.716885,0.545765,0.9517
97c88547-33a9-4a59-b512-18fb381b01bd,492,19.680000,2,0.239267,0.464124,0.8320
97c88547-33a9-4a59-b512-18fb381b01bd,493,19.720000,1,0.710540,0.546138,0.9563
97c88547-33a9-4a59-b512-18fb381b01bd,493,19.720000,2,0.239960,0.463821,0.8327
97c88547-33a9-4a59-b512-18fb381b01bd,494,19.760000,1,0.704493,0.547796,0.9571
97c88547-33a9-4a59-b512-18fb381b01bd,494,19.760000,2,0.240926,0.464313,0.8179
97c88547-33a9-4a59-b512-18fb381b01bd,495,19.800000,1,0.702441,0.548269,0.9581
97c88547-33a9-4a59-b512-18fb381b01bd,495,19.800000,2,0.241064,0.466150,0.8170
97c88547-33a9-4a59-b512-18fb381b01bd,496,19.840000,1,0.699980,0.547375,0.9579
97c88547-33a9-4a59-b512-18fb381b01bd,496,19.840000,2,0.241363,0.467733,0.8221
97c88547-33a9-4a59-b512-18fb381b01bd,497,19.880000,1,0.698450,0.547406,0.9577
97c88547-33a9-4a59-b512-18fb381b01bd,497,19.880000,2,0.241867,0.468348,0.8258
97c88547-33a9-4a59-b512-18fb381b01bd,498,19.920000,1,0.696554,0.546850,0.9587
97c88547-33a9-4a59-b512-18fb381b01bd,498,19.920000,2,0.242431,0.463835,0.8164
97c88547-33a9-4a59-b512-18fb381b01bd,499,19.960000,1,0.696036,0.545673,0.9585
97c88547-33a9-4a59-b512-18fb381b01bd,499,19.960000,2,0.242903,0.461098,0.8128
97c88547-33a9-4a59-b512-18fb381b01bd,500,20.000000,1,0.695671,0.545686,0.9583
97c88547-33a9-4a59-b512-18fb381b01bd,500,20.000000,2,0.242960,0.460528,0.8083
97c88547-33a9-4a59-b512-18fb381b01bd,501,20.040000,1,0.692904,0.545169,0.9581
97c88547-33a9-4a59-b512-18fb381b01bd,501,20.040000,2,0.243321,0.459170,0.8139
97c88547-33a9-4a59-b512-18fb381b01bd,502,20.080000,1,0.695572,0.545592,0.9566
97c88547-33a9-4a59-b512-18fb381b01bd,502,20.080000,2,0.243526,0.456831,0.8218
97c88547-33a9-4a59-b512-18fb381b01bd,503,20.120000,1,0.698337,0.545652,0.9570
97c88547-33a9-4a59-b512-18fb381b01bd,503,20.120000,2,0.243643,0.457346,0.8202
97c88547-33a9-4a59-b512-18fb381b01bd,504,20.160000,1,0.695821,0.546912,0.9561
97c88547-33a9-4a59-b512-18fb381b01bd,504,20.160000,2,0.244278,0.459181,0.8209
97c88547-33a9-4a59-b512-18fb381b01bd,505,20.200000,1,0.693005,0.547868,0.9570
97c88547-33a9-4a59-b512-18fb381b01bd,505,20.200000,2,0.244500,0.458381,0.8232
97c88547-33a9-4a59-b512-18fb381b01bd,506,20.240000,1,0.690860,0.547258,0.9573
97c88547-33a9-4a59-b512-18fb381b01bd,506,20.240000,2,0.244370,0.457999,0.8223
97c88547-33a9-4a59-b512-18fb381b01bd,507,20.280000,1,0.691330,0.546320,0.9573
97c88547-33a9-4a59-b512-18fb381b01bd,507,20.280000,2,0.244423,0.457304,0.8240
97c88547-33a9-4a59-b512-18fb381b01bd,508,20.320000,1,0.691245,0.546792,0.9566
97c88547-33a9-4a59-b512-18fb381b01bd,508,20.320000,2,0.244719,0.456730,0.8164
97c88547-33a9-4a59-b512-18fb381b01bd,509,20.360000,1,0.696006,0.547471,0.9562
97c88547-33a9-4a59-b512-18fb381b01bd,509,20.360000,2,0.244435,0.456150,0.8159
97c88547-33a9-4a59-b512-18fb381b01bd,510,20.400000,1,0.691496,0.547527,0.9555
97c88547-33a9-4a59-b512-18fb381b01bd,510,20.400000,2,0.244195,0.455850,0.8086
97c88547-33a9-4a59-b512-18fb381b01bd,511,20.440000,1,0.689861,0.547385,0.9567
97c88547-33a9-4a59-b512-18fb381b01bd,511,20.440000,2,0.244122,0.456460,0.8056
97c88547-33a9-4a59-b512-18fb381b01bd,512,20.480000,1,0.692602,0.547453,0.9570
97c88547-33a9-4a59-b512-18fb381b01bd,512,20.480000,2,0.244010,0.457381,0.8026
97c88547-33a9-4a59-b512-18fb381b01bd,513,20.520000,1,0.694809,0.547446,0.9566
97c88547-33a9-4a59-b512-18fb381b01bd,513,20.520000,2,0.243528,0.457602,0.8015
97c88547-33a9-4a59-b512-18fb381b01bd,514,20.560000,1,0.694166,0.545876,0.9561
97c88547-33a9-4a59-b512-18fb381b01bd,514,20.560000,2,0.243478,0.456678,0.8021
97c88547-33a9-4a59-b512-18fb381b01bd,515,20.600000,1,0.692925,0.547824,0.9561
97c88547-33a9-4a59-b512-18fb381b01bd,515,20.600000,2,0.243459,0.456022,0.7988
97c88547-33a9-4a59-b512-18fb381b01bd,516,20.640000,1,0.694530,0.548776,0.9548
97c88547-33a9-4a59-b512-18fb381b01bd,516,20.640000,2,0.243311,0.455865,0.8010
97c88547-33a9-4a59-b512-18fb381b01bd,517,20.680000,1,0.695657,0.548011,0.9554
97c88547-33a9-4a59-b512-18fb381b01bd,517,20.680000,2,0.242901,0.455794,0.8070
97c88547-33a9-4a59-b512-18fb381b01bd,518,20.720000,1,0.695792,0.547560,0.9547
97c88547-33a9-4a59-b512-18fb381b01bd,518,20.720000,2,0.242463,0.454007,0.8097
97c88547-33a9-4a59-b512-18fb381b01bd,519,20.760000,1,0.700524,0.548338,0.9552
97c88547-33a9-4a59-b512-18fb381b01bd,519,20.760000,2,0.242142,0.453904,0.8029
97c88547-33a9-4a59-b512-18fb381b01bd,520,20.800000,1,0.699447,0.549039,0.9550
97c88547-33a9-4a59-b512-18fb381b01bd,520,20.800000,2,0.242035,0.451507,0.8028
97c88547-33a9-4a59-b512-18fb381b01bd,521,20.840000,1,0.698414,0.548899,0.9537
97c88547-33a9-4a59-b512-18fb381b01bd,521,20.840000,2,0.241442,0.451060,0.8090
97c88547-33a9-4a59-b512-18fb381b01bd,522,20.880000,1,0.698617,0.546821,0.9538
97c88547-33a9-4a59-b512-18fb381b01bd,522,20.880000,2,0.240754,0.451019,0.8132
97c88547-33a9-4a59-b512-18fb381b01bd,523,20.920000,1,0.699441,0.546714,0.9539
97c88547-33a9-4a59-b512-18fb381b01bd,523,20.920000,2,0.240247,0.450008,0.8126
97c88547-33a9-4a59-b512-18fb381b01bd,524,20.960000,1,0.699857,0.547591,0.9518
97c88547-33a9-4a59-b512-18fb381b01bd,524,20.960000,2,0.240212,0.449677,0.8029
97c88547-33a9-4a59-b512-18fb381b01bd,525,21.000000,1,0.703001,0.548297,0.9530
97c88547-33a9-4a59-b512-18fb381b01bd,525,21.000000,2,0.239807,0.477955,0.7825
97c88547-33a9-4a59-b512-18fb381b01bd,526,21.040000,1,0.706738,0.547914,0.9515
97c88547-33a9-4a59-b512-18fb381b01bd,526,21.040000,2,0.239529,0.476813,0.7851
97c88547-33a9-4a59-b512-18fb381b01bd,527,21.080000,1,0.707539,0.549235,0.9529
97c88547-33a9-4a59-b512-18fb381b01bd,527,21.080000,2,0.239100,0.485690,0.8075
97c88547-33a9-4a59-b512-18fb381b01bd,528,21.120000,1,0.703202,0.548415,0.9558
97c88547-33a9-4a59-b512-18fb381b01bd,528,21.120000,2,0.238200,0.473054,0.8087
97c88547-33a9-4a59-b512-18fb381b01bd,529,21.160000,1,0.701832,0.554155,0.9543
97c88547-33a9-4a59-b512-18fb381b01bd,529,21.160000,2,0.236795,0.458064,0.8142
97c88547-33a9-4a59-b512-18fb381b01bd,530,21.200000,1,0.700398,0.553859,0.9547
97c88547-33a9-4a59-b512-18fb381b01bd,530,21.200000,2,0.235263,0.482254,0.8134
97c88547-33a9-4a59-b512-18fb381b01bd,531,21.240000,1,0.706490,0.553374,0.9559
97c88547-33a9-4a59-b512-18fb381b01bd,531,21.240000,2,0.235162,0.456746,0.8204
97c88547-33a9-4a59-b512-18fb381b01bd,532,21.280000,1,0.706809,0.553150,0.9542
97c88547-33a9-4a59-b512-18fb381b01bd,532,21.280000,2,0.233941,0.454060,0.8160
97c88547-33a9-4a59-b512-18fb381b01bd,533,21.320000,1,0.705268,0.548415,0.9542
97c88547-33a9-4a59-b512-18fb381b01bd,533,21.320000,2,0.231620,0.454223,0.8260
97c88547-33a9-4a59-b512-18fb381b01bd,534,21.360000,1,0.697909,0.548328,0.9546
97c88547-33a9-4a59-b512-18fb381b01bd,534,21.360000,2,0.229344,0.456715,0.8337
97c88547-33a9-4a59-b512-18fb381b01bd,535,21.400000,1,0.697879,0.547323,0.9553
97c88547-33a9-4a59-b512-18fb381b01bd,535,21.400000,2,0.228308,0.453731,0.8325
97c88547-33a9-4a59-b512-18fb381b01bd,536,21.440000,1,0.699281,0.547322,0.9582
97c88547-33a9-4a59-b512-18fb381b01bd,536,21.440000,2,0.226896,0.443648,0.8343
97c88547-33a9-4a59-b512-18fb381b01bd,537,21.480000,1,0.696658,0.546505,0.9577
97c88547-33a9-4a59-b512-18fb381b01bd,537,21.480000,2,0.226578,0.454023,0.8332
97c88547-33a9-4a59-b512-18fb381b01bd,538,21.520000,1,0.696312,0.546528,0.9587
97c88547-33a9-4a59-b512-18fb381b01bd,538,21.520000,2,0.227433,0.460933,0.8325
97c88547-33a9-4a59-b512-18fb381b01bd,539,21.560000,1,0.696156,0.545662,0.9529
97c88547-33a9-4a59-b512-18fb381b01bd,539,21.560000,2,0.227411,0.481815,0.8270
97c88547-33a9-4a59-b512-18fb381b01bd,540,21.600000,1,0.696431,0.546744,0.9516
97c88547-33a9-4a59-b512-18fb381b01bd,540,21.600000,2,0.225938,0.479323,0.8110
97c88547-33a9-4a59-b512-18fb381b01bd,541,21.640000,1,0.698842,0.547118,0.9463
97c88547-33a9-4a59-b512-18fb381b01bd,541,21.640000,2,0.224595,0.447818,0.8156
97c88547-33a9-4a59-b512-18fb381b01bd,542,21.680000,1,0.700441,0.546707,0.9316
97c88547-33a9-4a59-b512-18fb381b01bd,542,21.680000,2,0.221975,0.445956,0.8136
97c88547-33a9-4a59-b512-18fb381b01bd,543,21.720000,1,0.704589,0.546198,0.9395
97c88547-33a9-4a59-b512-18fb381b01bd,543,21.720000,2,0.221311,0.471585,0.7874
97c88547-33a9-4a59-b512-18fb381b01bd,544,21.760000,1,0.714705,0.544127,0.9158
97c88547-33a9-4a59-b512-18fb381b01bd,544,21.760000,2,0.220668,0.463093,0.7884
97c88547-33a9-4a59-b512-18fb381b01bd,545,21.800000,1,0.739701,0.547978,0.9108
97c88547-33a9-4a59-b512-18fb381b01bd,545,21.800000,2,0.219742,0.467095,0.7716
97c88547-33a9-4a59-b512-18fb381b01bd,546,21.840000,1,0.750907,0.549094,0.9169
97c88547-33a9-4a59-b512-18fb381b01bd,546,21.840000,2,0.219089,0.467343,0.7821
97c88547-33a9-4a59-b512-18fb381b01bd,547,21.880000,1,0.741499,0.548624,0.9091
97c88547-33a9-4a59-b512-18fb381b01bd,547,21.880000,2,0.217635,0.463251,0.8100
97c88547-33a9-4a59-b512-18fb381b01bd,548,21.920000,1,0.741013,0.547538,0.9123
97c88547-33a9-4a59-b512-18fb381b01bd,548,21.920000,2,0.216612,0.456957,0.8191
97c88547-33a9-4a59-b512-18fb381b01bd,549,21.960000,1,0.746097,0.545301,0.9048
97c88547-33a9-4a59-b512-18fb381b01bd,549,21.960000,2,0.215302,0.452388,0.8284
97c88547-33a9-4a59-b512-18fb381b01bd,550,22.000000,1,0.743223,0.545637,0.9065
97c88547-33a9-4a59-b512-18fb381b01bd,550,22.000000,2,0.214041,0.452076,0.8181
97c88547-33a9-4a59-b512-18fb381b01bd,551,22.040000,1,0.741831,0.545501,0.9037
97c88547-33a9-4a59-b512-18fb381b01bd,551,22.040000,2,0.212351,0.451978,0.8188
97c88547-33a9-4a59-b512-18fb381b01bd,552,22.080000,1,0.742392,0.543875,0.8984
97c88547-33a9-4a59-b512-18fb381b01bd,552,22.080000,2,0.210004,0.450872,0.8186
97c88547-33a9-4a59-b512-18fb381b01bd,553,22.120000,1,0.740387,0.544800,0.8939
97c88547-33a9-4a59-b512-18fb381b01bd,553,22.120000,2,0.209546,0.453748,0.8189
97c88547-33a9-4a59-b512-18fb381b01bd,554,22.160000,1,0.717248,0.547424,0.9196
97c88547-33a9-4a59-b512-18fb381b01bd,554,22.160000,2,0.207888,0.456729,0.8179
97c88547-33a9-4a59-b512-18fb381b01bd,555,22.200000,1,0.724916,0.549308,0.8963
97c88547-33a9-4a59-b512-18fb381b01bd,555,22.200000,2,0.207005,0.468743,0.7975
97c88547-33a9-4a59-b512-18fb381b01bd,556,22.240000,1,0.731359,0.547572,0.8988
97c88547-33a9-4a59-b512-18fb381b01bd,556,22.240000,2,0.205610,0.488752,0.7844
97c88547-33a9-4a59-b512-18fb381b01bd,557,22.280000,1,0.722809,0.552206,0.9128
97c88547-33a9-4a59-b512-18fb381b01bd,557,22.280000,2,0.203885,0.509494,0.7891
97c88547-33a9-4a59-b512-18fb381b01bd,558,22.320000,1,0.725760,0.552617,0.9112
97c88547-33a9-4a59-b512-18fb381b01bd,558,22.320000,2,0.202137,0.473961,0.8047
97c88547-33a9-4a59-b512-18fb381b01bd,559,22.360000,1,0.724599,0.553526,0.9265
97c88547-33a9-4a59-b512-18fb381b01bd,559,22.360000,2,0.200996,0.462571,0.8080
97c88547-33a9-4a59-b512-18fb381b01bd,560,22.400000,1,0.726994,0.553809,0.9194
97c88547-33a9-4a59-b512-18fb381b01bd,560,22.400000,2,0.200409,0.460426,0.8160
97c88547-33a9-4a59-b512-18fb381b01bd,561,22.440000,1,0.727030,0.554505,0.9188
97c88547-33a9-4a59-b512-18fb381b01bd,561,22.440000,2,0.199730,0.457558,0.8252
97c88547-33a9-4a59-b512-18fb381b01bd,562,22.480000,1,0.725008,0.555563,0.9238
97c88547-33a9-4a59-b512-18fb381b01bd,562,22.480000,2,0.199080,0.453277,0.8237
97c88547-33a9-4a59-b512-18fb381b01bd,563,22.520000,1,0.729074,0.555614,0.9256
97c88547-33a9-4a59-b512-18fb381b01bd,563,22.520000,2,0.197649,0.454214,0.8331
97c88547-33a9-4a59-b512-18fb381b01bd,564,22.560000,1,0.730255,0.557130,0.9262
97c88547-33a9-4a59-b512-18fb381b01bd,564,22.560000,2,0.197566,0.455778,0.8471
97c88547-33a9-4a59-b512-18fb381b01bd,565,22.600000,1,0.733190,0.557222,0.9215
97c88547-33a9-4a59-b512-18fb381b01bd,565,22.600000,2,0.197573,0.456471,0.8495
97c88547-33a9-4a59-b512-18fb381b01bd,566,22.640000,1,0.728933,0.558499,0.9268
97c88547-33a9-4a59-b512-18fb381b01bd,566,22.640000,2,0.197874,0.457433,0.8501
97c88547-33a9-4a59-b512-18fb381b01bd,567,22.680000,1,0.729303,0.558407,0.9323
97c88547-33a9-4a59-b512-18fb381b01bd,567,22.680000,2,0.198948,0.456756,0.8489
97c88547-33a9-4a59-b512-18fb381b01bd,568,22.720000,1,0.730549,0.558013,0.9314
97c88547-33a9-4a59-b512-18fb381b01bd,568,22.720000,2,0.199528,0.456642,0.8439
97c88547-33a9-4a59-b512-18fb381b01bd,569,22.760000,1,0.730487,0.557692,0.9369
97c88547-33a9-4a59-b512-18fb381b01bd,569,22.760000,2,0.199322,0.456217,0.8516
97c88547-33a9-4a59-b512-18fb381b01bd,570,22.800000,1,0.731618,0.558156,0.9367
97c88547-33a9-4a59-b512-18fb381b01bd,570,22.800000,2,0.199400,0.456715,0.8590
97c88547-33a9-4a59-b512-18fb381b01bd,571,22.840000,1,0.731656,0.558027,0.9374
97c88547-33a9-4a59-b512-18fb381b01bd,571,22.840000,2,0.199863,0.458974,0.8528
97c88547-33a9-4a59-b512-18fb381b01bd,572,22.880000,1,0.732445,0.558085,0.9375
97c88547-33a9-4a59-b512-18fb381b01bd,572,22.880000,2,0.200196,0.459771,0.8406
97c88547-33a9-4a59-b512-18fb381b01bd,573,22.920000,1,0.733415,0.559034,0.9369
97c88547-33a9-4a59-b512-18fb381b01bd,573,22.920000,2,0.200314,0.460908,0.8464
97c88547-33a9-4a59-b512-18fb381b01bd,574,22.960000,1,0.734329,0.559271,0.9317
97c88547-33a9-4a59-b512-18fb381b01bd,574,22.960000,2,0.200648,0.460979,0.8488
97c88547-33a9-4a59-b512-18fb381b01bd,575,23.000000,1,0.733592,0.559797,0.9348
97c88547-33a9-4a59-b512-18fb381b01bd,575,23.000000,2,0.200708,0.462005,0.8565
97c88547-33a9-4a59-b512-18fb381b01bd,576,23.040000,1,0.735387,0.558809,0.9326
97c88547-33a9-4a59-b512-18fb381b01bd,576,23.040000,2,0.201456,0.463080,0.8598
97c88547-33a9-4a59-b512-18fb381b01bd,577,23.080000,1,0.737656,0.559076,0.9310
97c88547-33a9-4a59-b512-18fb381b01bd,577,23.080000,2,0.202306,0.464041,0.8534
97c88547-33a9-4a59-b512-18fb381b01bd,578,23.120000,1,0.734247,0.558821,0.9324
97c88547-33a9-4a59-b512-18fb381b01bd,578,23.120000,2,0.202450,0.464749,0.8565
97c88547-33a9-4a59-b512-18fb381b01bd,579,23.160000,1,0.735392,0.558986,0.9309
97c88547-33a9-4a59-b512-18fb381b01bd,579,23.160000,2,0.202661,0.464990,0.8569
97c88547-33a9-4a59-b512-18fb381b01bd,580,23.200000,1,0.733353,0.561175,0.9308
97c88547-33a9-4a59-b512-18fb381b01bd,580,23.200000,2,0.202676,0.464819,0.8543
97c88547-33a9-4a59-b512-18fb381b01bd,581,23.240000,1,0.734622,0.561461,0.9337
97c88547-33a9-4a59-b512-18fb381b01bd,581,23.240000,2,0.202540,0.464218,0.8502
97c88547-33a9-4a59-b512-18fb381b01bd,582,23.280000,1,0.735229,0.561794,0.9384
97c88547-33a9-4a59-b512-18fb381b01bd,582,23.280000,2,0.202277,0.463990,0.8439
97c88547-33a9-4a59-b512-18fb381b01bd,583,23.320000,1,0.734777,0.562521,0.9373
97c88547-33a9-4a59-b512-18fb381b01bd,583,23.320000,2,0.201858,0.464225,0.8381
97c88547-33a9-4a59-b512-18fb381b01bd,584,23.360000,1,0.735243,0.561488,0.9382
97c88547-33a9-4a59-b512-18fb381b01bd,584,23.360000,2,0.201215,0.463274,0.8322
97c88547-33a9-4a59-b512-18fb381b01bd,585,23.400000,1,0.741101,0.561255,0.9359
97c88547-33a9-4a59-b512-18fb381b01bd,585,23.400000,2,0.200663,0.466929,0.8092
97c88547-33a9-4a59-b512-18fb381b01bd,586,23.440000,1,0.742944,0.561175,0.9381
97c88547-33a9-4a59-b512-18fb381b01bd,586,23.440000,2,0.200688,0.466127,0.8182
97c88547-33a9-4a59-b512-18fb381b01bd,587,23.480000,1,0.743854,0.559571,0.9340
97c88547-33a9-4a59-b512-18fb381b01bd,587,23.480000,2,0.200685,0.465214,0.8222
97c88547-33a9-4a59-b512-18fb381b01bd,588,23.520000,1,0.747842,0.558214,0.9360
97c88547-33a9-4a59-b512-18fb381b01bd,588,23.520000,2,0.200754,0.464870,0.8296
97c88547-33a9-4a59-b512-18fb381b01bd,589,23.560000,1,0.751569,0.558224,0.9365
97c88547-33a9-4a59-b512-18fb381b01bd,589,23.560000,2,0.201307,0.466216,0.8316
97c88547-33a9-4a59-b512-18fb381b01bd,590,23.600000,1,0.754831,0.557774,0.9376
97c88547-33a9-4a59-b512-18fb381b01bd,590,23.600000,2,0.202236,0.468101,0.8303
97c88547-33a9-4a59-b512-18fb381b01bd,591,23.640000,1,0.755971,0.557384,0.9357
97c88547-33a9-4a59-b512-18fb381b01bd,591,23.640000,2,0.202764,0.466581,0.8374
97c88547-33a9-4a59-b512-18fb381b01bd,592,23.680000,1,0.758034,0.558141,0.9343
97c88547-33a9-4a59-b512-18fb381b01bd,592,23.680000,2,0.203437,0.468840,0.8211
97c88547-33a9-4a59-b512-18fb381b01bd,593,23.720000,1,0.759047,0.558161,0.9357
97c88547-33a9-4a59-b512-18fb381b01bd,593,23.720000,2,0.204045,0.470928,0.8133
97c88547-33a9-4a59-b512-18fb381b01bd,594,23.760000,1,0.760554,0.557395,0.9341
97c88547-33a9-4a59-b512-18fb381b01bd,594,23.760000,2,0.203816,0.467590,0.8190
97c88547-33a9-4a59-b512-18fb381b01bd,595,23.800000,1,0.761653,0.556144,0.9318
97c88547-33a9-4a59-b512-18fb381b01bd,595,23.800000,2,0.203596,0.466992,0.8136
97c88547-33a9-4a59-b512-18fb381b01bd,596,23.840000,1,0.763104,0.555803,0.9300
97c88547-33a9-4a59-b512-18fb381b01bd,596,23.840000,2,0.204453,0.466182,0.8027
97c88547-33a9-4a59-b512-18fb381b01bd,597,23.880000,1,0.763348,0.555966,0.9285
97c88547-33a9-4a59-b512-18fb381b01bd,597,23.880000,2,0.204830,0.466925,0.8094
97c88547-33a9-4a59-b512-18fb381b01bd,598,23.920000,1,0.763292,0.556085,0.9274
97c88547-33a9-4a59-b512-18fb381b01bd,598,23.920000,2,0.205681,0.473128,0.7887
97c88547-33a9-4a59-b512-18fb381b01bd,599,23.960000,1,0.765149,0.556125,0.9255
97c88547-33a9-4a59-b512-18fb381b01bd,599,23.960000,2,0.205718,0.479191,0.7817
97c88547-33a9-4a59-b512-18fb381b01bd,600,24.000000,1,0.765860,0.555820,0.9273
97c88547-33a9-4a59-b512-18fb381b01bd,600,24.000000,2,0.204961,0.470661,0.8056
97c88547-33a9-4a59-b512-18fb381b01bd,601,24.040000,1,0.765487,0.556402,0.9263
97c88547-33a9-4a59-b512-18fb381b01bd,601,24.040000,2,0.204435,0.470003,0.8127
97c88547-33a9-4a59-b512-18fb381b01bd,602,24.080000,1,0.764497,0.555787,0.9279
97c88547-33a9-4a59-b512-18fb381b01bd,602,24.080000,2,0.204059,0.470449,0.8102
97c88547-33a9-4a59-b512-18fb381b01bd,603,24.120000,1,0.766111,0.555509,0.9248
97c88547-33a9-4a59-b512-18fb381b01bd,603,24.120000,2,0.203810,0.473498,0.7912
97c88547-33a9-4a59-b512-18fb381b01bd,604,24.160000,1,0.771588,0.554581,0.9208
97c88547-33a9-4a59-b512-18fb381b01bd,604,24.160000,2,0.201978,0.469513,0.8000
97c88547-33a9-4a59-b512-18fb381b01bd,605,24.200000,1,0.767510,0.554535,0.9198
97c88547-33a9-4a59-b512-18fb381b01bd,605,24.200000,2,0.200518,0.472186,0.8099
97c88547-33a9-4a59-b512-18fb381b01bd,606,24.240000,1,0.766398,0.555850,0.9209
97c88547-33a9-4a59-b512-18fb381b01bd,606,24.240000,2,0.200675,0.478106,0.8104
97c88547-33a9-4a59-b512-18fb381b01bd,607,24.280000,1,0.771502,0.557992,0.9199
97c88547-33a9-4a59-b512-18fb381b01bd,607,24.280000,2,0.200309,0.483695,0.8031
97c88547-33a9-4a59-b512-18fb381b01bd,608,24.320000,1,0.769479,0.555465,0.9215
97c88547-33a9-4a59-b512-18fb381b01bd,608,24.320000,2,0.201027,0.482809,0.8080
97c88547-33a9-4a59-b512-18fb381b01bd,609,24.360000,1,0.768000,0.555548,0.9228
97c88547-33a9-4a59-b512-18fb381b01bd,609,24.360000,2,0.199977,0.484333,0.8156
97c88547-33a9-4a59-b512-18fb381b01bd,610,24.400000,1,0.764255,0.556045,0.9267
97c88547-33a9-4a59-b512-18fb381b01bd,610,24.400000,2,0.199103,0.484278,0.8080
97c88547-33a9-4a59-b512-18fb381b01bd,611,24.440000,1,0.764127,0.556205,0.9277
97c88547-33a9-4a59-b512-18fb381b01bd,611,24.440000,2,0.198240,0.484802,0.8101
97c88547-33a9-4a59-b512-18fb381b01bd,612,24.480000,1,0.763780,0.555094,0.9290
97c88547-33a9-4a59-b512-18fb381b01bd,612,24.480000,2,0.197281,0.485377,0.8241
97c88547-33a9-4a59-b512-18fb381b01bd,613,24.520000,1,0.765778,0.554916,0.9262
97c88547-33a9-4a59-b512-18fb381b01bd,613,24.520000,2,0.196965,0.492002,0.8267
97c88547-33a9-4a59-b512-18fb381b01bd,614,24.560000,1,0.765115,0.552947,0.9284
97c88547-33a9-4a59-b512-18fb381b01bd,614,24.560000,2,0.197209,0.492427,0.8239
97c88547-33a9-4a59-b512-18fb381b01bd,615,24.600000,1,0.766709,0.553536,0.9287
97c88547-33a9-4a59-b512-18fb381b01bd,615,24.600000,2,0.197127,0.491825,0.8325
97c88547-33a9-4a59-b512-18fb381b01bd,616,24.640000,1,0.765916,0.553540,0.9313
97c88547-33a9-4a59-b512-18fb381b01bd,616,24.640000,2,0.196214,0.490663,0.8340
97c88547-33a9-4a59-b512-18fb381b01bd,617,24.680000,1,0.765328,0.552694,0.9321
97c88547-33a9-4a59-b512-18fb381b01bd,617,24.680000,2,0.195893,0.489891,0.8315
97c88547-33a9-4a59-b512-18fb381b01bd,618,24.720000,1,0.766336,0.553607,0.9337
97c88547-33a9-4a59-b512-18fb381b01bd,618,24.720000,2,0.195526,0.487017,0.8375
97c88547-33a9-4a59-b512-18fb381b01bd,619,24.760000,1,0.765693,0.549366,0.9310
97c88547-33a9-4a59-b512-18fb381b01bd,619,24.760000,2,0.195044,0.490343,0.8360
97c88547-33a9-4a59-b512-18fb381b01bd,620,24.800000,1,0.764823,0.549475,0.9362
97c88547-33a9-4a59-b512-18fb381b01bd,620,24.800000,2,0.195273,0.492182,0.8310
97c88547-33a9-4a59-b512-18fb381b01bd,621,24.840000,1,0.765500,0.551174,0.9394
97c88547-33a9-4a59-b512-18fb381b01bd,621,24.840000,2,0.194947,0.488824,0.8349
97c88547-33a9-4a59-b512-18fb381b01bd,622,24.880000,1,0.765870,0.548940,0.9413
97c88547-33a9-4a59-b512-18fb381b01bd,622,24.880000,2,0.194812,0.486493,0.8388
97c88547-33a9-4a59-b512-18fb381b01bd,623,24.920000,1,0.766337,0.549297,0.9439
97c88547-33a9-4a59-b512-18fb381b01bd,623,24.920000,2,0.194223,0.488163,0.8366
97c88547-33a9-4a59-b512-18fb381b01bd,624,24.960000,1,0.767128,0.548794,0.9440
97c88547-33a9-4a59-b512-18fb381b01bd,624,24.960000,2,0.194087,0.486135,0.8362
97c88547-33a9-4a59-b512-18fb381b01bd,625,25.000000,1,0.768037,0.548277,0.9433
97c88547-33a9-4a59-b512-18fb381b01bd,625,25.000000,2,0.193461,0.483236,0.8421
97c88547-33a9-4a59-b512-18fb381b01bd,626,25.040000,1,0.769522,0.552181,0.9437
97c88547-33a9-4a59-b512-18fb381b01bd,626,25.040000,2,0.191530,0.482949,0.8462
97c88547-33a9-4a59-b512-18fb381b01bd,627,25.080000,1,0.769367,0.553287,0.9435
97c88547-33a9-4a59-b512-18fb381b01bd,627,25.080000,2,0.191631,0.481221,0.8488
97c88547-33a9-4a59-b512-18fb381b01bd,628,25.120000,1,0.769523,0.552630,0.9428
97c88547-33a9-4a59-b512-18fb381b01bd,628,25.120000,2,0.191655,0.479229,0.8505
97c88547-33a9-4a59-b512-18fb381b01bd,629,25.160000,1,0.770360,0.553443,0.9428
97c88547-33a9-4a59-b512-18fb381b01bd,629,25.160000,2,0.191092,0.477545,0.8521
97c88547-33a9-4a59-b512-18fb381b01bd,630,25.200000,1,0.770423,0.552195,0.9437
97c88547-33a9-4a59-b512-18fb381b01bd,630,25.200000,2,0.190928,0.478998,0.8434
97c88547-33a9-4a59-b512-18fb381b01bd,631,25.240000,1,0.771118,0.551140,0.9445
97c88547-33a9-4a59-b512-18fb381b01bd,631,25.240000,2,0.190575,0.477150,0.8456
97c88547-33a9-4a59-b512-18fb381b01bd,632,25.280000,1,0.773662,0.549713,0.9438
97c88547-33a9-4a59-b512-18fb381b01bd,632,25.280000,2,0.190841,0.475533,0.8455
97c88547-33a9-4a59-b512-18fb381b01bd,633,25.320000,1,0.775234,0.548406,0.9442
97c88547-33a9-4a59-b512-18fb381b01bd,633,25.320000,2,0.191219,0.473839,0.8416
97c88547-33a9-4a59-b512-18fb381b01bd,634,25.360000,1,0.775607,0.548234,0.9451
97c88547-33a9-4a59-b512-18fb381b01bd,634,25.360000,2,0.191664,0.471968,0.8430
97c88547-33a9-4a59-b512-18fb381b01bd,635,25.400000,1,0.776263,0.547795,0.9453
97c88547-33a9-4a59-b512-18fb381b01bd,635,25.400000,2,0.191745,0.471558,0.8369
97c88547-33a9-4a59-b512-18fb381b01bd,636,25.440000,1,0.778053,0.548388,0.9469
97c88547-33a9-4a59-b512-18fb381b01bd,636,25.440000,2,0.193209,0.470697,0.8352
97c88547-33a9-4a59-b512-18fb381b01bd,637,25.480000,1,0.779251,0.547886,0.9476
97c88547-33a9-4a59-b512-18fb381b01bd,637,25.480000,2,0.194372,0.470558,0.8343
97c88547-33a9-4a59-b512-18fb381b01bd,638,25.520000,1,0.780151,0.549143,0.9481
97c88547-33a9-4a59-b512-18fb381b01bd,638,25.520000,2,0.195339,0.469565,0.8387
97c88547-33a9-4a59-b512-18fb381b01bd,639,25.560000,1,0.780600,0.548637,0.9505
97c88547-33a9-4a59-b512-18fb381b01bd,639,25.560000,2,0.195557,0.470605,0.8294
97c88547-33a9-4a59-b512-18fb381b01bd,640,25.600000,1,0.781914,0.547793,0.9534
97c88547-33a9-4a59-b512-18fb381b01bd,640,25.600000,2,0.196580,0.470846,0.8337
97c88547-33a9-4a59-b512-18fb381b01bd,641,25.640000,1,0.782764,0.549285,0.9542
97c88547-33a9-4a59-b512-18fb381b01bd,641,25.640000,2,0.196737,0.472687,0.8279
97c88547-33a9-4a59-b512-18fb381b01bd,642,25.680000,1,0.783320,0.550293,0.9525
97c88547-33a9-4a59-b512-18fb381b01bd,642,25.680000,2,0.197788,0.474610,0.8321
97c88547-33a9-4a59-b512-18fb381b01bd,643,25.720000,1,0.785474,0.550652,0.9523
97c88547-33a9-4a59-b512-18fb381b01bd,643,25.720000,2,0.197944,0.475066,0.8379
97c88547-33a9-4a59-b512-18fb381b01bd,644,25.760000,1,0.786940,0.552016,0.9540
97c88547-33a9-4a59-b512-18fb381b01bd,644,25.760000,2,0.197816,0.475655,0.8457
97c88547-33a9-4a59-b512-18fb381b01bd,645,25.800000,1,0.789881,0.551181,0.9518
97c88547-33a9-4a59-b512-18fb381b01bd,645,25.800000,2,0.197828,0.476360,0.8418
97c88547-33a9-4a59-b512-18fb381b01bd,646,25.840000,1,0.793145,0.552161,0.9469
97c88547-33a9-4a59-b512-18fb381b01bd,646,25.840000,2,0.197690,0.476723,0.8436
97c88547-33a9-4a59-b512-18fb381b01bd,647,25.880000,1,0.796506,0.549608,0.9461
97c88547-33a9-4a59-b512-18fb381b01bd,647,25.880000,2,0.197511,0.476217,0.8447
97c88547-33a9-4a59-b512-18fb381b01bd,648,25.920000,1,0.799485,0.549376,0.9487
97c88547-33a9-4a59-b512-18fb381b01bd,648,25.920000,2,0.197271,0.475911,0.8481
97c88547-33a9-4a59-b512-18fb381b01bd,649,25.960000,1,0.803094,0.550198,0.9513
97c88547-33a9-4a59-b512-18fb381b01bd,649,25.960000,2,0.197139,0.475649,0.8430
97c88547-33a9-4a59-b512-18fb381b01bd,650,26.000000,1,0.807574,0.549765,0.9504
97c88547-33a9-4a59-b512-18fb381b01bd,650,26.000000,2,0.197715,0.475822,0.8468
97c88547-33a9-4a59-b512-18fb381b01bd,651,26.040000,1,0.811238,0.548861,0.9471
97c88547-33a9-4a59-b512-18fb381b01bd,651,26.040000,2,0.197930,0.476283,0.8490
97c88547-33a9-4a59-b512-18fb381b01bd,652,26.080000,1,0.814394,0.549078,0.9487
97c88547-33a9-4a59-b512-18fb381b01bd,652,26.080000,2,0.197340,0.477568,0.8466
97c88547-33a9-4a59-b512-18fb381b01bd,653,26.120000,1,0.816327,0.547295,0.9484
97c88547-33a9-4a59-b512-18fb381b01bd,653,26.120000,2,0.196093,0.477310,0.8474
97c88547-33a9-4a59-b512-18fb381b01bd,654,26.160000,1,0.820175,0.549270,0.9479
97c88547-33a9-4a59-b512-18fb381b01bd,654,26.160000,2,0.195345,0.477114,0.8513
97c88547-33a9-4a59-b512-18fb381b01bd,655,26.200000,1,0.822503,0.547295,0.9503
97c88547-33a9-4a59-b512-18fb381b01bd,655,26.200000,2,0.194705,0.476813,0.8496
97c88547-33a9-4a59-b512-18fb381b01bd,656,26.240000,1,0.825920,0.545840,0.9532
97c88547-33a9-4a59-b512-18fb381b01bd,656,26.240000,2,0.194273,0.477154,0.8507
97c88547-33a9-4a59-b512-18fb381b01bd,657,26.280000,1,0.828529,0.543668,0.9566
97c88547-33a9-4a59-b512-18fb381b01bd,657,26.280000,2,0.193623,0.478000,0.8485
97c88547-33a9-4a59-b512-18fb381b01bd,658,26.320000,1,0.831490,0.541387,0.9562
97c88547-33a9-4a59-b512-18fb381b01bd,658,26.320000,2,0.192152,0.477347,0.8469
97c88547-33a9-4a59-b512-18fb381b01bd,659,26.360000,1,0.834050,0.540594,0.9564
97c88547-33a9-4a59-b512-18fb381b01bd,659,26.360000,2,0.191731,0.477031,0.8442
97c88547-33a9-4a59-b512-18fb381b01bd,660,26.400000,1,0.836687,0.538346,0.9580
97c88547-33a9-4a59-b512-18fb381b01bd,660,26.400000,2,0.190631,0.477281,0.8426
97c88547-33a9-4a59-b512-18fb381b01bd,661,26.440000,1,0.838586,0.534611,0.9528
97c88547-33a9-4a59-b512-18fb381b01bd,661,26.440000,2,0.189737,0.477921,0.8372
97c88547-33a9-4a59-b512-18fb381b01bd,662,26.480000,1,0.839519,0.533515,0.9523
97c88547-33a9-4a59-b512-18fb381b01bd,662,26.480000,2,0.188960,0.478213,0.8362
97c88547-33a9-4a59-b512-18fb381b01bd,663,26.520000,1,0.841963,0.538168,0.9512
97c88547-33a9-4a59-b512-18fb381b01bd,663,26.520000,2,0.188467,0.478903,0.8389
97c88547-33a9-4a59-b512-18fb381b01bd,664,26.560000,1,0.842976,0.532093,0.9518
97c88547-33a9-4a59-b512-18fb381b01bd,664,26.560000,2,0.188725,0.480576,0.8371
97c88547-33a9-4a59-b512-18fb381b01bd,665,26.600000,1,0.845038,0.533702,0.9529
97c88547-33a9-4a59-b512-18fb381b01bd,665,26.600000,2,0.187948,0.480192,0.8439
97c88547-33a9-4a59-b512-18fb381b01bd,666,26.640000,1,0.845846,0.535554,0.9539
97c88547-33a9-4a59-b512-18fb381b01bd,666,26.640000,2,0.187097,0.480011,0.8466
97c88547-33a9-4a59-b512-18fb381b01bd,667,26.680000,1,0.846591,0.539182,0.9550
97c88547-33a9-4a59-b512-18fb381b01bd,667,26.680000,2,0.186872,0.480637,0.8489
97c88547-33a9-4a59-b512-18fb381b01bd,668,26.720000,1,0.847426,0.534040,0.9575
97c88547-33a9-4a59-b512-18fb381b01bd,668,26.720000,2,0.186032,0.481252,0.8514
97c88547-33a9-4a59-b512-18fb381b01bd,669,26.760000,1,0.847802,0.535993,0.9569
97c88547-33a9-4a59-b512-18fb381b01bd,669,26.760000,2,0.185114,0.483260,0.8513
97c88547-33a9-4a59-b512-18fb381b01bd,670,26.800000,1,0.848610,0.537204,0.9578
97c88547-33a9-4a59-b512-18fb381b01bd,670,26.800000,2,0.184266,0.483821,0.8480
97c88547-33a9-4a59-b512-18fb381b01bd,671,26.840000,1,0.849359,0.538937,0.9604
97c88547-33a9-4a59-b512-18fb381b01bd,671,26.840000,2,0.183915,0.485600,0.8530
97c88547-33a9-4a59-b512-18fb381b01bd,672,26.880000,1,0.849048,0.538754,0.9601
97c88547-33a9-4a59-b512-18fb381b01bd,672,26.880000,2,0.184620,0.486820,0.8502
97c88547-33a9-4a59-b512-18fb381b01bd,673,26.920000,1,0.848949,0.540141,0.9603
97c88547-33a9-4a59-b512-18fb381b01bd,673,26.920000,2,0.184242,0.487914,0.8472
97c88547-33a9-4a59-b512-18fb381b01bd,674,26.960000,1,0.849225,0.540832,0.9620
97c88547-33a9-4a59-b512-18fb381b01bd,674,26.960000,2,0.183660,0.488663,0.8498
97c88547-33a9-4a59-b512-18fb381b01bd,675,27.000000,1,0.849222,0.540498,0.9621
97c88547-33a9-4a59-b512-18fb381b01bd,675,27.000000,2,0.183336,0.489605,0.8471
97c88547-33a9-4a59-b512-18fb381b01bd,676,27.040000,1,0.848819,0.540950,0.9635
97c88547-33a9-4a59-b512-18fb381b01bd,676,27.040000,2,0.183165,0.489057,0.8457
97c88547-33a9-4a59-b512-18fb381b01bd,677,27.080000,1,0.848859,0.537662,0.9622
97c88547-33a9-4a59-b512-18fb381b01bd,677,27.080000,2,0.180990,0.489790,0.8494
97c88547-33a9-4a59-b512-18fb381b01bd,678,27.120000,1,0.848665,0.537420,0.9624
97c88547-33a9-4a59-b512-18fb381b01bd,678,27.120000,2,0.180288,0.490626,0.8534
97c88547-33a9-4a59-b512-18fb381b01bd,679,27.160000,1,0.848920,0.537551,0.9619
97c88547-33a9-4a59-b512-18fb381b01bd,679,27.160000,2,0.178449,0.490989,0.8484
97c88547-33a9-4a59-b512-18fb381b01bd,680,27.200000,1,0.849139,0.538020,0.9620
97c88547-33a9-4a59-b512-18fb381b01bd,680,27.200000,2,0.177467,0.491110,0.8497
97c88547-33a9-4a59-b512-18fb381b01bd,681,27.240000,1,0.849439,0.537487,0.9619
97c88547-33a9-4a59-b512-18fb381b01bd,681,27.240000,2,0.177201,0.492444,0.8483
97c88547-33a9-4a59-b512-18fb381b01bd,682,27.280000,1,0.849311,0.535540,0.9614
97c88547-33a9-4a59-b512-18fb381b01bd,682,27.280000,2,0.177058,0.495232,0.8431
97c88547-33a9-4a59-b512-18fb381b01bd,683,27.320000,1,0.849630,0.534587,0.9613
97c88547-33a9-4a59-b512-18fb381b01bd,683,27.320000,2,0.177533,0.497879,0.8451
97c88547-33a9-4a59-b512-18fb381b01bd,684,27.360000,1,0.850015,0.531384,0.9594
97c88547-33a9-4a59-b512-18fb381b01bd,684,27.360000,2,0.177167,0.499762,0.8484
97c88547-33a9-4a59-b512-18fb381b01bd,685,27.400000,1,0.850192,0.529999,0.9579
97c88547-33a9-4a59-b512-18fb381b01bd,685,27.400000,2,0.176563,0.499734,0.8492
97c88547-33a9-4a59-b512-18fb381b01bd,686,27.440000,1,0.850219,0.530371,0.9566
97c88547-33a9-4a59-b512-18fb381b01bd,686,27.440000,2,0.175887,0.500048,0.8571
97c88547-33a9-4a59-b512-18fb381b01bd,687,27.480000,1,0.850056,0.529856,0.9569
97c88547-33a9-4a59-b512-18fb381b01bd,687,27.480000,2,0.175653,0.501079,0.8524
97c88547-33a9-4a59-b512-18fb381b01bd,688,27.520000,1,0.849782,0.533320,0.9557
97c88547-33a9-4a59-b512-18fb381b01bd,688,27.520000,2,0.175312,0.502832,0.8500
97c88547-33a9-4a59-b512-18fb381b01bd,689,27.560000,1,0.850203,0.531051,0.9554
97c88547-33a9-4a59-b512-18fb381b01bd,689,27.560000,2,0.175148,0.503836,0.8433
97c88547-33a9-4a59-b512-18fb381b01bd,690,27.600000,1,0.850837,0.528558,0.9541
97c88547-33a9-4a59-b512-18fb381b01bd,690,27.600000,2,0.175589,0.504412,0.8358
97c88547-33a9-4a59-b512-18fb381b01bd,691,27.640000,1,0.851482,0.526116,0.9521
97c88547-33a9-4a59-b512-18fb381b01bd,691,27.640000,2,0.175314,0.504622,0.8295
97c88547-33a9-4a59-b512-18fb381b01bd,692,27.680000,1,0.851753,0.523726,0.9503
97c88547-33a9-4a59-b512-18fb381b01bd,692,27.680000,2,0.175836,0.507677,0.8138
97c88547-33a9-4a59-b512-18fb381b01bd,693,27.720000,1,0.852980,0.521720,0.9522
97c88547-33a9-4a59-b512-18fb381b01bd,693,27.720000,2,0.176337,0.508565,0.8142
97c88547-33a9-4a59-b512-18fb381b01bd,694,27.760000,1,0.854420,0.522387,0.9498
97c88547-33a9-4a59-b512-18fb381b01bd,694,27.760000,2,0.176651,0.510069,0.8060
97c88547-33a9-4a59-b512-18fb381b01bd,695,27.800000,1,0.855576,0.523089,0.9503
97c88547-33a9-4a59-b512-18fb381b01bd,695,27.800000,2,0.177044,0.510285,0.8157
97c88547-33a9-4a59-b512-18fb381b01bd,696,27.840000,1,0.857197,0.519349,0.9502
97c88547-33a9-4a59-b512-18fb381b01bd,696,27.840000,2,0.177182,0.508173,0.8171
97c88547-33a9-4a59-b512-18fb381b01bd,697,27.880000,1,0.858598,0.520985,0.9475
97c88547-33a9-4a59-b512-18fb381b01bd,697,27.880000,2,0.178577,0.505521,0.8279
97c88547-33a9-4a59-b512-18fb381b01bd,698,27.920000,1,0.859214,0.515357,0.9485
97c88547-33a9-4a59-b512-18fb381b01bd,698,27.920000,2,0.179313,0.504538,0.8298
97c88547-33a9-4a59-b512-18fb381b01bd,699,27.960000,1,0.862085,0.512896,0.9521
97c88547-33a9-4a59-b512-18fb381b01bd,699,27.960000,2,0.179586,0.503257,0.8367
97c88547-33a9-4a59-b512-18fb381b01bd,700,28.000000,1,0.865086,0.513620,0.9530
97c88547-33a9-4a59-b512-18fb381b01bd,700,28.000000,2,0.181250,0.504555,0.8278
97c88547-33a9-4a59-b512-18fb381b01bd,701,28.040000,1,0.867530,0.514162,0.9533
97c88547-33a9-4a59-b512-18fb381b01bd,701,28.040000,2,0.182116,0.505325,0.8271
97c88547-33a9-4a59-b512-18fb381b01bd,702,28.080000,1,0.869510,0.514159,0.9540
97c88547-33a9-4a59-b512-18fb381b01bd,702,28.080000,2,0.181483,0.503932,0.8397
97c88547-33a9-4a59-b512-18fb381b01bd,703,28.120000,1,0.871803,0.514780,0.9565
97c88547-33a9-4a59-b512-18fb381b01bd,703,28.120000,2,0.181895,0.504843,0.8413
97c88547-33a9-4a59-b512-18fb381b01bd,704,28.160000,1,0.874567,0.516273,0.9556
97c88547-33a9-4a59-b512-18fb381b01bd,704,28.160000,2,0.181751,0.505106,0.8420
97c88547-33a9-4a59-b512-18fb381b01bd,705,28.200000,1,0.877163,0.521526,0.9533
97c88547-33a9-4a59-b512-18fb381b01bd,705,28.200000,2,0.182026,0.505290,0.8445
97c88547-33a9-4a59-b512-18fb381b01bd,706,28.240000,1,0.880357,0.517992,0.9514
97c88547-33a9-4a59-b512-18fb381b01bd,706,28.240000,2,0.182428,0.505677,0.8417
97c88547-33a9-4a59-b512-18fb381b01bd,707,28.280000,1,0.882023,0.521291,0.9508
97c88547-33a9-4a59-b512-18fb381b01bd,707,28.280000,2,0.182780,0.506616,0.8408
97c88547-33a9-4a59-b512-18fb381b01bd,708,28.320000,1,0.885377,0.522705,0.9483
97c88547-33a9-4a59-b512-18fb381b01bd,708,28.320000,2,0.183338,0.508099,0.8369
97c88547-33a9-4a59-b512-18fb381b01bd,709,28.360000,1,0.888433,0.515621,0.9430
97c88547-33a9-4a59-b512-18fb381b01bd,709,28.360000,2,0.183802,0.507594,0.8376
97c88547-33a9-4a59-b512-18fb381b01bd,710,28.400000,1,0.891432,0.512651,0.9437
97c88547-33a9-4a59-b512-18fb381b01bd,710,28.400000,2,0.184934,0.507593,0.8350
97c88547-33a9-4a59-b512-18fb381b01bd,711,28.440000,1,0.894863,0.513824,0.9475
97c88547-33a9-4a59-b512-18fb381b01bd,711,28.440000,2,0.185684,0.505555,0.8351
97c88547-33a9-4a59-b512-18fb381b01bd,712,28.480000,1,0.897836,0.517756,0.9450
97c88547-33a9-4a59-b512-18fb381b01bd,712,28.480000,2,0.186827,0.509320,0.8231
97c88547-33a9-4a59-b512-18fb381b01bd,713,28.520000,1,0.900487,0.521193,0.9369
97c88547-33a9-4a59-b512-18fb381b01bd,713,28.520000,2,0.187070,0.508814,0.8143
97c88547-33a9-4a59-b512-18fb381b01bd,714,28.560000,1,0.903763,0.518638,0.9286
97c88547-33a9-4a59-b512-18fb381b01bd,714,28.560000,2,0.188469,0.512096,0.8137
97c88547-33a9-4a59-b512-18fb381b01bd,715,28.600000,1,0.907406,0.518020,0.9240
97c88547-33a9-4a59-b512-18fb381b01bd,715,28.600000,2,0.191239,0.512784,0.8077
97c88547-33a9-4a59-b512-18fb381b01bd,716,28.640000,1,0.910724,0.521541,0.9254
97c88547-33a9-4a59-b512-18fb381b01bd,716,28.640000,2,0.194054,0.503930,0.8247
97c88547-33a9-4a59-b512-18fb381b01bd,717,28.680000,1,0.915412,0.587263,0.8930
97c88547-33a9-4a59-b512-18fb381b01bd,717,28.680000,2,0.194397,0.506014,0.8223
97c88547-33a9-4a59-b512-18fb381b01bd,718,28.720000,1,0.918752,0.662359,0.9009
97c88547-33a9-4a59-b512-18fb381b01bd,718,28.720000,2,0.195508,0.503402,0.8308
97c88547-33a9-4a59-b512-18fb381b01bd,719,28.760000,1,0.922048,0.666001,0.8965
97c88547-33a9-4a59-b512-18fb381b01bd,719,28.760000,2,0.195886,0.501678,0.8290
97c88547-33a9-4a59-b512-18fb381b01bd,720,28.800000,1,0.925529,0.665155,0.8913
97c88547-33a9-4a59-b512-18fb381b01bd,720,28.800000,2,0.195039,0.501026,0.8372
97c88547-33a9-4a59-b512-18fb381b01bd,721,28.840000,1,0.929316,0.658906,0.8888
97c88547-33a9-4a59-b512-18fb381b01bd,721,28.840000,2,0.195794,0.501784,0.8355
97c88547-33a9-4a59-b512-18fb381b01bd,722,28.880000,1,0.933050,0.668122,0.8700
97c88547-33a9-4a59-b512-18fb381b01bd,722,28.880000,2,0.195813,0.501183,0.8390
97c88547-33a9-4a59-b512-18fb381b01bd,723,28.920000,1,0.936652,0.672960,0.8749
97c88547-33a9-4a59-b512-18fb381b01bd,723,28.920000,2,0.196991,0.502879,0.8327
97c88547-33a9-4a59-b512-18fb381b01bd,724,28.960000,1,0.940418,0.676252,0.8474
97c88547-33a9-4a59-b512-18fb381b01bd,724,28.960000,2,0.198850,0.502960,0.8276
97c88547-33a9-4a59-b512-18fb381b01bd,725,29.000000,1,0.943116,0.678152,0.8485
97c88547-33a9-4a59-b512-18fb381b01bd,725,29.000000,2,0.199900,0.507522,0.8104
97c88547-33a9-4a59-b512-18fb381b01bd,726,29.040000,1,0.946937,0.682745,0.8292
97c88547-33a9-4a59-b512-18fb381b01bd,726,29.040000,2,0.200221,0.507461,0.8155
97c88547-33a9-4a59-b512-18fb381b01bd,727,29.080000,1,0.950520,0.685391,0.7983
97c88547-33a9-4a59-b512-18fb381b01bd,727,29.080000,2,0.201283,0.506646,0.8128
97c88547-33a9-4a59-b512-18fb381b01bd,728,29.120000,1,0.954126,0.693141,0.6885
97c88547-33a9-4a59-b512-18fb381b01bd,728,29.120000,2,0.201651,0.507765,0.8132
97c88547-33a9-4a59-b512-18fb381b01bd,729,29.160000,1,0.959884,0.713038,0.6305
97c88547-33a9-4a59-b512-18fb381b01bd,729,29.160000,2,0.201838,0.507198,0.8177
97c88547-33a9-4a59-b512-18fb381b01bd,730,29.200000,1,0.963313,0.730723,0.6228
97c88547-33a9-4a59-b512-18fb381b01bd,730,29.200000,2,0.202931,0.506541,0.8150
97c88547-33a9-4a59-b512-18fb381b01bd,731,29.240000,1,0.967504,0.748376,0.5360
97c88547-33a9-4a59-b512-18fb381b01bd,731,29.240000,2,0.203505,0.504791,0.8134
97c88547-33a9-4a59-b512-18fb381b01bd,732,29.280000,1,0.970457,0.773791,0.3852
97c88547-33a9-4a59-b512-18fb381b01bd,732,29.280000,2,0.203987,0.503307,0.8161
97c88547-33a9-4a59-b512-18fb381b01bd,733,29.320000,1,0.975139,0.809738,0.3777
97c88547-33a9-4a59-b512-18fb381b01bd,733,29.320000,2,0.205143,0.503044,0.8224
97c88547-33a9-4a59-b512-18fb381b01bd,734,29.360000,1,0.979362,0.834632,0.1520
97c88547-33a9-4a59-b512-18fb381b01bd,734,29.360000,2,0.206583,0.507039,0.7980
97c88547-33a9-4a59-b512-18fb381b01bd,735,29.400000,2,0.206953,0.507075,0.8104
97c88547-33a9-4a59-b512-18fb381b01bd,736,29.440000,2,0.208268,0.509446,0.8080
97c88547-33a9-4a59-b512-18fb381b01bd,737,29.480000,2,0.209979,0.508235,0.8121
97c88547-33a9-4a59-b512-18fb381b01bd,738,29.520000,2,0.211393,0.507536,0.8074
97c88547-33a9-4a59-b512-18fb381b01bd,739,29.560000,2,0.213227,0.505262,0.8093
97c88547-33a9-4a59-b512-18fb381b01bd,740,29.600000,2,0.217369,0.504771,0.8151
97c88547-33a9-4a59-b512-18fb381b01bd,741,29.640000,2,0.218354,0.506923,0.8188
97c88547-33a9-4a59-b512-18fb381b01bd,742,29.680000,2,0.220225,0.506643,0.8188
97c88547-33a9-4a59-b512-18fb381b01bd,743,29.720000,2,0.220826,0.504145,0.8238
97c88547-33a9-4a59-b512-18fb381b01bd,744,29.760000,2,0.223428,0.503653,0.8350
97c88547-33a9-4a59-b512-18fb381b01bd,745,29.800000,2,0.222932,0.503339,0.8420
97c88547-33a9-4a59-b512-18fb381b01bd,746,29.840000,2,0.224558,0.502802,0.8340
97c88547-33a9-4a59-b512-18fb381b01bd,747,29.880000,2,0.225552,0.504079,0.8191
97c88547-33a9-4a59-b512-18fb381b01bd,748,29.920000,2,0.227685,0.504562,0.8268
97c88547-33a9-4a59-b512-18fb381b01bd,749,29.960000,2,0.229571,0.503830,0.8375
97c88547-33a9-4a59-b512-18fb381b01bd,750,30.000000,2,0.229873,0.502048,0.8410
97c88547-33a9-4a59-b512-18fb381b01bd,751,30.040000,2,0.230688,0.504423,0.8381
97c88547-33a9-4a59-b512-18fb381b01bd,752,30.080000,2,0.231940,0.506177,0.8350
97c88547-33a9-4a59-b512-18fb381b01bd,753,30.120000,2,0.234051,0.506872,0.8299
97c88547-33a9-4a59-b512-18fb381b01bd,754,30.160000,2,0.236279,0.503296,0.8321
97c88547-33a9-4a59-b512-18fb381b01bd,755,30.200000,2,0.238464,0.500506,0.8390
97c88547-33a9-4a59-b512-18fb381b01bd,756,30.240000,2,0.239696,0.499656,0.8401
97c88547-33a9-4a59-b512-18fb381b01bd,757,30.280000,2,0.240902,0.497871,0.8401
97c88547-33a9-4a59-b512-18fb381b01bd,758,30.320000,2,0.242656,0.497215,0.8407
97c88547-33a9-4a59-b512-18fb381b01bd,759,30.360000,2,0.244505,0.498819,0.8322
97c88547-33a9-4a59-b512-18fb381b01bd,760,30.400000,2,0.246194,0.499266,0.8390
97c88547-33a9-4a59-b512-18fb381b01bd,761,30.440000,2,0.247360,0.499288,0.8461
97c88547-33a9-4a59-b512-18fb381b01bd,762,30.480000,2,0.248326,0.497216,0.8460
97c88547-33a9-4a59-b512-18fb381b01bd,763,30.520000,2,0.250109,0.497716,0.8439
97c88547-33a9-4a59-b512-18fb381b01bd,764,30.560000,2,0.253000,0.499037,0.8400
97c88547-33a9-4a59-b512-18fb381b01bd,765,30.600000,2,0.254010,0.498190,0.8385
97c88547-33a9-4a59-b512-18fb381b01bd,766,30.640000,2,0.254616,0.496300,0.8320
97c88547-33a9-4a59-b512-18fb381b01bd,767,30.680000,2,0.257127,0.497405,0.8297
97c88547-33a9-4a59-b512-18fb381b01bd,768,30.720000,2,0.258709,0.500431,0.8269
97c88547-33a9-4a59-b512-18fb381b01bd,769,30.760000,2,0.260776,0.499027,0.8346
97c88547-33a9-4a59-b512-18fb381b01bd,770,30.800000,2,0.263206,0.501949,0.8295
97c88547-33a9-4a59-b512-18fb381b01bd,771,30.840000,2,0.266075,0.502751,0.8411
97c88547-33a9-4a59-b512-18fb381b01bd,772,30.880000,2,0.268552,0.500312,0.8363
97c88547-33a9-4a59-b512-18fb381b01bd,773,30.920000,2,0.270872,0.499470,0.8330
97c88547-33a9-4a59-b512-18fb381b01bd,774,30.960000,2,0.273446,0.501515,0.8268
97c88547-33a9-4a59-b512-18fb381b01bd,775,31.000000,2,0.275168,0.498310,0.8383
97c88547-33a9-4a59-b512-18fb381b01bd,776,31.040000,2,0.277594,0.504480,0.8240
97c88547-33a9-4a59-b512-18fb381b01bd,777,31.080000,2,0.278697,0.509425,0.8176
97c88547-33a9-4a59-b512-18fb381b01bd,778,31.120000,2,0.279831,0.516750,0.8182
97c88547-33a9-4a59-b512-18fb381b01bd,779,31.160000,2,0.281506,0.505016,0.8233
97c88547-33a9-4a59-b512-18fb381b01bd,780,31.200000,2,0.283926,0.515944,0.8150
97c88547-33a9-4a59-b512-18fb381b01bd,781,31.240000,2,0.285863,0.503000,0.8331
97c88547-33a9-4a59-b512-18fb381b01bd,782,31.280000,2,0.288325,0.503725,0.8363
97c88547-33a9-4a59-b512-18fb381b01bd,783,31.320000,2,0.291626,0.508786,0.8305
97c88547-33a9-4a59-b512-18fb381b01bd,784,31.360000,2,0.294043,0.503152,0.8373
97c88547-33a9-4a59-b512-18fb381b01bd,785,31.400000,2,0.294642,0.502734,0.8477
97c88547-33a9-4a59-b512-18fb381b01bd,786,31.440000,2,0.296063,0.503126,0.8541
97c88547-33a9-4a59-b512-18fb381b01bd,787,31.480000,2,0.298403,0.503646,0.8548
97c88547-33a9-4a59-b512-18fb381b01bd,788,31.520000,2,0.300400,0.501285,0.8648
97c88547-33a9-4a59-b512-18fb381b01bd,789,31.560000,2,0.302280,0.500288,0.8686
97c88547-33a9-4a59-b512-18fb381b01bd,790,31.600000,2,0.304033,0.500795,0.8630
97c88547-33a9-4a59-b512-18fb381b01bd,791,31.640000,2,0.305385,0.502134,0.8723
97c88547-33a9-4a59-b512-18fb381b01bd,792,31.680000,2,0.307675,0.503058,0.8655
97c88547-33a9-4a59-b512-18fb381b01bd,793,31.720000,2,0.310898,0.503413,0.8563
97c88547-33a9-4a59-b512-18fb381b01bd,794,31.760000,2,0.313635,0.505821,0.8465
97c88547-33a9-4a59-b512-18fb381b01bd,795,31.800000,2,0.317140,0.504718,0.8455
97c88547-33a9-4a59-b512-18fb381b01bd,796,31.840000,2,0.318719,0.506579,0.8520
97c88547-33a9-4a59-b512-18fb381b01bd,797,31.880000,2,0.321010,0.509143,0.8540
97c88547-33a9-4a59-b512-18fb381b01bd,798,31.920000,2,0.323029,0.506617,0.8687
97c88547-33a9-4a59-b512-18fb381b01bd,799,31.960000,2,0.325803,0.506648,0.8736
97c88547-33a9-4a59-b512-18fb381b01bd,800,32.000000,2,0.327871,0.513271,0.8622
97c88547-33a9-4a59-b512-18fb381b01bd,801,32.040000,2,0.329190,0.513891,0.8567
97c88547-33a9-4a59-b512-18fb381b01bd,802,32.080000,2,0.331751,0.509786,0.8587
97c88547-33a9-4a59-b512-18fb381b01bd,803,32.120000,2,0.334926,0.508842,0.8606
97c88547-33a9-4a59-b512-18fb381b01bd,804,32.160000,2,0.338340,0.507325,0.8600
97c88547-33a9-4a59-b512-18fb381b01bd,805,32.200000,2,0.341278,0.507689,0.8565
97c88547-33a9-4a59-b512-18fb381b01bd,806,32.240000,2,0.343691,0.509913,0.8653
97c88547-33a9-4a59-b512-18fb381b01bd,807,32.280000,2,0.345889,0.513800,0.8624
97c88547-33a9-4a59-b512-18fb381b01bd,808,32.320000,2,0.348114,0.514241,0.8715
97c88547-33a9-4a59-b512-18fb381b01bd,809,32.360000,2,0.349042,0.513559,0.8724
97c88547-33a9-4a59-b512-18fb381b01bd,810,32.400000,2,0.350308,0.512821,0.8754
97c88547-33a9-4a59-b512-18fb381b01bd,811,32.440000,2,0.352668,0.512417,0.8673
97c88547-33a9-4a59-b512-18fb381b01bd,812,32.480000,2,0.354250,0.511853,0.8542
97c88547-33a9-4a59-b512-18fb381b01bd,813,32.520000,2,0.356008,0.509418,0.8672
97c88547-33a9-4a59-b512-18fb381b01bd,814,32.560000,2,0.359409,0.511870,0.8609
97c88547-33a9-4a59-b512-18fb381b01bd,815,32.600000,2,0.362948,0.509567,0.8467
97c88547-33a9-4a59-b512-18fb381b01bd,816,32.640000,2,0.365522,0.512125,0.8400
97c88547-33a9-4a59-b512-18fb381b01bd,817,32.680000,2,0.369249,0.512002,0.8502
97c88547-33a9-4a59-b512-18fb381b01bd,818,32.720000,2,0.370085,0.515626,0.8328
97c88547-33a9-4a59-b512-18fb381b01bd,819,32.760000,2,0.372340,0.514948,0.8516
97c88547-33a9-4a59-b512-18fb381b01bd,820,32.800000,2,0.374228,0.515920,0.8468
97c88547-33a9-4a59-b512-18fb381b01bd,821,32.840000,2,0.377309,0.518924,0.8478
97c88547-33a9-4a59-b512-18fb381b01bd,822,32.880000,2,0.379723,0.519072,0.8539
97c88547-33a9-4a59-b512-18fb381b01bd,823,32.920000,2,0.381616,0.521711,0.8499
97c88547-33a9-4a59-b512-18fb381b01bd,824,32.960000,2,0.383594,0.521527,0.8526
97c88547-33a9-4a59-b512-18fb381b01bd,825,33.000000,2,0.385857,0.514262,0.8545
97c88547-33a9-4a59-b512-18fb381b01bd,826,33.040000,2,0.388348,0.515495,0.8557
97c88547-33a9-4a59-b512-18fb381b01bd,827,33.080000,2,0.390780,0.516459,0.8498
97c88547-33a9-4a59-b512-18fb381b01bd,828,33.120000,2,0.393303,0.517478,0.8516
97c88547-33a9-4a59-b512-18fb381b01bd,829,33.160000,2,0.395585,0.519230,0.8644
97c88547-33a9-4a59-b512-18fb381b01bd,830,33.200000,2,0.395921,0.519139,0.8716
97c88547-33a9-4a59-b512-18fb381b01bd,831,33.240000,2,0.396424,0.518353,0.8722
97c88547-33a9-4a59-b512-18fb381b01bd,832,33.280000,2,0.396269,0.517726,0.8702
97c88547-33a9-4a59-b512-18fb381b01bd,833,33.320000,2,0.397846,0.518337,0.8691
97c88547-33a9-4a59-b512-18fb381b01bd,834,33.360000,2,0.401090,0.519061,0.8584
97c88547-33a9-4a59-b512-18fb381b01bd,835,33.400000,2,0.402824,0.517036,0.8538
97c88547-33a9-4a59-b512-18fb381b01bd,836,33.440000,2,0.403860,0.517656,0.8573
97c88547-33a9-4a59-b512-18fb381b01bd,837,33.480000,2,0.406137,0.517746,0.8498
97c88547-33a9-4a59-b512-18fb381b01bd,838,33.520000,2,0.409017,0.519123,0.8453
97c88547-33a9-4a59-b512-18fb381b01bd,839,33.560000,2,0.410440,0.523061,0.8317
97c88547-33a9-4a59-b512-18fb381b01bd,840,33.600000,2,0.413670,0.518333,0.8384
97c88547-33a9-4a59-b512-18fb381b01bd,841,33.640000,2,0.415947,0.521880,0.8234
97c88547-33a9-4a59-b512-18fb381b01bd,842,33.680000,2,0.418106,0.522466,0.8245
97c88547-33a9-4a59-b512-18fb381b01bd,843,33.720000,2,0.420322,0.522139,0.8377
97c88547-33a9-4a59-b512-18fb381b01bd,844,33.760000,2,0.420399,0.521918,0.8545
97c88547-33a9-4a59-b512-18fb381b01bd,845,33.800000,2,0.421009,0.524427,0.8499
97c88547-33a9-4a59-b512-18fb381b01bd,846,33.840000,2,0.422187,0.522927,0.8552
97c88547-33a9-4a59-b512-18fb381b01bd,847,33.880000,2,0.424664,0.521333,0.8613
97c88547-33a9-4a59-b512-18fb381b01bd,848,33.920000,2,0.425211,0.520198,0.8637
97c88547-33a9-4a59-b512-18fb381b01bd,849,33.960000,2,0.426667,0.521350,0.8568
97c88547-33a9-4a59-b512-18fb381b01bd,850,34.000000,2,0.428474,0.522123,0.8457
97c88547-33a9-4a59-b512-18fb381b01bd,851,34.040000,2,0.429858,0.530250,0.8386
97c88547-33a9-4a59-b512-18fb381b01bd,852,34.080000,2,0.430607,0.526849,0.8394
97c88547-33a9-4a59-b512-18fb381b01bd,853,34.120000,2,0.431575,0.524151,0.8489
97c88547-33a9-4a59-b512-18fb381b01bd,854,34.160000,2,0.432198,0.523543,0.8507
97c88547-33a9-4a59-b512-18fb381b01bd,855,34.200000,2,0.432786,0.521813,0.8572
97c88547-33a9-4a59-b512-18fb381b01bd,856,34.240000,2,0.434267,0.522366,0.8546
97c88547-33a9-4a59-b512-18fb381b01bd,857,34.280000,2,0.434977,0.520936,0.8541
97c88547-33a9-4a59-b512-18fb381b01bd,858,34.320000,2,0.436079,0.516654,0.8618
97c88547-33a9-4a59-b512-18fb381b01bd,859,34.360000,2,0.436195,0.517277,0.8589
97c88547-33a9-4a59-b512-18fb381b01bd,860,34.400000,2,0.437207,0.518488,0.8561
97c88547-33a9-4a59-b512-18fb381b01bd,861,34.440000,2,0.438205,0.517565,0.8525
97c88547-33a9-4a59-b512-18fb381b01bd,862,34.480000,2,0.440153,0.515949,0.8564
97c88547-33a9-4a59-b512-18fb381b01bd,863,34.520000,2,0.441180,0.517810,0.8481
97c88547-33a9-4a59-b512-18fb381b01bd,864,34.560000,2,0.442688,0.521143,0.8528
97c88547-33a9-4a59-b512-18fb381b01bd,865,34.600000,2,0.442642,0.521307,0.8575
97c88547-33a9-4a59-b512-18fb381b01bd,866,34.640000,2,0.444091,0.521411,0.8652
97c88547-33a9-4a59-b512-18fb381b01bd,867,34.680000,2,0.444972,0.520724,0.8599
97c88547-33a9-4a59-b512-18fb381b01bd,868,34.720000,2,0.445492,0.521342,0.8637
97c88547-33a9-4a59-b512-18fb381b01bd,869,34.760000,2,0.447410,0.528973,0.8596
97c88547-33a9-4a59-b512-18fb381b01bd,870,34.800000,2,0.450116,0.527317,0.8686
97c88547-33a9-4a59-b512-18fb381b01bd,871,34.840000,2,0.452058,0.527330,0.8730
97c88547-33a9-4a59-b512-18fb381b01bd,872,34.880000,2,0.454086,0.529805,0.8619
97c88547-33a9-4a59-b512-18fb381b01bd,873,34.920000,2,0.455092,0.532582,0.8583
97c88547-33a9-4a59-b512-18fb381b01bd,874,34.960000,2,0.456846,0.533134,0.8510
97c88547-33a9-4a59-b512-18fb381b01bd,875,35.000000,2,0.458919,0.534500,0.8525
97c88547-33a9-4a59-b512-18fb381b01bd,876,35.040000,2,0.461462,0.528449,0.8441
97c88547-33a9-4a59-b512-18fb381b01bd,877,35.080000,2,0.463566,0.525676,0.8511
97c88547-33a9-4a59-b512-18fb381b01bd,878,35.120000,2,0.464625,0.524923,0.8496
97c88547-33a9-4a59-b512-18fb381b01bd,879,35.160000,2,0.466314,0.525878,0.8454
97c88547-33a9-4a59-b512-18fb381b01bd,880,35.200000,2,0.468400,0.528341,0.8380
97c88547-33a9-4a59-b512-18fb381b01bd,881,35.240000,2,0.469673,0.531871,0.8411
97c88547-33a9-4a59-b512-18fb381b01bd,882,35.280000,2,0.470374,0.530268,0.8416
97c88547-33a9-4a59-b512-18fb381b01bd,883,35.320000,2,0.471264,0.527806,0.8466
97c88547-33a9-4a59-b512-18fb381b01bd,884,35.360000,2,0.472169,0.526287,0.8488
97c88547-33a9-4a59-b512-18fb381b01bd,885,35.400000,2,0.472432,0.524724,0.8481
97c88547-33a9-4a59-b512-18fb381b01bd,886,35.440000,2,0.472981,0.525291,0.8511
97c88547-33a9-4a59-b512-18fb381b01bd,887,35.480000,2,0.473372,0.524327,0.8519
97c88547-33a9-4a59-b512-18fb381b01bd,888,35.520000,2,0.474629,0.526590,0.8535
97c88547-33a9-4a59-b512-18fb381b01bd,889,35.560000,2,0.474947,0.530045,0.8519
97c88547-33a9-4a59-b512-18fb381b01bd,890,35.600000,2,0.474928,0.530590,0.8512
97c88547-33a9-4a59-b512-18fb381b01bd,891,35.640000,2,0.475211,0.530167,0.8547
97c88547-33a9-4a59-b512-18fb381b01bd,892,35.680000,2,0.475808,0.528508,0.8572
97c88547-33a9-4a59-b512-18fb381b01bd,893,35.720000,2,0.476035,0.528062,0.8608
97c88547-33a9-4a59-b512-18fb381b01bd,894,35.760000,2,0.476111,0.526968,0.8618
97c88547-33a9-4a59-b512-18fb381b01bd,895,35.800000,2,0.476694,0.527381,0.8650
97c88547-33a9-4a59-b512-18fb381b01bd,896,35.840000,2,0.476996,0.527201,0.8668
97c88547-33a9-4a59-b512-18fb381b01bd,897,35.880000,2,0.477029,0.526362,0.8677
97c88547-33a9-4a59-b512-18fb381b01bd,898,35.920000,2,0.477008,0.525942,0.8686
97c88547-33a9-4a59-b512-18fb381b01bd,899,35.960000,2,0.477171,0.525806,0.8684
