run_id,frame,time_s,track_id,x_normalized,y_normalized,confidence
75f77a82-0d57-4ea5-bfe7-cdfc6c5f795c,2,0.066667,1,0.392094,0.998148,0.9176
75f77a82-0d57-4ea5-bfe7-cdfc6c5f795c,2,0.066667,2,0.936551,0.964121,0.8750
75f77a82-0d57-4ea5-bfe7-cdfc6c5f795c,2,0.066667,3,0.211589,0.998148,0.8848
75f77a82-0d57-4ea5-bfe7-cdfc6c5f795c,2,0.066667,4,0.499106,0.970720,0.8041
75f77a82-0d57-4ea5-bfe7-cdfc6c5f795c,2,0.066667,5,0.790980,0.726869,0.7919
75f77a82-0d57-4ea5-bfe7-cdfc6c5f795c,2,0.066667,6,0.660902,0.955835,0.6328
75f77a82-0d57-4ea5-bfe7-cdfc6c5f795c,2,0.066667,7,0.755263,0.716340,0.7057
75f77a82-0d57-4ea5-bfe7-cdfc6c5f795c,2,0.066667,8,0.031008,0.992758,0.6828
75f77a82-0d57-4ea5-bfe7-cdfc6c5f795c,2,0.066667,9,0.103855,0.752628,0.5601
75f77a82-0d57-4ea5-bfe7-cdfc6c5f795c,2,0.066667,11,0.172453,0.767914,0.5082
75f77a82-0d57-4ea5-bfe7-cdfc6c5f795c,2,0.066667,12,0.293637,0.821405,0.5453
75f77a82-0d57-4ea5-bfe7-cdfc6c5f795c,2,0.066667,13,0.266749,0.686577,0.4629
75f77a82-0d57-4ea5-bfe7-cdfc6c5f795c,2,0.066667,14,0.060977,0.856025,0.4533
75f77a82-0d57-4ea5-bfe7-cdfc6c5f795c,2,0.066667,15,0.721575,0.717258,0.4711
75f77a82-0d57-4ea5-bfe7-cdfc6c5f795c,3,0.100000,1,0.390126,0.998148,0.9173
75f77a82-0d57-4ea5-bfe7-cdfc6c5f795c,3,0.100000,2,0.934549,0.964575,0.8760
75f77a82-0d57-4ea5-bfe7-cdfc6c5f795c,3,0.100000,3,0.211539,0.998148,0.8705
75f77a82-0d57-4ea5-bfe7-cdfc6c5f795c,3,0.100000,4,0.499031,0.973391,0.7962
75f77a82-0d57-4ea5-bfe7-cdfc6c5f795c,3,0.100000,5,0.791055,0.728152,0.7844
75f77a82-0d57-4ea5-bfe7-cdfc6c5f795c,3,0.100000,6,0.652156,0.964145,0.4585
75f77a82-0d57-4ea5-bfe7-cdfc6c5f795c,3,0.100000,7,0.754660,0.718932,0.7147
75f77a82-0d57-4ea5-bfe7-cdfc6c5f795c,3,0.100000,8,0.031693,0.991545,0.6985
75f77a82-0d57-4ea5-bfe7-cdfc6c5f795c,3,0.100000,9,0.103584,0.765006,0.4922
75f77a82-0d57-4ea5-bfe7-cdfc6c5f795c,3,0.100000,10,0.683301,0.934749,0.6270
75f77a82-0d57-4ea5-bfe7-cdfc6c5f795c,3,0.100000,11,0.161590,0.845100,0.4108
75f77a82-0d57-4ea5-bfe7-cdfc6c5f795c,3,0.100000,12,0.293971,0.825097,0.5331
75f77a82-0d57-4ea5-bfe7-cdfc6c5f795c,3,0.100000,13,0.266781,0.686525,0.4428
75f77a82-0d57-4ea5-bfe7-cdfc6c5f795c,3,0.100000,14,0.061674,0.853355,0.4417
75f77a82-0d57-4ea5-bfe7-cdfc6c5f795c,3,0.100000,15,0.721343,0.724231,0.4454
75f77a82-0d57-4ea5-bfe7-cdfc6c5f795c,4,0.133333,1,0.386831,0.998148,0.9084
75f77a82-0d57-4ea5-bfe7-cdfc6c5f795c,4,0.133333,2,0.933804,0.965307,0.8794
75f77a82-0d57-4ea5-bfe7-cdfc6c5f795c,4,0.133333,3,0.215056,0.998148,0.8548
75f77a82-0d57-4ea5-bfe7-cdfc6c5f795c,4,0.133333,4,0.500831,0.949473,0.7764
75f77a82-0d57-4ea5-bfe7-cdfc6c5f795c,4,0.133333,5,0.791152,0.728742,0.7975
75f77a82-0d57-4ea5-bfe7-cdfc6c5f795c,4,0.133333,6,0.638084,0.963634,0.3997
75f77a82-0d57-4ea5-bfe7-cdfc6c5f795c,4,0.133333,7,0.753838,0.717681,0.7773
75f77a82-0d57-4ea5-bfe7-cdfc6c5f795c,4,0.133333,8,0.031759,0.992128,0.7071
75f77a82-0d57-4ea5-bfe7-cdfc6c5f795c,4,0.133333,9,0.103373,0.760843,0.4192
75f77a82-0d57-4ea5-bfe7-cdfc6c5f795c,4,0.133333,10,0.684082,0.929999,0.6832
75f77a82-0d57-4ea5-bfe7-cdfc6c5f795c,4,0.133333,11,0.158960,0.832397,0.4226
75f77a82-0d57-4ea5-bfe7-cdfc6c5f795c,4,0.133333,12,0.294478,0.833932,0.4936
75f77a82-0d57-4ea5-bfe7-cdfc6c5f795c,4,0.133333,13,0.266835,0.686269,0.3772
75f77a82-0d57-4ea5-bfe7-cdfc6c5f795c,4,0.133333,14,0.062750,0.852017,0.3865
75f77a82-0d57-4ea5-bfe7-cdfc6c5f795c,4,0.133333,15,0.720624,0.718368,0.4891
75f77a82-0d57-4ea5-bfe7-cdfc6c5f795c,5,0.166667,1,0.380914,0.998148,0.9095
75f77a82-0d57-4ea5-bfe7-cdfc6c5f795c,5,0.166667,2,0.933511,0.964419,0.8804
75f77a82-0d57-4ea5-bfe7-cdfc6c5f795c,5,0.166667,3,0.208789,0.998148,0.8663
75f77a82-0d57-4ea5-bfe7-cdfc6c5f795c,5,0.166667,4,0.492553,0.988071,0.8078
75f77a82-0d57-4ea5-bfe7-cdfc6c5f795c,5,0.166667,5,0.791146,0.729376,0.8070
75f77a82-0d57-4ea5-bfe7-cdfc6c5f795c,5,0.166667,6,0.644176,0.964383,0.3982
75f77a82-0d57-4ea5-bfe7-cdfc6c5f795c,5,0.166667,7,0.753586,0.722155,0.7904
75f77a82-0d57-4ea5-bfe7-cdfc6c5f795c,5,0.166667,8,0.031407,0.992879,0.7355
75f77a82-0d57-4ea5-bfe7-cdfc6c5f795c,5,0.166667,9,0.103043,0.785809,0.3851
75f77a82-0d57-4ea5-bfe7-cdfc6c5f795c,5,0.166667,10,0.677503,0.950010,0.6577
75f77a82-0d57-4ea5-bfe7-cdfc6c5f795c,5,0.166667,11,0.158219,0.836670,0.4241
75f77a82-0d57-4ea5-bfe7-cdfc6c5f795c,5,0.166667,12,0.294727,0.840887,0.4956
75f77a82-0d57-4ea5-bfe7-cdfc6c5f795c,5,0.166667,13,0.266776,0.685986,0.3916
75f77a82-0d57-4ea5-bfe7-cdfc6c5f795c,5,0.166667,14,0.063205,0.857084,0.4035
75f77a82-0d57-4ea5-bfe7-cdfc6c5f795c,5,0.166667,15,0.718834,0.715538,0.4475
75f77a82-0d57-4ea5-bfe7-cdfc6c5f795c,6,0.200000,1,0.377021,0.998148,0.9177
75f77a82-0d57-4ea5-bfe7-cdfc6c5f795c,6,0.200000,2,0.933350,0.962463,0.8778
75f77a82-0d57-4ea5-bfe7-cdfc6c5f795c,6,0.200000,3,0.205098,0.998148,0.8755
75f77a82-0d57-4ea5-bfe7-cdfc6c5f795c,6,0.200000,4,0.485393,0.957194,0.8030
75f77a82-0d57-4ea5-bfe7-cdfc6c5f795c,6,0.200000,5,0.790776,0.721212,0.8111
75f77a82-0d57-4ea5-bfe7-cdfc6c5f795c,6,0.200000,6,0.657179,0.962624,0.6458
75f77a82-0d57-4ea5-bfe7-cdfc6c5f795c,6,0.200000,7,0.752648,0.718482,0.8018
75f77a82-0d57-4ea5-bfe7-cdfc6c5f795c,6,0.200000,8,0.031104,0.989983,0.7398
75f77a82-0d57-4ea5-bfe7-cdfc6c5f795c,6,0.200000,9,0.101668,0.781257,0.3239
75f77a82-0d57-4ea5-bfe7-cdfc6c5f795c,6,0.200000,10,0.686804,0.921247,0.4706
75f77a82-0d57-4ea5-bfe7-cdfc6c5f795c,6,0.200000,11,0.152598,0.872876,0.4262
75f77a82-0d57-4ea5-bfe7-cdfc6c5f795c,6,0.200000,12,0.293227,0.836088,0.5533
75f77a82-0d57-4ea5-bfe7-cdfc6c5f795c,6,0.200000,13,0.266381,0.687392,0.3757
75f77a82-0d57-4ea5-bfe7-cdfc6c5f795c,6,0.200000,14,0.063498,0.858450,0.4123
75f77a82-0d57-4ea5-bfe7-cdfc6c5f795c,6,0.200000,15,0.717979,0.709376,0.4381
75f77a82-0d57-4ea5-bfe7-cdfc6c5f795c,7,0.233333,1,0.371490,0.998148,0.9265
75f77a82-0d57-4ea5-bfe7-cdfc6c5f795c,7,0.233333,2,0.933355,0.959924,0.8805
75f77a82-0d57-4ea5-bfe7-cdfc6c5f795c,7,0.233333,3,0.201424,0.998148,0.8863
75f77a82-0d57-4ea5-bfe7-cdfc6c5f795c,7,0.233333,4,0.485694,0.937208,0.8183
75f77a82-0d57-4ea5-bfe7-cdfc6c5f795c,7,0.233333,5,0.790720,0.728340,0.8128
75f77a82-0d57-4ea5-bfe7-cdfc6c5f795c,7,0.233333,6,0.642080,0.960128,0.4497
75f77a82-0d57-4ea5-bfe7-cdfc6c5f795c,7,0.233333,7,0.752515,0.718268,0.7852
75f77a82-0d57-4ea5-bfe7-cdfc6c5f795c,7,0.233333,8,0.031105,0.989125,0.7515
75f77a82-0d57-4ea5-bfe7-cdfc6c5f795c,7,0.233333,9,0.098883,0.761146,0.3174
75f77a82-0d57-4ea5-bfe7-cdfc6c5f795c,7,0.233333,10,0.676555,0.938838,0.6475
75f77a82-0d57-4ea5-bfe7-cdfc6c5f795c,7,0.233333,11,0.147129,0.887168,0.4897
75f77a82-0d57-4ea5-bfe7-cdfc6c5f795c,7,0.233333,12,0.294413,0.836593,0.4631
75f77a82-0d57-4ea5-bfe7-cdfc6c5f795c,7,0.233333,13,0.266306,0.687773,0.3880
75f77a82-0d57-4ea5-bfe7-cdfc6c5f795c,7,0.233333,14,0.062531,0.854643,0.4363
75f77a82-0d57-4ea5-bfe7-cdfc6c5f795c,7,0.233333,15,0.716710,0.699134,0.3832
75f77a82-0d57-4ea5-bfe7-cdfc6c5f795c,8,0.266667,1,0.368922,0.998148,0.9242
75f77a82-0d57-4ea5-bfe7-cdfc6c5f795c,8,0.266667,2,0.932946,0.958655,0.8848
75f77a82-0d57-4ea5-bfe7-cdfc6c5f795c,8,0.266667,3,0.199826,0.998148,0.8839
75f77a82-0d57-4ea5-bfe7-cdfc6c5f795c,8,0.266667,4,0.485258,0.941579,0.8242
75f77a82-0d57-4ea5-bfe7-cdfc6c5f795c,8,0.266667,5,0.790421,0.728538,0.8202
75f77a82-0d57-4ea5-bfe7-cdfc6c5f795c,8,0.266667,6,0.635303,0.955075,0.2639
75f77a82-0d57-4ea5-bfe7-cdfc6c5f795c,8,0.266667,7,0.751854,0.718607,0.7733
75f77a82-0d57-4ea5-bfe7-cdfc6c5f795c,8,0.266667,8,0.031643,0.988600,0.7542
75f77a82-0d57-4ea5-bfe7-cdfc6c5f795c,8,0.266667,9,0.098220,0.757574,0.3270
75f77a82-0d57-4ea5-bfe7-cdfc6c5f795c,8,0.266667,10,0.668831,0.938702,0.6632
75f77a82-0d57-4ea5-bfe7-cdfc6c5f795c,8,0.266667,11,0.144017,0.872684,0.6051
75f77a82-0d57-4ea5-bfe7-cdfc6c5f795c,8,0.266667,12,0.293682,0.832907,0.3596
75f77a82-0d57-4ea5-bfe7-cdfc6c5f795c,8,0.266667,13,0.266018,0.689826,0.3752
75f77a82-0d57-4ea5-bfe7-cdfc6c5f795c,8,0.266667,14,0.062539,0.855196,0.4306
75f77a82-0d57-4ea5-bfe7-cdfc6c5f795c,8,0.266667,15,0.716856,0.698013,0.3926
75f77a82-0d57-4ea5-bfe7-cdfc6c5f795c,9,0.300000,1,0.365609,0.998148,0.9292
75f77a82-0d57-4ea5-bfe7-cdfc6c5f795c,9,0.300000,2,0.933873,0.958257,0.8804
75f77a82-0d57-4ea5-bfe7-cdfc6c5f795c,9,0.300000,3,0.199705,0.997468,0.8900
75f77a82-0d57-4ea5-bfe7-cdfc6c5f795c,9,0.300000,4,0.485114,0.940092,0.8143
75f77a82-0d57-4ea5-bfe7-cdfc6c5f795c,9,0.300000,5,0.789882,0.727907,0.8160
75f77a82-0d57-4ea5-bfe7-cdfc6c5f795c,9,0.300000,6,0.628940,0.958962,0.3454
75f77a82-0d57-4ea5-bfe7-cdfc6c5f795c,9,0.300000,7,0.751392,0.718895,0.7537
75f77a82-0d57-4ea5-bfe7-cdfc6c5f795c,9,0.300000,8,0.031767,0.988175,0.7477
75f77a82-0d57-4ea5-bfe7-cdfc6c5f795c,9,0.300000,9,0.098476,0.758872,0.3945
75f77a82-0d57-4ea5-bfe7-cdfc6c5f795c,9,0.300000,10,0.665837,0.935893,0.6824
75f77a82-0d57-4ea5-bfe7-cdfc6c5f795c,9,0.300000,11,0.144308,0.893662,0.6510
75f77a82-0d57-4ea5-bfe7-cdfc6c5f795c,9,0.300000,12,0.291608,0.810984,0.2710
75f77a82-0d57-4ea5-bfe7-cdfc6c5f795c,9,0.300000,13,0.266147,0.693211,0.3798
75f77a82-0d57-4ea5-bfe7-cdfc6c5f795c,9,0.300000,14,0.062343,0.854606,0.4090
75f77a82-0d57-4ea5-bfe7-cdfc6c5f795c,9,0.300000,15,0.715526,0.693666,0.3999
75f77a82-0d57-4ea5-bfe7-cdfc6c5f795c,9,0.300000,16,0.621658,0.672174,0.4221
75f77a82-0d57-4ea5-bfe7-cdfc6c5f795c,10,0.333333,1,0.358884,0.998148,0.9226
75f77a82-0d57-4ea5-bfe7-cdfc6c5f795c,10,0.333333,2,0.934055,0.957606,0.8802
75f77a82-0d57-4ea5-bfe7-cdfc6c5f795c,10,0.333333,3,0.189550,0.696424,0.4189
75f77a82-0d57-4ea5-bfe7-cdfc6c5f795c,10,0.333333,4,0.485310,0.956133,0.7928
75f77a82-0d57-4ea5-bfe7-cdfc6c5f795c,10,0.333333,5,0.789405,0.728821,0.8193
75f77a82-0d57-4ea5-bfe7-cdfc6c5f795c,10,0.333333,6,0.627347,0.955954,0.2700
75f77a82-0d57-4ea5-bfe7-cdfc6c5f795c,10,0.333333,7,0.751388,0.719078,0.7676
75f77a82-0d57-4ea5-bfe7-cdfc6c5f795c,10,0.333333,8,0.031761,0.988015,0.7575
75f77a82-0d57-4ea5-bfe7-cdfc6c5f795c,10,0.333333,9,0.142959,0.870820,0.7230
75f77a82-0d57-4ea5-bfe7-cdfc6c5f795c,10,0.333333,10,0.667683,0.947472,0.6756
75f77a82-0d57-4ea5-bfe7-cdfc6c5f795c,10,0.333333,11,0.196482,0.997825,0.8804
75f77a82-0d57-4ea5-bfe7-cdfc6c5f795c,10,0.333333,12,0.286574,0.804666,0.1500
75f77a82-0d57-4ea5-bfe7-cdfc6c5f795c,10,0.333333,13,0.263648,0.695320,0.3378
75f77a82-0d57-4ea5-bfe7-cdfc6c5f795c,10,0.333333,14,0.062549,0.855265,0.3970
75f77a82-0d57-4ea5-bfe7-cdfc6c5f795c,10,0.333333,15,0.714589,0.698004,0.4582
75f77a82-0d57-4ea5-bfe7-cdfc6c5f795c,10,0.333333,16,0.621234,0.670211,0.4510
75f77a82-0d57-4ea5-bfe7-cdfc6c5f795c,11,0.366667,1,0.351414,0.998148,0.9181
75f77a82-0d57-4ea5-bfe7-cdfc6c5f795c,11,0.366667,2,0.933888,0.956882,0.8841
75f77a82-0d57-4ea5-bfe7-cdfc6c5f795c,11,0.366667,3,0.198094,0.998148,0.8803
75f77a82-0d57-4ea5-bfe7-cdfc6c5f795c,11,0.366667,4,0.484654,0.955778,0.8023
75f77a82-0d57-4ea5-bfe7-cdfc6c5f795c,11,0.366667,5,0.788967,0.730243,0.8219
75f77a82-0d57-4ea5-bfe7-cdfc6c5f795c,11,0.366667,6,0.630318,0.960138,0.2293
75f77a82-0d57-4ea5-bfe7-cdfc6c5f795c,11,0.366667,7,0.751096,0.719351,0.7921
75f77a82-0d57-4ea5-bfe7-cdfc6c5f795c,11,0.366667,8,0.031375,0.987769,0.7510
75f77a82-0d57-4ea5-bfe7-cdfc6c5f795c,11,0.366667,9,0.098181,0.768817,0.3174
75f77a82-0d57-4ea5-bfe7-cdfc6c5f795c,11,0.366667,10,0.668494,0.939175,0.6666
75f77a82-0d57-4ea5-bfe7-cdfc6c5f795c,11,0.366667,11,0.141976,0.898451,0.7218
75f77a82-0d57-4ea5-bfe7-cdfc6c5f795c,11,0.366667,13,0.264731,0.713330,0.3063
75f77a82-0d57-4ea5-bfe7-cdfc6c5f795c,11,0.366667,14,0.063002,0.855221,0.3968
75f77a82-0d57-4ea5-bfe7-cdfc6c5f795c,11,0.366667,15,0.713634,0.709958,0.5097
75f77a82-0d57-4ea5-bfe7-cdfc6c5f795c,11,0.366667,16,0.620000,0.670374,0.4013
75f77a82-0d57-4ea5-bfe7-cdfc6c5f795c,12,0.400000,1,0.346896,0.998148,0.9220
75f77a82-0d57-4ea5-bfe7-cdfc6c5f795c,12,0.400000,2,0.933847,0.957904,0.8847
75f77a82-0d57-4ea5-bfe7-cdfc6c5f795c,12,0.400000,3,0.197190,0.998148,0.8699
75f77a82-0d57-4ea5-bfe7-cdfc6c5f795c,12,0.400000,4,0.482572,0.979694,0.8070
75f77a82-0d57-4ea5-bfe7-cdfc6c5f795c,12,0.400000,5,0.789108,0.728958,0.8232
75f77a82-0d57-4ea5-bfe7-cdfc6c5f795c,12,0.400000,6,0.643222,0.953628,0.6521
75f77a82-0d57-4ea5-bfe7-cdfc6c5f795c,12,0.400000,7,0.750435,0.719833,0.7905
75f77a82-0d57-4ea5-bfe7-cdfc6c5f795c,12,0.400000,8,0.030365,0.992048,0.7573
75f77a82-0d57-4ea5-bfe7-cdfc6c5f795c,12,0.400000,9,0.098661,0.791660,0.3511
75f77a82-0d57-4ea5-bfe7-cdfc6c5f795c,12,0.400000,10,0.675662,0.924036,0.4238
75f77a82-0d57-4ea5-bfe7-cdfc6c5f795c,12,0.400000,11,0.142044,0.904387,0.7235
75f77a82-0d57-4ea5-bfe7-cdfc6c5f795c,12,0.400000,13,0.261134,0.692708,0.3489
75f77a82-0d57-4ea5-bfe7-cdfc6c5f795c,12,0.400000,14,0.062749,0.856284,0.3016
75f77a82-0d57-4ea5-bfe7-cdfc6c5f795c,12,0.400000,15,0.711197,0.714169,0.6279
75f77a82-0d57-4ea5-bfe7-cdfc6c5f795c,12,0.400000,16,0.619751,0.667565,0.3333
75f77a82-0d57-4ea5-bfe7-cdfc6c5f795c,13,0.433333,1,0.342037,0.998076,0.9236
75f77a82-0d57-4ea5-bfe7-cdfc6c5f795c,13,0.433333,2,0.934202,0.958050,0.8812
75f77a82-0d57-4ea5-bfe7-cdfc6c5f795c,13,0.433333,3,0.187269,0.700464,0.4069
75f77a82-0d57-4ea5-bfe7-cdfc6c5f795c,13,0.433333,4,0.481624,0.982917,0.8054
75f77a82-0d57-4ea5-bfe7-cdfc6c5f795c,13,0.433333,5,0.788915,0.729546,0.8196
75f77a82-0d57-4ea5-bfe7-cdfc6c5f795c,13,0.433333,6,0.633442,0.955804,0.4645
75f77a82-0d57-4ea5-bfe7-cdfc6c5f795c,13,0.433333,7,0.750116,0.720796,0.8071
75f77a82-0d57-4ea5-bfe7-cdfc6c5f795c,13,0.433333,8,0.029937,0.992084,0.7548
75f77a82-0d57-4ea5-bfe7-cdfc6c5f795c,13,0.433333,9,0.138939,0.901473,0.7861
75f77a82-0d57-4ea5-bfe7-cdfc6c5f795c,13,0.433333,10,0.669921,0.935914,0.6800
75f77a82-0d57-4ea5-bfe7-cdfc6c5f795c,13,0.433333,11,0.190697,0.998148,0.8552
75f77a82-0d57-4ea5-bfe7-cdfc6c5f795c,13,0.433333,13,0.260850,0.690908,0.3849
75f77a82-0d57-4ea5-bfe7-cdfc6c5f795c,13,0.433333,14,0.098733,0.801357,0.4639
75f77a82-0d57-4ea5-bfe7-cdfc6c5f795c,13,0.433333,15,0.711609,0.711099,0.5986
75f77a82-0d57-4ea5-bfe7-cdfc6c5f795c,13,0.433333,16,0.619252,0.667789,0.3941
75f77a82-0d57-4ea5-bfe7-cdfc6c5f795c,14,0.466667,1,0.337117,0.998148,0.9147
75f77a82-0d57-4ea5-bfe7-cdfc6c5f795c,14,0.466667,2,0.932295,0.959860,0.8877
75f77a82-0d57-4ea5-bfe7-cdfc6c5f795c,14,0.466667,3,0.186552,0.701974,0.4309
75f77a82-0d57-4ea5-bfe7-cdfc6c5f795c,14,0.466667,4,0.481736,0.983850,0.8056
75f77a82-0d57-4ea5-bfe7-cdfc6c5f795c,14,0.466667,5,0.788750,0.730076,0.8205
75f77a82-0d57-4ea5-bfe7-cdfc6c5f795c,14,0.466667,6,0.629098,0.955277,0.6755
75f77a82-0d57-4ea5-bfe7-cdfc6c5f795c,14,0.466667,7,0.749995,0.722195,0.8089
75f77a82-0d57-4ea5-bfe7-cdfc6c5f795c,14,0.466667,8,0.029420,0.996541,0.7478
75f77a82-0d57-4ea5-bfe7-cdfc6c5f795c,14,0.466667,9,0.136628,0.895915,0.8029
75f77a82-0d57-4ea5-bfe7-cdfc6c5f795c,14,0.466667,10,0.673501,0.930930,0.6309
75f77a82-0d57-4ea5-bfe7-cdfc6c5f795c,14,0.466667,11,0.186003,0.998148,0.8401
75f77a82-0d57-4ea5-bfe7-cdfc6c5f795c,14,0.466667,13,0.261870,0.690308,0.4159
75f77a82-0d57-4ea5-bfe7-cdfc6c5f795c,14,0.466667,14,0.062685,0.855703,0.3801
75f77a82-0d57-4ea5-bfe7-cdfc6c5f795c,14,0.466667,15,0.711408,0.714357,0.6254
75f77a82-0d57-4ea5-bfe7-cdfc6c5f795c,14,0.466667,16,0.618858,0.664258,0.3806
75f77a82-0d57-4ea5-bfe7-cdfc6c5f795c,15,0.500000,1,0.334671,0.998148,0.9115
75f77a82-0d57-4ea5-bfe7-cdfc6c5f795c,15,0.500000,2,0.932424,0.960228,0.8869
75f77a82-0d57-4ea5-bfe7-cdfc6c5f795c,15,0.500000,3,0.184562,0.727777,0.4312
75f77a82-0d57-4ea5-bfe7-cdfc6c5f795c,15,0.500000,4,0.479073,0.978477,0.7838
75f77a82-0d57-4ea5-bfe7-cdfc6c5f795c,15,0.500000,5,0.788587,0.729917,0.8161
75f77a82-0d57-4ea5-bfe7-cdfc6c5f795c,15,0.500000,6,0.632671,0.951197,0.7004
75f77a82-0d57-4ea5-bfe7-cdfc6c5f795c,15,0.500000,7,0.749634,0.721792,0.8034
75f77a82-0d57-4ea5-bfe7-cdfc6c5f795c,15,0.500000,8,0.029249,0.996798,0.7405
75f77a82-0d57-4ea5-bfe7-cdfc6c5f795c,15,0.500000,9,0.133509,0.897294,0.7944
75f77a82-0d57-4ea5-bfe7-cdfc6c5f795c,15,0.500000,10,0.675577,0.915978,0.5622
75f77a82-0d57-4ea5-bfe7-cdfc6c5f795c,15,0.500000,11,0.184933,0.998148,0.8030
75f77a82-0d57-4ea5-bfe7-cdfc6c5f795c,15,0.500000,13,0.263050,0.687011,0.4401
75f77a82-0d57-4ea5-bfe7-cdfc6c5f795c,15,0.500000,14,0.062209,0.857098,0.3753
75f77a82-0d57-4ea5-bfe7-cdfc6c5f795c,15,0.500000,15,0.710953,0.709144,0.5959
75f77a82-0d57-4ea5-bfe7-cdfc6c5f795c,15,0.500000,16,0.617996,0.665921,0.2395
75f77a82-0d57-4ea5-bfe7-cdfc6c5f795c,16,0.533333,1,0.327396,0.997984,0.9165
75f77a82-0d57-4ea5-bfe7-cdfc6c5f795c,16,0.533333,2,0.932269,0.959593,0.8895
75f77a82-0d57-4ea5-bfe7-cdfc6c5f795c,16,0.533333,3,0.186312,0.730919,0.4639
75f77a82-0d57-4ea5-bfe7-cdfc6c5f795c,16,0.533333,4,0.483776,0.983436,0.7394
75f77a82-0d57-4ea5-bfe7-cdfc6c5f795c,16,0.533333,5,0.788419,0.729127,0.8071
75f77a82-0d57-4ea5-bfe7-cdfc6c5f795c,16,0.533333,6,0.629932,0.951077,0.6831
75f77a82-0d57-4ea5-bfe7-cdfc6c5f795c,16,0.533333,7,0.749204,0.721101,0.7907
75f77a82-0d57-4ea5-bfe7-cdfc6c5f795c,16,0.533333,8,0.028359,0.998148,0.7214
75f77a82-0d57-4ea5-bfe7-cdfc6c5f795c,16,0.533333,9,0.133635,0.901147,0.7895
75f77a82-0d57-4ea5-bfe7-cdfc6c5f795c,16,0.533333,10,0.676010,0.911399,0.5801
75f77a82-0d57-4ea5-bfe7-cdfc6c5f795c,16,0.533333,11,0.179202,0.998148,0.7937
75f77a82-0d57-4ea5-bfe7-cdfc6c5f795c,16,0.533333,13,0.262539,0.687950,0.4095
75f77a82-0d57-4ea5-bfe7-cdfc6c5f795c,16,0.533333,14,0.061732,0.855372,0.4442
75f77a82-0d57-4ea5-bfe7-cdfc6c5f795c,16,0.533333,15,0.710111,0.707448,0.5617
75f77a82-0d57-4ea5-bfe7-cdfc6c5f795c,16,0.533333,16,0.618531,0.666891,0.2993
75f77a82-0d57-4ea5-bfe7-cdfc6c5f795c,17,0.566667,1,0.323243,0.997783,0.9164
75f77a82-0d57-4ea5-bfe7-cdfc6c5f795c,17,0.566667,2,0.931339,0.959900,0.8881
75f77a82-0d57-4ea5-bfe7-cdfc6c5f795c,17,0.566667,3,0.182536,0.738656,0.4910
75f77a82-0d57-4ea5-bfe7-cdfc6c5f795c,17,0.566667,4,0.480321,0.981999,0.7475
75f77a82-0d57-4ea5-bfe7-cdfc6c5f795c,17,0.566667,5,0.788105,0.731683,0.7966
75f77a82-0d57-4ea5-bfe7-cdfc6c5f795c,17,0.566667,6,0.622386,0.962670,0.5788
75f77a82-0d57-4ea5-bfe7-cdfc6c5f795c,17,0.566667,7,0.748420,0.722709,0.7711
75f77a82-0d57-4ea5-bfe7-cdfc6c5f795c,17,0.566667,8,0.028127,0.998148,0.7210
75f77a82-0d57-4ea5-bfe7-cdfc6c5f795c,17,0.566667,9,0.130927,0.904236,0.7998
75f77a82-0d57-4ea5-bfe7-cdfc6c5f795c,17,0.566667,10,0.670719,0.914892,0.7311
75f77a82-0d57-4ea5-bfe7-cdfc6c5f795c,17,0.566667,11,0.173439,0.998148,0.8151
75f77a82-0d57-4ea5-bfe7-cdfc6c5f795c,17,0.566667,13,0.262484,0.690372,0.3796
75f77a82-0d57-4ea5-bfe7-cdfc6c5f795c,17,0.566667,14,0.060465,0.858365,0.3958
75f77a82-0d57-4ea5-bfe7-cdfc6c5f795c,17,0.566667,15,0.709958,0.705178,0.5707
75f77a82-0d57-4ea5-bfe7-cdfc6c5f795c,17,0.566667,16,0.618490,0.669185,0.3279
75f77a82-0d57-4ea5-bfe7-cdfc6c5f795c,17,0.566667,17,0.391729,0.716725,0.4302
75f77a82-0d57-4ea5-bfe7-cdfc6c5f795c,18,0.600000,1,0.318907,0.997963,0.9128
75f77a82-0d57-4ea5-bfe7-cdfc6c5f795c,18,0.600000,2,0.930897,0.959297,0.8854
75f77a82-0d57-4ea5-bfe7-cdfc6c5f795c,18,0.600000,3,0.183565,0.744500,0.5243
75f77a82-0d57-4ea5-bfe7-cdfc6c5f795c,18,0.600000,4,0.470323,0.966134,0.7516
75f77a82-0d57-4ea5-bfe7-cdfc6c5f795c,18,0.600000,5,0.787364,0.731984,0.7940
75f77a82-0d57-4ea5-bfe7-cdfc6c5f795c,18,0.600000,6,0.622936,0.962490,0.6411
75f77a82-0d57-4ea5-bfe7-cdfc6c5f795c,18,0.600000,7,0.748192,0.723776,0.7519
75f77a82-0d57-4ea5-bfe7-cdfc6c5f795c,18,0.600000,8,0.027184,0.998148,0.7142
75f77a82-0d57-4ea5-bfe7-cdfc6c5f795c,18,0.600000,9,0.126562,0.901369,0.7960
75f77a82-0d57-4ea5-bfe7-cdfc6c5f795c,18,0.600000,10,0.669290,0.910318,0.6561
75f77a82-0d57-4ea5-bfe7-cdfc6c5f795c,18,0.600000,11,0.172377,0.998148,0.8188
75f77a82-0d57-4ea5-bfe7-cdfc6c5f795c,18,0.600000,13,0.261400,0.690786,0.4128
75f77a82-0d57-4ea5-bfe7-cdfc6c5f795c,18,0.600000,14,0.058946,0.865738,0.3688
75f77a82-0d57-4ea5-bfe7-cdfc6c5f795c,18,0.600000,15,0.709964,0.707584,0.4811
75f77a82-0d57-4ea5-bfe7-cdfc6c5f795c,18,0.600000,16,0.619334,0.663332,0.2760
75f77a82-0d57-4ea5-bfe7-cdfc6c5f795c,18,0.600000,17,0.391868,0.718974,0.3167
75f77a82-0d57-4ea5-bfe7-cdfc6c5f795c,19,0.633333,1,0.314458,0.998148,0.9040
75f77a82-0d57-4ea5-bfe7-cdfc6c5f795c,19,0.633333,2,0.930093,0.959225,0.8828
75f77a82-0d57-4ea5-bfe7-cdfc6c5f795c,19,0.633333,3,0.183825,0.740659,0.5032
75f77a82-0d57-4ea5-bfe7-cdfc6c5f795c,19,0.633333,4,0.469436,0.965499,0.7638
75f77a82-0d57-4ea5-bfe7-cdfc6c5f795c,19,0.633333,5,0.787116,0.730738,0.7931
75f77a82-0d57-4ea5-bfe7-cdfc6c5f795c,19,0.633333,6,0.620360,0.965448,0.6737
75f77a82-0d57-4ea5-bfe7-cdfc6c5f795c,19,0.633333,7,0.747807,0.724794,0.7562
75f77a82-0d57-4ea5-bfe7-cdfc6c5f795c,19,0.633333,8,0.027114,0.998148,0.6583
75f77a82-0d57-4ea5-bfe7-cdfc6c5f795c,19,0.633333,9,0.125930,0.904294,0.8157
75f77a82-0d57-4ea5-bfe7-cdfc6c5f795c,19,0.633333,10,0.668684,0.907147,0.6443
75f77a82-0d57-4ea5-bfe7-cdfc6c5f795c,19,0.633333,11,0.168577,0.998148,0.8231
75f77a82-0d57-4ea5-bfe7-cdfc6c5f795c,19,0.633333,13,0.262698,0.669433,0.3898
75f77a82-0d57-4ea5-bfe7-cdfc6c5f795c,19,0.633333,14,0.061340,0.872390,0.3691
75f77a82-0d57-4ea5-bfe7-cdfc6c5f795c,19,0.633333,15,0.710255,0.717640,0.3784
75f77a82-0d57-4ea5-bfe7-cdfc6c5f795c,19,0.633333,16,0.621496,0.657071,0.2381
75f77a82-0d57-4ea5-bfe7-cdfc6c5f795c,19,0.633333,17,0.391643,0.713320,0.1741
75f77a82-0d57-4ea5-bfe7-cdfc6c5f795c,20,0.666667,1,0.308191,0.997992,0.8576
75f77a82-0d57-4ea5-bfe7-cdfc6c5f795c,20,0.666667,2,0.930530,0.962296,0.8845
75f77a82-0d57-4ea5-bfe7-cdfc6c5f795c,20,0.666667,3,0.183458,0.741498,0.4944
75f77a82-0d57-4ea5-bfe7-cdfc6c5f795c,20,0.666667,4,0.469504,0.962219,0.7688
75f77a82-0d57-4ea5-bfe7-cdfc6c5f795c,20,0.666667,5,0.786863,0.732320,0.7815
75f77a82-0d57-4ea5-bfe7-cdfc6c5f795c,20,0.666667,6,0.620714,0.964239,0.6818
75f77a82-0d57-4ea5-bfe7-cdfc6c5f795c,20,0.666667,7,0.748114,0.724537,0.7327
75f77a82-0d57-4ea5-bfe7-cdfc6c5f795c,20,0.666667,8,0.029190,0.990341,0.6317
75f77a82-0d57-4ea5-bfe7-cdfc6c5f795c,20,0.666667,9,0.123407,0.906694,0.8044
75f77a82-0d57-4ea5-bfe7-cdfc6c5f795c,20,0.666667,10,0.680241,0.900448,0.5861
75f77a82-0d57-4ea5-bfe7-cdfc6c5f795c,20,0.666667,11,0.165616,0.998148,0.8230
75f77a82-0d57-4ea5-bfe7-cdfc6c5f795c,20,0.666667,13,0.261436,0.655047,0.4233
75f77a82-0d57-4ea5-bfe7-cdfc6c5f795c,20,0.666667,14,0.058200,0.863539,0.3631
75f77a82-0d57-4ea5-bfe7-cdfc6c5f795c,20,0.666667,15,0.708608,0.707401,0.2704
75f77a82-0d57-4ea5-bfe7-cdfc6c5f795c,20,0.666667,16,0.621958,0.648813,0.1686
75f77a82-0d57-4ea5-bfe7-cdfc6c5f795c,21,0.700000,1,0.300673,0.998148,0.8638
75f77a82-0d57-4ea5-bfe7-cdfc6c5f795c,21,0.700000,2,0.929559,0.961048,0.8877
75f77a82-0d57-4ea5-bfe7-cdfc6c5f795c,21,0.700000,3,0.183084,0.746287,0.4660
75f77a82-0d57-4ea5-bfe7-cdfc6c5f795c,21,0.700000,4,0.468004,0.955082,0.7937
75f77a82-0d57-4ea5-bfe7-cdfc6c5f795c,21,0.700000,5,0.786514,0.736110,0.7769
75f77a82-0d57-4ea5-bfe7-cdfc6c5f795c,21,0.700000,6,0.619711,0.962180,0.7164
75f77a82-0d57-4ea5-bfe7-cdfc6c5f795c,21,0.700000,7,0.746445,0.725587,0.7377
75f77a82-0d57-4ea5-bfe7-cdfc6c5f795c,21,0.700000,8,0.028145,0.994808,0.5902
75f77a82-0d57-4ea5-bfe7-cdfc6c5f795c,21,0.700000,9,0.119228,0.902923,0.6982
75f77a82-0d57-4ea5-bfe7-cdfc6c5f795c,21,0.700000,10,0.679441,0.899914,0.6273
75f77a82-0d57-4ea5-bfe7-cdfc6c5f795c,21,0.700000,11,0.164181,0.997196,0.8098
75f77a82-0d57-4ea5-bfe7-cdfc6c5f795c,21,0.700000,13,0.260321,0.654388,0.3403
75f77a82-0d57-4ea5-bfe7-cdfc6c5f795c,21,0.700000,14,0.056694,0.866473,0.2787
75f77a82-0d57-4ea5-bfe7-cdfc6c5f795c,21,0.700000,15,0.706121,0.705637,0.2384
75f77a82-0d57-4ea5-bfe7-cdfc6c5f795c,21,0.700000,16,0.622050,0.649121,0.2016
75f77a82-0d57-4ea5-bfe7-cdfc6c5f795c,21,0.700000,17,0.390606,0.698600,0.1348
75f77a82-0d57-4ea5-bfe7-cdfc6c5f795c,22,0.733333,1,0.291593,0.998148,0.8816
75f77a82-0d57-4ea5-bfe7-cdfc6c5f795c,22,0.733333,2,0.930218,0.961651,0.8910
75f77a82-0d57-4ea5-bfe7-cdfc6c5f795c,22,0.733333,3,0.181370,0.745278,0.5132
75f77a82-0d57-4ea5-bfe7-cdfc6c5f795c,22,0.733333,4,0.465486,0.945338,0.8055
75f77a82-0d57-4ea5-bfe7-cdfc6c5f795c,22,0.733333,5,0.786135,0.736797,0.7863
75f77a82-0d57-4ea5-bfe7-cdfc6c5f795c,22,0.733333,6,0.618360,0.962471,0.7450
75f77a82-0d57-4ea5-bfe7-cdfc6c5f795c,22,0.733333,7,0.744715,0.726884,0.7522
75f77a82-0d57-4ea5-bfe7-cdfc6c5f795c,22,0.733333,8,0.030252,0.984468,0.5796
75f77a82-0d57-4ea5-bfe7-cdfc6c5f795c,22,0.733333,9,0.116406,0.902930,0.7228
75f77a82-0d57-4ea5-bfe7-cdfc6c5f795c,22,0.733333,10,0.678597,0.899553,0.6694
75f77a82-0d57-4ea5-bfe7-cdfc6c5f795c,22,0.733333,11,0.161900,0.998148,0.8293
75f77a82-0d57-4ea5-bfe7-cdfc6c5f795c,22,0.733333,13,0.259236,0.653807,0.4162
75f77a82-0d57-4ea5-bfe7-cdfc6c5f795c,22,0.733333,14,0.055920,0.862356,0.3554
75f77a82-0d57-4ea5-bfe7-cdfc6c5f795c,22,0.733333,15,0.703319,0.701439,0.2596
75f77a82-0d57-4ea5-bfe7-cdfc6c5f795c,22,0.733333,16,0.622842,0.645133,0.1980
75f77a82-0d57-4ea5-bfe7-cdfc6c5f795c,22,0.733333,17,0.390610,0.698665,0.2652
75f77a82-0d57-4ea5-bfe7-cdfc6c5f795c,23,0.766667,1,0.283878,0.998148,0.8465
75f77a82-0d57-4ea5-bfe7-cdfc6c5f795c,23,0.766667,2,0.929191,0.967507,0.8955
75f77a82-0d57-4ea5-bfe7-cdfc6c5f795c,23,0.766667,3,0.182648,0.749956,0.5495
75f77a82-0d57-4ea5-bfe7-cdfc6c5f795c,23,0.766667,4,0.464643,0.943833,0.8145
75f77a82-0d57-4ea5-bfe7-cdfc6c5f795c,23,0.766667,5,0.786099,0.734655,0.7804
75f77a82-0d57-4ea5-bfe7-cdfc6c5f795c,23,0.766667,6,0.617525,0.959347,0.7376
75f77a82-0d57-4ea5-bfe7-cdfc6c5f795c,23,0.766667,7,0.743912,0.727711,0.7687
75f77a82-0d57-4ea5-bfe7-cdfc6c5f795c,23,0.766667,8,0.031617,0.973354,0.5682
75f77a82-0d57-4ea5-bfe7-cdfc6c5f795c,23,0.766667,9,0.115160,0.885098,0.6644
75f77a82-0d57-4ea5-bfe7-cdfc6c5f795c,23,0.766667,10,0.676564,0.899844,0.6224
75f77a82-0d57-4ea5-bfe7-cdfc6c5f795c,23,0.766667,11,0.160979,0.998148,0.7895
75f77a82-0d57-4ea5-bfe7-cdfc6c5f795c,23,0.766667,13,0.256247,0.656400,0.5738
75f77a82-0d57-4ea5-bfe7-cdfc6c5f795c,23,0.766667,14,0.053008,0.859693,0.3192
75f77a82-0d57-4ea5-bfe7-cdfc6c5f795c,23,0.766667,15,0.703451,0.705546,0.2755
75f77a82-0d57-4ea5-bfe7-cdfc6c5f795c,23,0.766667,16,0.622620,0.635904,0.2090
75f77a82-0d57-4ea5-bfe7-cdfc6c5f795c,23,0.766667,17,0.390244,0.694539,0.3267
75f77a82-0d57-4ea5-bfe7-cdfc6c5f795c,23,0.766667,18,0.597034,0.634491,0.4989
75f77a82-0d57-4ea5-bfe7-cdfc6c5f795c,24,0.800000,1,0.270738,0.998148,0.8230
75f77a82-0d57-4ea5-bfe7-cdfc6c5f795c,24,0.800000,2,0.930553,0.970233,0.9019
75f77a82-0d57-4ea5-bfe7-cdfc6c5f795c,24,0.800000,3,0.182933,0.746587,0.6476
75f77a82-0d57-4ea5-bfe7-cdfc6c5f795c,24,0.800000,4,0.465475,0.946632,0.8153
75f77a82-0d57-4ea5-bfe7-cdfc6c5f795c,24,0.800000,5,0.785555,0.729440,0.7726
75f77a82-0d57-4ea5-bfe7-cdfc6c5f795c,24,0.800000,6,0.622033,0.945029,0.7280
75f77a82-0d57-4ea5-bfe7-cdfc6c5f795c,24,0.800000,7,0.742855,0.727452,0.7492
75f77a82-0d57-4ea5-bfe7-cdfc6c5f795c,24,0.800000,8,0.025773,0.985708,0.5923
75f77a82-0d57-4ea5-bfe7-cdfc6c5f795c,24,0.800000,9,0.109569,0.872957,0.5910
75f77a82-0d57-4ea5-bfe7-cdfc6c5f795c,24,0.800000,10,0.679239,0.901042,0.6289
75f77a82-0d57-4ea5-bfe7-cdfc6c5f795c,24,0.800000,11,0.159975,0.995788,0.7162
75f77a82-0d57-4ea5-bfe7-cdfc6c5f795c,24,0.800000,12,0.303159,0.831833,0.2060
75f77a82-0d57-4ea5-bfe7-cdfc6c5f795c,24,0.800000,13,0.256633,0.656355,0.6296
75f77a82-0d57-4ea5-bfe7-cdfc6c5f795c,24,0.800000,14,0.055895,0.855262,0.3884
75f77a82-0d57-4ea5-bfe7-cdfc6c5f795c,24,0.800000,15,0.702800,0.708033,0.2753
75f77a82-0d57-4ea5-bfe7-cdfc6c5f795c,24,0.800000,16,0.622345,0.633570,0.2056
75f77a82-0d57-4ea5-bfe7-cdfc6c5f795c,24,0.800000,17,0.390030,0.697253,0.3539
75f77a82-0d57-4ea5-bfe7-cdfc6c5f795c,24,0.800000,18,0.596986,0.634662,0.5299
75f77a82-0d57-4ea5-bfe7-cdfc6c5f795c,25,0.833333,1,0.244311,0.998148,0.8588
75f77a82-0d57-4ea5-bfe7-cdfc6c5f795c,25,0.833333,2,0.929112,0.974062,0.9036
75f77a82-0d57-4ea5-bfe7-cdfc6c5f795c,25,0.833333,3,0.186618,0.747060,0.6375
75f77a82-0d57-4ea5-bfe7-cdfc6c5f795c,25,0.833333,4,0.466651,0.960645,0.7942
75f77a82-0d57-4ea5-bfe7-cdfc6c5f795c,25,0.833333,5,0.785336,0.733858,0.7726
75f77a82-0d57-4ea5-bfe7-cdfc6c5f795c,25,0.833333,6,0.621093,0.944317,0.7438
75f77a82-0d57-4ea5-bfe7-cdfc6c5f795c,25,0.833333,7,0.741215,0.728568,0.7736
75f77a82-0d57-4ea5-bfe7-cdfc6c5f795c,25,0.833333,8,0.023719,0.998148,0.5529
75f77a82-0d57-4ea5-bfe7-cdfc6c5f795c,25,0.833333,9,0.111723,0.880463,0.6695
75f77a82-0d57-4ea5-bfe7-cdfc6c5f795c,25,0.833333,10,0.679298,0.898351,0.6581
75f77a82-0d57-4ea5-bfe7-cdfc6c5f795c,25,0.833333,11,0.158517,0.996721,0.5978
75f77a82-0d57-4ea5-bfe7-cdfc6c5f795c,25,0.833333,12,0.299159,0.850274,0.5284
75f77a82-0d57-4ea5-bfe7-cdfc6c5f795c,25,0.833333,13,0.257158,0.660138,0.6650
75f77a82-0d57-4ea5-bfe7-cdfc6c5f795c,25,0.833333,14,0.056169,0.858763,0.5054
75f77a82-0d57-4ea5-bfe7-cdfc6c5f795c,25,0.833333,15,0.701032,0.703559,0.3282
75f77a82-0d57-4ea5-bfe7-cdfc6c5f795c,25,0.833333,16,0.622440,0.631635,0.1594
75f77a82-0d57-4ea5-bfe7-cdfc6c5f795c,25,0.833333,17,0.389145,0.701736,0.4195
75f77a82-0d57-4ea5-bfe7-cdfc6c5f795c,25,0.833333,18,0.596898,0.633788,0.5287
75f77a82-0d57-4ea5-bfe7-cdfc6c5f795c,26,0.866667,1,0.241591,0.998148,0.8333
75f77a82-0d57-4ea5-bfe7-cdfc6c5f795c,26,0.866667,2,0.930199,0.978933,0.9070
75f77a82-0d57-4ea5-bfe7-cdfc6c5f795c,26,0.866667,3,0.187897,0.744430,0.5392
75f77a82-0d57-4ea5-bfe7-cdfc6c5f795c,26,0.866667,4,0.466882,0.966552,0.7779
75f77a82-0d57-4ea5-bfe7-cdfc6c5f795c,26,0.866667,5,0.785226,0.733452,0.7777
75f77a82-0d57-4ea5-bfe7-cdfc6c5f795c,26,0.866667,6,0.620313,0.935669,0.7527
75f77a82-0d57-4ea5-bfe7-cdfc6c5f795c,26,0.866667,7,0.740688,0.728649,0.7765
75f77a82-0d57-4ea5-bfe7-cdfc6c5f795c,26,0.866667,8,0.022362,0.994841,0.5720
75f77a82-0d57-4ea5-bfe7-cdfc6c5f795c,26,0.866667,9,0.111694,0.866134,0.6343
75f77a82-0d57-4ea5-bfe7-cdfc6c5f795c,26,0.866667,10,0.679121,0.895894,0.6747
75f77a82-0d57-4ea5-bfe7-cdfc6c5f795c,26,0.866667,11,0.155764,0.995391,0.6124
75f77a82-0d57-4ea5-bfe7-cdfc6c5f795c,26,0.866667,12,0.295171,0.830307,0.2826
75f77a82-0d57-4ea5-bfe7-cdfc6c5f795c,26,0.866667,13,0.254901,0.670983,0.6790
75f77a82-0d57-4ea5-bfe7-cdfc6c5f795c,26,0.866667,14,0.057890,0.865815,0.4876
75f77a82-0d57-4ea5-bfe7-cdfc6c5f795c,26,0.866667,15,0.698700,0.704513,0.2977
75f77a82-0d57-4ea5-bfe7-cdfc6c5f795c,26,0.866667,16,0.622590,0.631089,0.1793
75f77a82-0d57-4ea5-bfe7-cdfc6c5f795c,26,0.866667,17,0.387953,0.702053,0.4239
75f77a82-0d57-4ea5-bfe7-cdfc6c5f795c,26,0.866667,18,0.596761,0.634344,0.5394
75f77a82-0d57-4ea5-bfe7-cdfc6c5f795c,27,0.900000,1,0.233309,0.998148,0.8457
75f77a82-0d57-4ea5-bfe7-cdfc6c5f795c,27,0.900000,2,0.930915,0.986130,0.9124
75f77a82-0d57-4ea5-bfe7-cdfc6c5f795c,27,0.900000,3,0.188991,0.739234,0.4670
75f77a82-0d57-4ea5-bfe7-cdfc6c5f795c,27,0.900000,4,0.464677,0.974175,0.7955
75f77a82-0d57-4ea5-bfe7-cdfc6c5f795c,27,0.900000,5,0.784575,0.729395,0.7782
75f77a82-0d57-4ea5-bfe7-cdfc6c5f795c,27,0.900000,6,0.615276,0.928620,0.6828
75f77a82-0d57-4ea5-bfe7-cdfc6c5f795c,27,0.900000,7,0.740452,0.729161,0.7648
75f77a82-0d57-4ea5-bfe7-cdfc6c5f795c,27,0.900000,8,0.023071,0.989069,0.6153
75f77a82-0d57-4ea5-bfe7-cdfc6c5f795c,27,0.900000,9,0.104986,0.861350,0.6732
75f77a82-0d57-4ea5-bfe7-cdfc6c5f795c,27,0.900000,10,0.677576,0.896524,0.6255
75f77a82-0d57-4ea5-bfe7-cdfc6c5f795c,27,0.900000,11,0.158573,0.991757,0.5836
75f77a82-0d57-4ea5-bfe7-cdfc6c5f795c,27,0.900000,12,0.289961,0.870227,0.4447
75f77a82-0d57-4ea5-bfe7-cdfc6c5f795c,27,0.900000,13,0.254594,0.675812,0.6452
75f77a82-0d57-4ea5-bfe7-cdfc6c5f795c,27,0.900000,14,0.056682,0.865174,0.4976
75f77a82-0d57-4ea5-bfe7-cdfc6c5f795c,27,0.900000,15,0.697094,0.709832,0.3200
75f77a82-0d57-4ea5-bfe7-cdfc6c5f795c,27,0.900000,16,0.622015,0.632208,0.1799
75f77a82-0d57-4ea5-bfe7-cdfc6c5f795c,27,0.900000,17,0.388306,0.702412,0.5379
75f77a82-0d57-4ea5-bfe7-cdfc6c5f795c,27,0.900000,18,0.596748,0.634369,0.5287
75f77a82-0d57-4ea5-bfe7-cdfc6c5f795c,28,0.933333,1,0.223166,0.998148,0.8264
75f77a82-0d57-4ea5-bfe7-cdfc6c5f795c,28,0.933333,2,0.931779,0.988655,0.9148
75f77a82-0d57-4ea5-bfe7-cdfc6c5f795c,28,0.933333,3,0.190738,0.710574,0.5033
75f77a82-0d57-4ea5-bfe7-cdfc6c5f795c,28,0.933333,4,0.465246,0.977921,0.7777
75f77a82-0d57-4ea5-bfe7-cdfc6c5f795c,28,0.933333,5,0.784587,0.730187,0.7894
75f77a82-0d57-4ea5-bfe7-cdfc6c5f795c,28,0.933333,6,0.615650,0.916416,0.7208
75f77a82-0d57-4ea5-bfe7-cdfc6c5f795c,28,0.933333,7,0.740366,0.728848,0.7549
75f77a82-0d57-4ea5-bfe7-cdfc6c5f795c,28,0.933333,8,0.022913,0.996543,0.6616
75f77a82-0d57-4ea5-bfe7-cdfc6c5f795c,28,0.933333,9,0.106499,0.865814,0.6666
75f77a82-0d57-4ea5-bfe7-cdfc6c5f795c,28,0.933333,10,0.677180,0.895422,0.6658
75f77a82-0d57-4ea5-bfe7-cdfc6c5f795c,28,0.933333,11,0.156348,0.998085,0.3595
75f77a82-0d57-4ea5-bfe7-cdfc6c5f795c,28,0.933333,12,0.290399,0.805934,0.3934
75f77a82-0d57-4ea5-bfe7-cdfc6c5f795c,28,0.933333,13,0.254905,0.677633,0.6721
75f77a82-0d57-4ea5-bfe7-cdfc6c5f795c,28,0.933333,14,0.056247,0.870756,0.5791
75f77a82-0d57-4ea5-bfe7-cdfc6c5f795c,28,0.933333,15,0.696289,0.712163,0.3456
75f77a82-0d57-4ea5-bfe7-cdfc6c5f795c,28,0.933333,16,0.621784,0.631514,0.1511
75f77a82-0d57-4ea5-bfe7-cdfc6c5f795c,28,0.933333,17,0.385936,0.706073,0.5516
75f77a82-0d57-4ea5-bfe7-cdfc6c5f795c,28,0.933333,18,0.596450,0.635356,0.4974
75f77a82-0d57-4ea5-bfe7-cdfc6c5f795c,29,0.966667,1,0.204024,0.998148,0.8469
75f77a82-0d57-4ea5-bfe7-cdfc6c5f795c,29,0.966667,2,0.931259,0.987818,0.9138
75f77a82-0d57-4ea5-bfe7-cdfc6c5f795c,29,0.966667,3,0.190505,0.673201,0.4557
75f77a82-0d57-4ea5-bfe7-cdfc6c5f795c,29,0.966667,4,0.465790,0.982079,0.7813
75f77a82-0d57-4ea5-bfe7-cdfc6c5f795c,29,0.966667,5,0.784482,0.734401,0.8015
75f77a82-0d57-4ea5-bfe7-cdfc6c5f795c,29,0.966667,6,0.616760,0.904205,0.6887
75f77a82-0d57-4ea5-bfe7-cdfc6c5f795c,29,0.966667,7,0.739782,0.729898,0.7664
75f77a82-0d57-4ea5-bfe7-cdfc6c5f795c,29,0.966667,8,0.028111,0.990642,0.6727
75f77a82-0d57-4ea5-bfe7-cdfc6c5f795c,29,0.966667,9,0.102540,0.885103,0.5232
75f77a82-0d57-4ea5-bfe7-cdfc6c5f795c,29,0.966667,10,0.678125,0.896642,0.6744
75f77a82-0d57-4ea5-bfe7-cdfc6c5f795c,29,0.966667,12,0.285884,0.806492,0.4795
75f77a82-0d57-4ea5-bfe7-cdfc6c5f795c,29,0.966667,13,0.254370,0.684561,0.6531
75f77a82-0d57-4ea5-bfe7-cdfc6c5f795c,29,0.966667,14,0.058461,0.872218,0.5341
75f77a82-0d57-4ea5-bfe7-cdfc6c5f795c,29,0.966667,15,0.695360,0.712778,0.4388
75f77a82-0d57-4ea5-bfe7-cdfc6c5f795c,29,0.966667,16,0.620527,0.632596,0.1559
75f77a82-0d57-4ea5-bfe7-cdfc6c5f795c,29,0.966667,17,0.385135,0.708513,0.4846
75f77a82-0d57-4ea5-bfe7-cdfc6c5f795c,29,0.966667,18,0.596155,0.635738,0.4827
75f77a82-0d57-4ea5-bfe7-cdfc6c5f795c,30,1.000000,1,0.195846,0.998148,0.8623
75f77a82-0d57-4ea5-bfe7-cdfc6c5f795c,30,1.000000,2,0.931605,0.991764,0.9166
75f77a82-0d57-4ea5-bfe7-cdfc6c5f795c,30,1.000000,3,0.196209,0.667871,0.4554
75f77a82-0d57-4ea5-bfe7-cdfc6c5f795c,30,1.000000,4,0.464770,0.982401,0.7753
75f77a82-0d57-4ea5-bfe7-cdfc6c5f795c,30,1.000000,5,0.784437,0.737269,0.8014
75f77a82-0d57-4ea5-bfe7-cdfc6c5f795c,30,1.000000,6,0.616949,0.898443,0.6976
75f77a82-0d57-4ea5-bfe7-cdfc6c5f795c,30,1.000000,7,0.739821,0.730326,0.7727
75f77a82-0d57-4ea5-bfe7-cdfc6c5f795c,30,1.000000,8,0.029969,0.976941,0.6887
75f77a82-0d57-4ea5-bfe7-cdfc6c5f795c,30,1.000000,9,0.085184,0.882164,0.5032
75f77a82-0d57-4ea5-bfe7-cdfc6c5f795c,30,1.000000,10,0.679264,0.895757,0.7114
75f77a82-0d57-4ea5-bfe7-cdfc6c5f795c,30,1.000000,12,0.282221,0.806308,0.4801
75f77a82-0d57-4ea5-bfe7-cdfc6c5f795c,30,1.000000,13,0.253786,0.703156,0.6231
75f77a82-0d57-4ea5-bfe7-cdfc6c5f795c,30,1.000000,14,0.059230,0.873808,0.4676
75f77a82-0d57-4ea5-bfe7-cdfc6c5f795c,30,1.000000,15,0.695393,0.711876,0.4796
75f77a82-0d57-4ea5-bfe7-cdfc6c5f795c,30,1.000000,16,0.620401,0.632928,0.1707
75f77a82-0d57-4ea5-bfe7-cdfc6c5f795c,30,1.000000,17,0.385506,0.708172,0.5285
75f77a82-0d57-4ea5-bfe7-cdfc6c5f795c,30,1.000000,18,0.596325,0.638346,0.4783
75f77a82-0d57-4ea5-bfe7-cdfc6c5f795c,31,1.033333,1,0.195276,0.998148,0.8798
75f77a82-0d57-4ea5-bfe7-cdfc6c5f795c,31,1.033333,2,0.931759,0.993164,0.9188
75f77a82-0d57-4ea5-bfe7-cdfc6c5f795c,31,1.033333,3,0.203552,0.666780,0.3397
75f77a82-0d57-4ea5-bfe7-cdfc6c5f795c,31,1.033333,4,0.464249,0.984315,0.7632
75f77a82-0d57-4ea5-bfe7-cdfc6c5f795c,31,1.033333,5,0.783848,0.736097,0.8166
75f77a82-0d57-4ea5-bfe7-cdfc6c5f795c,31,1.033333,6,0.615613,0.897404,0.6601
75f77a82-0d57-4ea5-bfe7-cdfc6c5f795c,31,1.033333,7,0.739788,0.730875,0.7667
75f77a82-0d57-4ea5-bfe7-cdfc6c5f795c,31,1.033333,8,0.030183,0.963210,0.6935
75f77a82-0d57-4ea5-bfe7-cdfc6c5f795c,31,1.033333,9,0.094382,0.890525,0.4552
75f77a82-0d57-4ea5-bfe7-cdfc6c5f795c,31,1.033333,10,0.679475,0.897624,0.7108
75f77a82-0d57-4ea5-bfe7-cdfc6c5f795c,31,1.033333,12,0.276143,0.965615,0.7647
75f77a82-0d57-4ea5-bfe7-cdfc6c5f795c,31,1.033333,13,0.253205,0.707251,0.5348
75f77a82-0d57-4ea5-bfe7-cdfc6c5f795c,31,1.033333,14,0.062074,0.878750,0.5200
75f77a82-0d57-4ea5-bfe7-cdfc6c5f795c,31,1.033333,15,0.696541,0.712058,0.4169
75f77a82-0d57-4ea5-bfe7-cdfc6c5f795c,31,1.033333,16,0.620043,0.631094,0.2157
75f77a82-0d57-4ea5-bfe7-cdfc6c5f795c,31,1.033333,17,0.385428,0.706678,0.5347
75f77a82-0d57-4ea5-bfe7-cdfc6c5f795c,31,1.033333,18,0.596235,0.640546,0.5246
75f77a82-0d57-4ea5-bfe7-cdfc6c5f795c,32,1.066667,1,0.186472,0.998148,0.8931
75f77a82-0d57-4ea5-bfe7-cdfc6c5f795c,32,1.066667,2,0.931929,0.993517,0.9213
75f77a82-0d57-4ea5-bfe7-cdfc6c5f795c,32,1.066667,3,0.203646,0.662482,0.1399
75f77a82-0d57-4ea5-bfe7-cdfc6c5f795c,32,1.066667,4,0.463101,0.974246,0.7939
75f77a82-0d57-4ea5-bfe7-cdfc6c5f795c,32,1.066667,5,0.783677,0.736986,0.8118
75f77a82-0d57-4ea5-bfe7-cdfc6c5f795c,32,1.066667,6,0.617936,0.893392,0.6542
75f77a82-0d57-4ea5-bfe7-cdfc6c5f795c,32,1.066667,7,0.742102,0.736378,0.7859
75f77a82-0d57-4ea5-bfe7-cdfc6c5f795c,32,1.066667,8,0.028716,0.966153,0.6547
75f77a82-0d57-4ea5-bfe7-cdfc6c5f795c,32,1.066667,9,0.081032,0.841761,0.2335
75f77a82-0d57-4ea5-bfe7-cdfc6c5f795c,32,1.066667,10,0.681454,0.899148,0.7250
75f77a82-0d57-4ea5-bfe7-cdfc6c5f795c,32,1.066667,11,0.103511,0.897631,0.2316
75f77a82-0d57-4ea5-bfe7-cdfc6c5f795c,32,1.066667,12,0.271425,0.982740,0.8061
75f77a82-0d57-4ea5-bfe7-cdfc6c5f795c,32,1.066667,13,0.251130,0.711060,0.4954
75f77a82-0d57-4ea5-bfe7-cdfc6c5f795c,32,1.066667,14,0.057032,0.865785,0.5915
75f77a82-0d57-4ea5-bfe7-cdfc6c5f795c,32,1.066667,15,0.696908,0.714266,0.5158
75f77a82-0d57-4ea5-bfe7-cdfc6c5f795c,32,1.066667,16,0.619804,0.631938,0.2413
75f77a82-0d57-4ea5-bfe7-cdfc6c5f795c,32,1.066667,17,0.382087,0.703828,0.5569
75f77a82-0d57-4ea5-bfe7-cdfc6c5f795c,32,1.066667,18,0.595913,0.641464,0.5435
75f77a82-0d57-4ea5-bfe7-cdfc6c5f795c,33,1.100000,1,0.183359,0.998148,0.8765
75f77a82-0d57-4ea5-bfe7-cdfc6c5f795c,33,1.100000,2,0.930804,0.995317,0.9167
75f77a82-0d57-4ea5-bfe7-cdfc6c5f795c,33,1.100000,3,0.205240,0.748924,0.3422
75f77a82-0d57-4ea5-bfe7-cdfc6c5f795c,33,1.100000,4,0.462030,0.988004,0.8131
75f77a82-0d57-4ea5-bfe7-cdfc6c5f795c,33,1.100000,5,0.783525,0.733501,0.8095
75f77a82-0d57-4ea5-bfe7-cdfc6c5f795c,33,1.100000,6,0.615626,0.889166,0.6604
75f77a82-0d57-4ea5-bfe7-cdfc6c5f795c,33,1.100000,7,0.742715,0.742672,0.7811
75f77a82-0d57-4ea5-bfe7-cdfc6c5f795c,33,1.100000,8,0.022591,0.967382,0.5239
75f77a82-0d57-4ea5-bfe7-cdfc6c5f795c,33,1.100000,9,0.103518,0.713974,0.2017
75f77a82-0d57-4ea5-bfe7-cdfc6c5f795c,33,1.100000,10,0.682538,0.898398,0.7543
75f77a82-0d57-4ea5-bfe7-cdfc6c5f795c,33,1.100000,11,0.104094,0.887292,0.1839
75f77a82-0d57-4ea5-bfe7-cdfc6c5f795c,33,1.100000,12,0.266979,0.988960,0.8115
75f77a82-0d57-4ea5-bfe7-cdfc6c5f795c,33,1.100000,13,0.249135,0.711421,0.4005
75f77a82-0d57-4ea5-bfe7-cdfc6c5f795c,33,1.100000,14,0.055024,0.865163,0.5779
75f77a82-0d57-4ea5-bfe7-cdfc6c5f795c,33,1.100000,15,0.696719,0.713033,0.5258
75f77a82-0d57-4ea5-bfe7-cdfc6c5f795c,33,1.100000,16,0.619883,0.632158,0.2619
75f77a82-0d57-4ea5-bfe7-cdfc6c5f795c,33,1.100000,17,0.381526,0.703539,0.4497
75f77a82-0d57-4ea5-bfe7-cdfc6c5f795c,33,1.100000,18,0.595731,0.642329,0.5500
75f77a82-0d57-4ea5-bfe7-cdfc6c5f795c,34,1.133333,1,0.171518,0.997776,0.8761
75f77a82-0d57-4ea5-bfe7-cdfc6c5f795c,34,1.133333,2,0.930447,0.995121,0.9168
75f77a82-0d57-4ea5-bfe7-cdfc6c5f795c,34,1.133333,3,0.189921,0.662028,0.1382
75f77a82-0d57-4ea5-bfe7-cdfc6c5f795c,34,1.133333,4,0.460639,0.987090,0.7819
75f77a82-0d57-4ea5-bfe7-cdfc6c5f795c,34,1.133333,5,0.783259,0.735610,0.8111
75f77a82-0d57-4ea5-bfe7-cdfc6c5f795c,34,1.133333,6,0.617129,0.888558,0.6596
75f77a82-0d57-4ea5-bfe7-cdfc6c5f795c,34,1.133333,7,0.743037,0.746643,0.7657
75f77a82-0d57-4ea5-bfe7-cdfc6c5f795c,34,1.133333,8,0.027754,0.964676,0.5589
75f77a82-0d57-4ea5-bfe7-cdfc6c5f795c,34,1.133333,9,0.104004,0.687130,0.2001
75f77a82-0d57-4ea5-bfe7-cdfc6c5f795c,34,1.133333,10,0.683368,0.899905,0.7702
75f77a82-0d57-4ea5-bfe7-cdfc6c5f795c,34,1.133333,11,0.099924,0.942976,0.1236
75f77a82-0d57-4ea5-bfe7-cdfc6c5f795c,34,1.133333,12,0.258516,0.996884,0.7382
75f77a82-0d57-4ea5-bfe7-cdfc6c5f795c,34,1.133333,13,0.244231,0.706367,0.3728
75f77a82-0d57-4ea5-bfe7-cdfc6c5f795c,34,1.133333,14,0.052077,0.863133,0.5225
75f77a82-0d57-4ea5-bfe7-cdfc6c5f795c,34,1.133333,15,0.696270,0.712753,0.4907
75f77a82-0d57-4ea5-bfe7-cdfc6c5f795c,34,1.133333,16,0.619169,0.632691,0.2639
75f77a82-0d57-4ea5-bfe7-cdfc6c5f795c,34,1.133333,17,0.384284,0.710158,0.3910
75f77a82-0d57-4ea5-bfe7-cdfc6c5f795c,34,1.133333,18,0.595399,0.642552,0.5275
75f77a82-0d57-4ea5-bfe7-cdfc6c5f795c,35,1.166667,1,0.162344,0.998148,0.8843
75f77a82-0d57-4ea5-bfe7-cdfc6c5f795c,35,1.166667,2,0.930574,0.997764,0.9181
75f77a82-0d57-4ea5-bfe7-cdfc6c5f795c,35,1.166667,3,0.205966,0.741464,0.3356
75f77a82-0d57-4ea5-bfe7-cdfc6c5f795c,35,1.166667,4,0.461513,0.985094,0.8081
75f77a82-0d57-4ea5-bfe7-cdfc6c5f795c,35,1.166667,5,0.783004,0.736204,0.8148
75f77a82-0d57-4ea5-bfe7-cdfc6c5f795c,35,1.166667,6,0.616655,0.887662,0.6499
75f77a82-0d57-4ea5-bfe7-cdfc6c5f795c,35,1.166667,7,0.742908,0.751168,0.7611
75f77a82-0d57-4ea5-bfe7-cdfc6c5f795c,35,1.166667,8,0.030522,0.935752,0.6676
75f77a82-0d57-4ea5-bfe7-cdfc6c5f795c,35,1.166667,9,0.106011,0.653745,0.1967
75f77a82-0d57-4ea5-bfe7-cdfc6c5f795c,35,1.166667,10,0.683310,0.899068,0.7828
75f77a82-0d57-4ea5-bfe7-cdfc6c5f795c,35,1.166667,12,0.256263,0.998148,0.8004
75f77a82-0d57-4ea5-bfe7-cdfc6c5f795c,35,1.166667,13,0.245498,0.682070,0.4611
75f77a82-0d57-4ea5-bfe7-cdfc6c5f795c,35,1.166667,14,0.055634,0.867190,0.3194
75f77a82-0d57-4ea5-bfe7-cdfc6c5f795c,35,1.166667,15,0.695790,0.712236,0.4247
75f77a82-0d57-4ea5-bfe7-cdfc6c5f795c,35,1.166667,16,0.616396,0.658242,0.3120
75f77a82-0d57-4ea5-bfe7-cdfc6c5f795c,35,1.166667,17,0.388637,0.716788,0.4327
75f77a82-0d57-4ea5-bfe7-cdfc6c5f795c,35,1.166667,18,0.594791,0.644244,0.5101
75f77a82-0d57-4ea5-bfe7-cdfc6c5f795c,36,1.200000,1,0.243278,0.998148,0.7845
75f77a82-0d57-4ea5-bfe7-cdfc6c5f795c,36,1.200000,2,0.930478,0.998148,0.9171
75f77a82-0d57-4ea5-bfe7-cdfc6c5f795c,36,1.200000,3,0.207235,0.735168,0.2037
75f77a82-0d57-4ea5-bfe7-cdfc6c5f795c,36,1.200000,4,0.462613,0.977276,0.7985
75f77a82-0d57-4ea5-bfe7-cdfc6c5f795c,36,1.200000,5,0.782371,0.737872,0.8056
75f77a82-0d57-4ea5-bfe7-cdfc6c5f795c,36,1.200000,6,0.616383,0.887923,0.7120
75f77a82-0d57-4ea5-bfe7-cdfc6c5f795c,36,1.200000,7,0.743097,0.755111,0.7764
75f77a82-0d57-4ea5-bfe7-cdfc6c5f795c,36,1.200000,8,0.029382,0.934283,0.6256
75f77a82-0d57-4ea5-bfe7-cdfc6c5f795c,36,1.200000,9,0.107298,0.646264,0.2637
75f77a82-0d57-4ea5-bfe7-cdfc6c5f795c,36,1.200000,10,0.683960,0.899101,0.7971
75f77a82-0d57-4ea5-bfe7-cdfc6c5f795c,36,1.200000,11,0.153658,0.997599,0.8799
75f77a82-0d57-4ea5-bfe7-cdfc6c5f795c,36,1.200000,12,0.271583,0.824551,0.4161
75f77a82-0d57-4ea5-bfe7-cdfc6c5f795c,36,1.200000,13,0.244246,0.678646,0.4976
75f77a82-0d57-4ea5-bfe7-cdfc6c5f795c,36,1.200000,14,0.055242,0.864068,0.1562
75f77a82-0d57-4ea5-bfe7-cdfc6c5f795c,36,1.200000,15,0.695613,0.712472,0.3534
75f77a82-0d57-4ea5-bfe7-cdfc6c5f795c,36,1.200000,16,0.616904,0.653207,0.3024
75f77a82-0d57-4ea5-bfe7-cdfc6c5f795c,36,1.200000,17,0.388692,0.712228,0.3720
75f77a82-0d57-4ea5-bfe7-cdfc6c5f795c,36,1.200000,18,0.594069,0.644907,0.4669
75f77a82-0d57-4ea5-bfe7-cdfc6c5f795c,37,1.233333,1,0.242992,0.998148,0.8401
75f77a82-0d57-4ea5-bfe7-cdfc6c5f795c,37,1.233333,2,0.930563,0.998148,0.9155
75f77a82-0d57-4ea5-bfe7-cdfc6c5f795c,37,1.233333,3,0.190500,0.675601,0.3105
75f77a82-0d57-4ea5-bfe7-cdfc6c5f795c,37,1.233333,4,0.461087,0.968853,0.8250
75f77a82-0d57-4ea5-bfe7-cdfc6c5f795c,37,1.233333,5,0.782198,0.739676,0.7984
75f77a82-0d57-4ea5-bfe7-cdfc6c5f795c,37,1.233333,6,0.617769,0.887754,0.7639
75f77a82-0d57-4ea5-bfe7-cdfc6c5f795c,37,1.233333,7,0.742129,0.763560,0.7605
75f77a82-0d57-4ea5-bfe7-cdfc6c5f795c,37,1.233333,8,0.030173,0.923901,0.5401
75f77a82-0d57-4ea5-bfe7-cdfc6c5f795c,37,1.233333,9,0.108289,0.645553,0.2377
75f77a82-0d57-4ea5-bfe7-cdfc6c5f795c,37,1.233333,10,0.684072,0.898150,0.7947
75f77a82-0d57-4ea5-bfe7-cdfc6c5f795c,37,1.233333,11,0.140769,0.997864,0.8807
75f77a82-0d57-4ea5-bfe7-cdfc6c5f795c,37,1.233333,12,0.271993,0.827178,0.5210
75f77a82-0d57-4ea5-bfe7-cdfc6c5f795c,37,1.233333,13,0.242518,0.679281,0.4512
75f77a82-0d57-4ea5-bfe7-cdfc6c5f795c,37,1.233333,15,0.695500,0.712529,0.3171
75f77a82-0d57-4ea5-bfe7-cdfc6c5f795c,37,1.233333,16,0.617315,0.646969,0.2748
75f77a82-0d57-4ea5-bfe7-cdfc6c5f795c,37,1.233333,17,0.388837,0.712038,0.3382
75f77a82-0d57-4ea5-bfe7-cdfc6c5f795c,37,1.233333,18,0.593629,0.644739,0.4314
75f77a82-0d57-4ea5-bfe7-cdfc6c5f795c,38,1.266667,1,0.240809,0.998148,0.8422
75f77a82-0d57-4ea5-bfe7-cdfc6c5f795c,38,1.266667,2,0.930817,0.998148,0.9138
75f77a82-0d57-4ea5-bfe7-cdfc6c5f795c,38,1.266667,3,0.190311,0.690983,0.4941
75f77a82-0d57-4ea5-bfe7-cdfc6c5f795c,38,1.266667,4,0.460817,0.971751,0.8231
75f77a82-0d57-4ea5-bfe7-cdfc6c5f795c,38,1.266667,5,0.782190,0.741868,0.8085
75f77a82-0d57-4ea5-bfe7-cdfc6c5f795c,38,1.266667,6,0.619241,0.888740,0.7930
75f77a82-0d57-4ea5-bfe7-cdfc6c5f795c,38,1.266667,7,0.741612,0.759390,0.7783
75f77a82-0d57-4ea5-bfe7-cdfc6c5f795c,38,1.266667,8,0.030692,0.933057,0.2800
75f77a82-0d57-4ea5-bfe7-cdfc6c5f795c,38,1.266667,9,0.107644,0.649173,0.2897
75f77a82-0d57-4ea5-bfe7-cdfc6c5f795c,38,1.266667,10,0.683384,0.897579,0.7920
75f77a82-0d57-4ea5-bfe7-cdfc6c5f795c,38,1.266667,11,0.132238,0.997921,0.8680
75f77a82-0d57-4ea5-bfe7-cdfc6c5f795c,38,1.266667,12,0.272603,0.825395,0.5748
75f77a82-0d57-4ea5-bfe7-cdfc6c5f795c,38,1.266667,13,0.242938,0.685171,0.4971
75f77a82-0d57-4ea5-bfe7-cdfc6c5f795c,38,1.266667,15,0.695789,0.713406,0.3127
75f77a82-0d57-4ea5-bfe7-cdfc6c5f795c,38,1.266667,16,0.617354,0.646748,0.2754
75f77a82-0d57-4ea5-bfe7-cdfc6c5f795c,38,1.266667,17,0.388078,0.703547,0.2987
75f77a82-0d57-4ea5-bfe7-cdfc6c5f795c,38,1.266667,18,0.593325,0.644007,0.3593
75f77a82-0d57-4ea5-bfe7-cdfc6c5f795c,39,1.300000,1,0.238133,0.998148,0.8270
75f77a82-0d57-4ea5-bfe7-cdfc6c5f795c,39,1.300000,2,0.931194,0.998148,0.9111
75f77a82-0d57-4ea5-bfe7-cdfc6c5f795c,39,1.300000,3,0.190808,0.728552,0.5913
75f77a82-0d57-4ea5-bfe7-cdfc6c5f795c,39,1.300000,4,0.460508,0.972912,0.8260
75f77a82-0d57-4ea5-bfe7-cdfc6c5f795c,39,1.300000,5,0.782258,0.749569,0.7991
75f77a82-0d57-4ea5-bfe7-cdfc6c5f795c,39,1.300000,6,0.619639,0.886468,0.8207
75f77a82-0d57-4ea5-bfe7-cdfc6c5f795c,39,1.300000,7,0.741315,0.763743,0.7919
75f77a82-0d57-4ea5-bfe7-cdfc6c5f795c,39,1.300000,8,0.013573,0.648317,0.1371
75f77a82-0d57-4ea5-bfe7-cdfc6c5f795c,39,1.300000,9,0.108719,0.652448,0.3938
75f77a82-0d57-4ea5-bfe7-cdfc6c5f795c,39,1.300000,10,0.682780,0.896091,0.7952
75f77a82-0d57-4ea5-bfe7-cdfc6c5f795c,39,1.300000,11,0.123816,0.996950,0.8726
75f77a82-0d57-4ea5-bfe7-cdfc6c5f795c,39,1.300000,12,0.271819,0.821728,0.5915
75f77a82-0d57-4ea5-bfe7-cdfc6c5f795c,39,1.300000,13,0.241343,0.678317,0.4855
75f77a82-0d57-4ea5-bfe7-cdfc6c5f795c,39,1.300000,15,0.695364,0.713912,0.3815
75f77a82-0d57-4ea5-bfe7-cdfc6c5f795c,39,1.300000,16,0.617541,0.643336,0.2631
75f77a82-0d57-4ea5-bfe7-cdfc6c5f795c,39,1.300000,17,0.388167,0.705707,0.3526
75f77a82-0d57-4ea5-bfe7-cdfc6c5f795c,39,1.300000,18,0.593126,0.637464,0.3192
75f77a82-0d57-4ea5-bfe7-cdfc6c5f795c,40,1.333333,1,0.234637,0.998148,0.7790
75f77a82-0d57-4ea5-bfe7-cdfc6c5f795c,40,1.333333,2,0.931865,0.998148,0.9096
75f77a82-0d57-4ea5-bfe7-cdfc6c5f795c,40,1.333333,3,0.189459,0.730132,0.5791
75f77a82-0d57-4ea5-bfe7-cdfc6c5f795c,40,1.333333,4,0.460081,0.969052,0.8352
75f77a82-0d57-4ea5-bfe7-cdfc6c5f795c,40,1.333333,5,0.781785,0.757093,0.7935
75f77a82-0d57-4ea5-bfe7-cdfc6c5f795c,40,1.333333,6,0.618623,0.883599,0.8232
75f77a82-0d57-4ea5-bfe7-cdfc6c5f795c,40,1.333333,7,0.741215,0.769259,0.7856
75f77a82-0d57-4ea5-bfe7-cdfc6c5f795c,40,1.333333,9,0.110096,0.662217,0.1439
75f77a82-0d57-4ea5-bfe7-cdfc6c5f795c,40,1.333333,10,0.681246,0.896644,0.7816
75f77a82-0d57-4ea5-bfe7-cdfc6c5f795c,40,1.333333,11,0.120994,0.998148,0.8768
75f77a82-0d57-4ea5-bfe7-cdfc6c5f795c,40,1.333333,12,0.272138,0.816357,0.5117
75f77a82-0d57-4ea5-bfe7-cdfc6c5f795c,40,1.333333,13,0.240770,0.650737,0.4763
75f77a82-0d57-4ea5-bfe7-cdfc6c5f795c,40,1.333333,15,0.695409,0.715302,0.4364
75f77a82-0d57-4ea5-bfe7-cdfc6c5f795c,40,1.333333,16,0.618929,0.632725,0.2301
75f77a82-0d57-4ea5-bfe7-cdfc6c5f795c,40,1.333333,17,0.391955,0.732831,0.2627
75f77a82-0d57-4ea5-bfe7-cdfc6c5f795c,40,1.333333,18,0.592639,0.629964,0.2475
75f77a82-0d57-4ea5-bfe7-cdfc6c5f795c,41,1.366667,1,0.232760,0.998148,0.8167
75f77a82-0d57-4ea5-bfe7-cdfc6c5f795c,41,1.366667,2,0.932555,0.998148,0.9074
75f77a82-0d57-4ea5-bfe7-cdfc6c5f795c,41,1.366667,3,0.192062,0.728313,0.5646
75f77a82-0d57-4ea5-bfe7-cdfc6c5f795c,41,1.366667,4,0.459242,0.981358,0.8295
75f77a82-0d57-4ea5-bfe7-cdfc6c5f795c,41,1.366667,5,0.781573,0.755781,0.7831
75f77a82-0d57-4ea5-bfe7-cdfc6c5f795c,41,1.366667,6,0.621178,0.884535,0.8251
75f77a82-0d57-4ea5-bfe7-cdfc6c5f795c,41,1.366667,7,0.741302,0.777697,0.7814
75f77a82-0d57-4ea5-bfe7-cdfc6c5f795c,41,1.366667,9,0.110758,0.661131,0.1947
75f77a82-0d57-4ea5-bfe7-cdfc6c5f795c,41,1.366667,10,0.680223,0.890767,0.7657
75f77a82-0d57-4ea5-bfe7-cdfc6c5f795c,41,1.366667,11,0.113143,0.996517,0.8705
75f77a82-0d57-4ea5-bfe7-cdfc6c5f795c,41,1.366667,12,0.271593,0.813541,0.4813
75f77a82-0d57-4ea5-bfe7-cdfc6c5f795c,41,1.366667,13,0.240473,0.639133,0.5427
75f77a82-0d57-4ea5-bfe7-cdfc6c5f795c,41,1.366667,15,0.694865,0.716141,0.4505
75f77a82-0d57-4ea5-bfe7-cdfc6c5f795c,41,1.366667,16,0.618672,0.636055,0.2378
75f77a82-0d57-4ea5-bfe7-cdfc6c5f795c,41,1.366667,17,0.392350,0.732280,0.2914
75f77a82-0d57-4ea5-bfe7-cdfc6c5f795c,41,1.366667,18,0.592350,0.629692,0.3231
75f77a82-0d57-4ea5-bfe7-cdfc6c5f795c,42,1.400000,1,0.231893,0.998148,0.7815
75f77a82-0d57-4ea5-bfe7-cdfc6c5f795c,42,1.400000,2,0.933458,0.998148,0.9083
75f77a82-0d57-4ea5-bfe7-cdfc6c5f795c,42,1.400000,3,0.193314,0.722884,0.5418
75f77a82-0d57-4ea5-bfe7-cdfc6c5f795c,42,1.400000,4,0.458907,0.983755,0.8464
75f77a82-0d57-4ea5-bfe7-cdfc6c5f795c,42,1.400000,5,0.780994,0.759284,0.7861
75f77a82-0d57-4ea5-bfe7-cdfc6c5f795c,42,1.400000,6,0.620462,0.882517,0.8210
75f77a82-0d57-4ea5-bfe7-cdfc6c5f795c,42,1.400000,7,0.740149,0.775047,0.7753
75f77a82-0d57-4ea5-bfe7-cdfc6c5f795c,42,1.400000,9,0.111173,0.661458,0.2869
75f77a82-0d57-4ea5-bfe7-cdfc6c5f795c,42,1.400000,10,0.678096,0.889028,0.7559
75f77a82-0d57-4ea5-bfe7-cdfc6c5f795c,42,1.400000,11,0.101902,0.997253,0.8905
75f77a82-0d57-4ea5-bfe7-cdfc6c5f795c,42,1.400000,12,0.273800,0.803141,0.4536
75f77a82-0d57-4ea5-bfe7-cdfc6c5f795c,42,1.400000,13,0.240153,0.635165,0.6090
75f77a82-0d57-4ea5-bfe7-cdfc6c5f795c,42,1.400000,15,0.694986,0.715307,0.4897
75f77a82-0d57-4ea5-bfe7-cdfc6c5f795c,42,1.400000,16,0.618950,0.635171,0.2249
75f77a82-0d57-4ea5-bfe7-cdfc6c5f795c,42,1.400000,17,0.393622,0.732605,0.2566
75f77a82-0d57-4ea5-bfe7-cdfc6c5f795c,42,1.400000,18,0.592205,0.628744,0.3505
75f77a82-0d57-4ea5-bfe7-cdfc6c5f795c,43,1.433333,1,0.229493,0.998148,0.7527
75f77a82-0d57-4ea5-bfe7-cdfc6c5f795c,43,1.433333,2,0.933402,0.998148,0.9107
75f77a82-0d57-4ea5-bfe7-cdfc6c5f795c,43,1.433333,3,0.194183,0.717257,0.4493
75f77a82-0d57-4ea5-bfe7-cdfc6c5f795c,43,1.433333,4,0.459307,0.982867,0.8370
75f77a82-0d57-4ea5-bfe7-cdfc6c5f795c,43,1.433333,5,0.780404,0.759065,0.7847
75f77a82-0d57-4ea5-bfe7-cdfc6c5f795c,43,1.433333,6,0.617891,0.883572,0.8322
75f77a82-0d57-4ea5-bfe7-cdfc6c5f795c,43,1.433333,7,0.740095,0.773582,0.7642
75f77a82-0d57-4ea5-bfe7-cdfc6c5f795c,43,1.433333,9,0.112148,0.661666,0.1626
75f77a82-0d57-4ea5-bfe7-cdfc6c5f795c,43,1.433333,10,0.675347,0.889298,0.7615
75f77a82-0d57-4ea5-bfe7-cdfc6c5f795c,43,1.433333,11,0.096320,0.994607,0.8805
75f77a82-0d57-4ea5-bfe7-cdfc6c5f795c,43,1.433333,12,0.276093,0.781164,0.2813
75f77a82-0d57-4ea5-bfe7-cdfc6c5f795c,43,1.433333,13,0.239484,0.629383,0.6377
75f77a82-0d57-4ea5-bfe7-cdfc6c5f795c,43,1.433333,15,0.695330,0.716768,0.5105
75f77a82-0d57-4ea5-bfe7-cdfc6c5f795c,43,1.433333,16,0.620022,0.630765,0.2046
75f77a82-0d57-4ea5-bfe7-cdfc6c5f795c,43,1.433333,17,0.393017,0.731150,0.3592
75f77a82-0d57-4ea5-bfe7-cdfc6c5f795c,43,1.433333,18,0.591333,0.627970,0.2511
75f77a82-0d57-4ea5-bfe7-cdfc6c5f795c,44,1.466667,1,0.227821,0.998148,0.8190
75f77a82-0d57-4ea5-bfe7-cdfc6c5f795c,44,1.466667,2,0.934129,0.998148,0.9089
75f77a82-0d57-4ea5-bfe7-cdfc6c5f795c,44,1.466667,3,0.180893,0.822308,0.4327
75f77a82-0d57-4ea5-bfe7-cdfc6c5f795c,44,1.466667,4,0.460410,0.982290,0.8310
75f77a82-0d57-4ea5-bfe7-cdfc6c5f795c,44,1.466667,5,0.780276,0.764868,0.7814
75f77a82-0d57-4ea5-bfe7-cdfc6c5f795c,44,1.466667,6,0.618957,0.883393,0.8048
75f77a82-0d57-4ea5-bfe7-cdfc6c5f795c,44,1.466667,7,0.739849,0.776381,0.7538
75f77a82-0d57-4ea5-bfe7-cdfc6c5f795c,44,1.466667,9,0.113958,0.774350,0.4026
75f77a82-0d57-4ea5-bfe7-cdfc6c5f795c,44,1.466667,10,0.673430,0.890588,0.7304
75f77a82-0d57-4ea5-bfe7-cdfc6c5f795c,44,1.466667,11,0.086879,0.996037,0.8964
75f77a82-0d57-4ea5-bfe7-cdfc6c5f795c,44,1.466667,12,0.275945,0.778128,0.4203
75f77a82-0d57-4ea5-bfe7-cdfc6c5f795c,44,1.466667,13,0.239509,0.628672,0.6678
75f77a82-0d57-4ea5-bfe7-cdfc6c5f795c,44,1.466667,15,0.695727,0.718189,0.5664
75f77a82-0d57-4ea5-bfe7-cdfc6c5f795c,44,1.466667,16,0.619483,0.631573,0.2395
75f77a82-0d57-4ea5-bfe7-cdfc6c5f795c,44,1.466667,17,0.387521,0.714827,0.4267
75f77a82-0d57-4ea5-bfe7-cdfc6c5f795c,44,1.466667,18,0.590362,0.627013,0.2956
75f77a82-0d57-4ea5-bfe7-cdfc6c5f795c,45,1.500000,1,0.229959,0.998148,0.8530
75f77a82-0d57-4ea5-bfe7-cdfc6c5f795c,45,1.500000,2,0.933953,0.998148,0.9070
75f77a82-0d57-4ea5-bfe7-cdfc6c5f795c,45,1.500000,3,0.180465,0.814209,0.4004
75f77a82-0d57-4ea5-bfe7-cdfc6c5f795c,45,1.500000,4,0.461541,0.980869,0.8213
75f77a82-0d57-4ea5-bfe7-cdfc6c5f795c,45,1.500000,5,0.779674,0.754897,0.7859
75f77a82-0d57-4ea5-bfe7-cdfc6c5f795c,45,1.500000,6,0.619345,0.881600,0.7961
75f77a82-0d57-4ea5-bfe7-cdfc6c5f795c,45,1.500000,7,0.740125,0.781816,0.7691
75f77a82-0d57-4ea5-bfe7-cdfc6c5f795c,45,1.500000,9,0.114719,0.775968,0.5639
75f77a82-0d57-4ea5-bfe7-cdfc6c5f795c,45,1.500000,10,0.670409,0.891821,0.7265
75f77a82-0d57-4ea5-bfe7-cdfc6c5f795c,45,1.500000,11,0.078757,0.995735,0.9025
75f77a82-0d57-4ea5-bfe7-cdfc6c5f795c,45,1.500000,12,0.277944,0.774132,0.4480
75f77a82-0d57-4ea5-bfe7-cdfc6c5f795c,45,1.500000,13,0.239114,0.626364,0.6474
75f77a82-0d57-4ea5-bfe7-cdfc6c5f795c,45,1.500000,15,0.696213,0.720320,0.6558
75f77a82-0d57-4ea5-bfe7-cdfc6c5f795c,45,1.500000,16,0.618756,0.630838,0.1804
75f77a82-0d57-4ea5-bfe7-cdfc6c5f795c,45,1.500000,17,0.387897,0.714015,0.5125
75f77a82-0d57-4ea5-bfe7-cdfc6c5f795c,45,1.500000,18,0.589560,0.622786,0.1631
75f77a82-0d57-4ea5-bfe7-cdfc6c5f795c,46,1.533333,1,0.232439,0.998148,0.8651
75f77a82-0d57-4ea5-bfe7-cdfc6c5f795c,46,1.533333,2,0.933442,0.998148,0.9098
75f77a82-0d57-4ea5-bfe7-cdfc6c5f795c,46,1.533333,3,0.197568,0.710951,0.4523
75f77a82-0d57-4ea5-bfe7-cdfc6c5f795c,46,1.533333,4,0.459486,0.979443,0.8386
75f77a82-0d57-4ea5-bfe7-cdfc6c5f795c,46,1.533333,5,0.779262,0.755736,0.7774
75f77a82-0d57-4ea5-bfe7-cdfc6c5f795c,46,1.533333,6,0.619793,0.878581,0.7633
75f77a82-0d57-4ea5-bfe7-cdfc6c5f795c,46,1.533333,7,0.739405,0.779314,0.7497
75f77a82-0d57-4ea5-bfe7-cdfc6c5f795c,46,1.533333,8,0.030306,0.670634,0.1384
75f77a82-0d57-4ea5-bfe7-cdfc6c5f795c,46,1.533333,9,0.118109,0.782898,0.6482
75f77a82-0d57-4ea5-bfe7-cdfc6c5f795c,46,1.533333,10,0.670439,0.891511,0.7197
75f77a82-0d57-4ea5-bfe7-cdfc6c5f795c,46,1.533333,11,0.075181,0.996322,0.8712
75f77a82-0d57-4ea5-bfe7-cdfc6c5f795c,46,1.533333,12,0.279147,0.774454,0.4891
75f77a82-0d57-4ea5-bfe7-cdfc6c5f795c,46,1.533333,13,0.238136,0.627508,0.6417
75f77a82-0d57-4ea5-bfe7-cdfc6c5f795c,46,1.533333,14,0.101293,0.939145,0.1352
75f77a82-0d57-4ea5-bfe7-cdfc6c5f795c,46,1.533333,15,0.696521,0.723171,0.6696
75f77a82-0d57-4ea5-bfe7-cdfc6c5f795c,46,1.533333,16,0.621175,0.629281,0.1412
75f77a82-0d57-4ea5-bfe7-cdfc6c5f795c,46,1.533333,17,0.386979,0.714293,0.5592
75f77a82-0d57-4ea5-bfe7-cdfc6c5f795c,46,1.533333,18,0.588566,0.621001,0.1425
75f77a82-0d57-4ea5-bfe7-cdfc6c5f795c,47,1.566667,1,0.234691,0.998148,0.8553
75f77a82-0d57-4ea5-bfe7-cdfc6c5f795c,47,1.566667,2,0.933381,0.998148,0.9091
75f77a82-0d57-4ea5-bfe7-cdfc6c5f795c,47,1.566667,3,0.199825,0.702106,0.3942
75f77a82-0d57-4ea5-bfe7-cdfc6c5f795c,47,1.566667,4,0.458153,0.980834,0.8425
75f77a82-0d57-4ea5-bfe7-cdfc6c5f795c,47,1.566667,5,0.779020,0.758389,0.7771
75f77a82-0d57-4ea5-bfe7-cdfc6c5f795c,47,1.566667,6,0.619091,0.877172,0.7505
75f77a82-0d57-4ea5-bfe7-cdfc6c5f795c,47,1.566667,7,0.738592,0.778453,0.7406
75f77a82-0d57-4ea5-bfe7-cdfc6c5f795c,47,1.566667,8,0.029352,0.669897,0.1769
75f77a82-0d57-4ea5-bfe7-cdfc6c5f795c,47,1.566667,9,0.116325,0.819648,0.5782
75f77a82-0d57-4ea5-bfe7-cdfc6c5f795c,47,1.566667,10,0.669132,0.892699,0.7090
75f77a82-0d57-4ea5-bfe7-cdfc6c5f795c,47,1.566667,11,0.073543,0.995935,0.8767
75f77a82-0d57-4ea5-bfe7-cdfc6c5f795c,47,1.566667,12,0.280255,0.772060,0.4435
75f77a82-0d57-4ea5-bfe7-cdfc6c5f795c,47,1.566667,13,0.237770,0.630593,0.6010
75f77a82-0d57-4ea5-bfe7-cdfc6c5f795c,47,1.566667,15,0.697052,0.723164,0.6669
75f77a82-0d57-4ea5-bfe7-cdfc6c5f795c,47,1.566667,17,0.385275,0.709436,0.5387
75f77a82-0d57-4ea5-bfe7-cdfc6c5f795c,47,1.566667,18,0.587756,0.622687,0.1503
75f77a82-0d57-4ea5-bfe7-cdfc6c5f795c,48,1.600000,1,0.236486,0.998148,0.8581
75f77a82-0d57-4ea5-bfe7-cdfc6c5f795c,48,1.600000,2,0.933113,0.998148,0.9097
75f77a82-0d57-4ea5-bfe7-cdfc6c5f795c,48,1.600000,3,0.208281,0.705855,0.4203
75f77a82-0d57-4ea5-bfe7-cdfc6c5f795c,48,1.600000,4,0.458033,0.975633,0.8416
75f77a82-0d57-4ea5-bfe7-cdfc6c5f795c,48,1.600000,5,0.778868,0.755479,0.7690
75f77a82-0d57-4ea5-bfe7-cdfc6c5f795c,48,1.600000,6,0.619803,0.876952,0.7464
75f77a82-0d57-4ea5-bfe7-cdfc6c5f795c,48,1.600000,7,0.739001,0.777097,0.7378
75f77a82-0d57-4ea5-bfe7-cdfc6c5f795c,48,1.600000,8,0.029227,0.673271,0.1859
75f77a82-0d57-4ea5-bfe7-cdfc6c5f795c,48,1.600000,9,0.118071,0.882593,0.6556
75f77a82-0d57-4ea5-bfe7-cdfc6c5f795c,48,1.600000,10,0.669611,0.892006,0.6861
75f77a82-0d57-4ea5-bfe7-cdfc6c5f795c,48,1.600000,11,0.073844,0.996329,0.8711
75f77a82-0d57-4ea5-bfe7-cdfc6c5f795c,48,1.600000,12,0.281293,0.763592,0.3525
75f77a82-0d57-4ea5-bfe7-cdfc6c5f795c,48,1.600000,13,0.237908,0.635378,0.5544
75f77a82-0d57-4ea5-bfe7-cdfc6c5f795c,48,1.600000,15,0.696701,0.722754,0.6346
75f77a82-0d57-4ea5-bfe7-cdfc6c5f795c,48,1.600000,16,0.618751,0.633849,0.1524
75f77a82-0d57-4ea5-bfe7-cdfc6c5f795c,48,1.600000,17,0.385006,0.707609,0.5452
75f77a82-0d57-4ea5-bfe7-cdfc6c5f795c,48,1.600000,18,0.587913,0.625656,0.2505
75f77a82-0d57-4ea5-bfe7-cdfc6c5f795c,49,1.633333,1,0.238429,0.998148,0.8560
75f77a82-0d57-4ea5-bfe7-cdfc6c5f795c,49,1.633333,2,0.933751,0.998148,0.9058
75f77a82-0d57-4ea5-bfe7-cdfc6c5f795c,49,1.633333,3,0.220264,0.707888,0.5746
75f77a82-0d57-4ea5-bfe7-cdfc6c5f795c,49,1.633333,4,0.457366,0.980868,0.8469
75f77a82-0d57-4ea5-bfe7-cdfc6c5f795c,49,1.633333,5,0.778837,0.751405,0.7690
75f77a82-0d57-4ea5-bfe7-cdfc6c5f795c,49,1.633333,6,0.617792,0.872936,0.7496
75f77a82-0d57-4ea5-bfe7-cdfc6c5f795c,49,1.633333,7,0.738831,0.778309,0.7109
75f77a82-0d57-4ea5-bfe7-cdfc6c5f795c,49,1.633333,9,0.121906,0.895319,0.7191
75f77a82-0d57-4ea5-bfe7-cdfc6c5f795c,49,1.633333,10,0.669234,0.894054,0.7361
75f77a82-0d57-4ea5-bfe7-cdfc6c5f795c,49,1.633333,11,0.068655,0.997182,0.8244
75f77a82-0d57-4ea5-bfe7-cdfc6c5f795c,49,1.633333,12,0.283989,0.746748,0.3038
75f77a82-0d57-4ea5-bfe7-cdfc6c5f795c,49,1.633333,13,0.237111,0.639009,0.2757
75f77a82-0d57-4ea5-bfe7-cdfc6c5f795c,49,1.633333,15,0.696729,0.721505,0.6111
75f77a82-0d57-4ea5-bfe7-cdfc6c5f795c,49,1.633333,16,0.618051,0.633320,0.1563
75f77a82-0d57-4ea5-bfe7-cdfc6c5f795c,49,1.633333,17,0.383671,0.695915,0.5654
75f77a82-0d57-4ea5-bfe7-cdfc6c5f795c,49,1.633333,18,0.586658,0.624237,0.2258
75f77a82-0d57-4ea5-bfe7-cdfc6c5f795c,50,1.666667,1,0.240525,0.998148,0.8562
75f77a82-0d57-4ea5-bfe7-cdfc6c5f795c,50,1.666667,2,0.933340,0.998148,0.9082
75f77a82-0d57-4ea5-bfe7-cdfc6c5f795c,50,1.666667,3,0.185308,0.701493,0.4155
75f77a82-0d57-4ea5-bfe7-cdfc6c5f795c,50,1.666667,4,0.457136,0.986965,0.8551
75f77a82-0d57-4ea5-bfe7-cdfc6c5f795c,50,1.666667,5,0.779011,0.752714,0.7793
75f77a82-0d57-4ea5-bfe7-cdfc6c5f795c,50,1.666667,6,0.617470,0.870514,0.7344
75f77a82-0d57-4ea5-bfe7-cdfc6c5f795c,50,1.666667,7,0.738170,0.782081,0.7285
75f77a82-0d57-4ea5-bfe7-cdfc6c5f795c,50,1.666667,9,0.119954,0.908857,0.7527
75f77a82-0d57-4ea5-bfe7-cdfc6c5f795c,50,1.666667,10,0.669854,0.893172,0.7292
75f77a82-0d57-4ea5-bfe7-cdfc6c5f795c,50,1.666667,11,0.061975,0.996657,0.8068
75f77a82-0d57-4ea5-bfe7-cdfc6c5f795c,50,1.666667,12,0.281778,0.757886,0.2400
75f77a82-0d57-4ea5-bfe7-cdfc6c5f795c,50,1.666667,13,0.220568,0.711584,0.6347
75f77a82-0d57-4ea5-bfe7-cdfc6c5f795c,50,1.666667,15,0.695997,0.716436,0.6090
75f77a82-0d57-4ea5-bfe7-cdfc6c5f795c,50,1.666667,16,0.616198,0.633369,0.1693
75f77a82-0d57-4ea5-bfe7-cdfc6c5f795c,50,1.666667,17,0.383803,0.680981,0.5586
75f77a82-0d57-4ea5-bfe7-cdfc6c5f795c,50,1.666667,18,0.585189,0.622380,0.2269
75f77a82-0d57-4ea5-bfe7-cdfc6c5f795c,51,1.700000,1,0.243794,0.998148,0.8586
75f77a82-0d57-4ea5-bfe7-cdfc6c5f795c,51,1.700000,2,0.933817,0.998148,0.9049
75f77a82-0d57-4ea5-bfe7-cdfc6c5f795c,51,1.700000,3,0.184107,0.705372,0.5352
75f77a82-0d57-4ea5-bfe7-cdfc6c5f795c,51,1.700000,4,0.456897,0.991834,0.8541
75f77a82-0d57-4ea5-bfe7-cdfc6c5f795c,51,1.700000,5,0.778960,0.757256,0.7747
75f77a82-0d57-4ea5-bfe7-cdfc6c5f795c,51,1.700000,6,0.614675,0.868363,0.6866
75f77a82-0d57-4ea5-bfe7-cdfc6c5f795c,51,1.700000,7,0.738085,0.784338,0.7457
75f77a82-0d57-4ea5-bfe7-cdfc6c5f795c,51,1.700000,9,0.120106,0.908923,0.7775
75f77a82-0d57-4ea5-bfe7-cdfc6c5f795c,51,1.700000,10,0.662459,0.892255,0.7223
75f77a82-0d57-4ea5-bfe7-cdfc6c5f795c,51,1.700000,11,0.057221,0.996660,0.7593
75f77a82-0d57-4ea5-bfe7-cdfc6c5f795c,51,1.700000,12,0.282210,0.756024,0.2118
75f77a82-0d57-4ea5-bfe7-cdfc6c5f795c,51,1.700000,13,0.220657,0.713460,0.6630
75f77a82-0d57-4ea5-bfe7-cdfc6c5f795c,51,1.700000,14,0.044575,0.877215,0.5864
75f77a82-0d57-4ea5-bfe7-cdfc6c5f795c,51,1.700000,15,0.695975,0.723759,0.5950
75f77a82-0d57-4ea5-bfe7-cdfc6c5f795c,51,1.700000,16,0.616424,0.635514,0.2093
75f77a82-0d57-4ea5-bfe7-cdfc6c5f795c,51,1.700000,17,0.383711,0.678019,0.6072
75f77a82-0d57-4ea5-bfe7-cdfc6c5f795c,51,1.700000,18,0.584148,0.622638,0.3159
75f77a82-0d57-4ea5-bfe7-cdfc6c5f795c,52,1.733333,1,0.245674,0.998148,0.8592
75f77a82-0d57-4ea5-bfe7-cdfc6c5f795c,52,1.733333,2,0.933237,0.998137,0.9015
75f77a82-0d57-4ea5-bfe7-cdfc6c5f795c,52,1.733333,3,0.182382,0.709028,0.5871
75f77a82-0d57-4ea5-bfe7-cdfc6c5f795c,52,1.733333,4,0.457078,0.992215,0.8494
75f77a82-0d57-4ea5-bfe7-cdfc6c5f795c,52,1.733333,5,0.778669,0.756400,0.7565
75f77a82-0d57-4ea5-bfe7-cdfc6c5f795c,52,1.733333,6,0.615235,0.867885,0.6413
75f77a82-0d57-4ea5-bfe7-cdfc6c5f795c,52,1.733333,7,0.737905,0.796843,0.7474
75f77a82-0d57-4ea5-bfe7-cdfc6c5f795c,52,1.733333,9,0.121539,0.907608,0.7409
75f77a82-0d57-4ea5-bfe7-cdfc6c5f795c,52,1.733333,10,0.659570,0.884696,0.7362
75f77a82-0d57-4ea5-bfe7-cdfc6c5f795c,52,1.733333,11,0.051617,0.998148,0.7818
75f77a82-0d57-4ea5-bfe7-cdfc6c5f795c,52,1.733333,13,0.219392,0.709853,0.6805
75f77a82-0d57-4ea5-bfe7-cdfc6c5f795c,52,1.733333,14,0.043704,0.863534,0.5750
75f77a82-0d57-4ea5-bfe7-cdfc6c5f795c,52,1.733333,15,0.695750,0.722314,0.4459
75f77a82-0d57-4ea5-bfe7-cdfc6c5f795c,52,1.733333,16,0.616287,0.636037,0.1930
75f77a82-0d57-4ea5-bfe7-cdfc6c5f795c,52,1.733333,17,0.383512,0.676328,0.5470
75f77a82-0d57-4ea5-bfe7-cdfc6c5f795c,52,1.733333,18,0.581882,0.622528,0.2351
75f77a82-0d57-4ea5-bfe7-cdfc6c5f795c,53,1.766667,1,0.248444,0.998148,0.8511
75f77a82-0d57-4ea5-bfe7-cdfc6c5f795c,53,1.766667,2,0.931487,0.997804,0.9022
75f77a82-0d57-4ea5-bfe7-cdfc6c5f795c,53,1.766667,3,0.182292,0.718202,0.5982
75f77a82-0d57-4ea5-bfe7-cdfc6c5f795c,53,1.766667,4,0.457268,0.993467,0.8523
75f77a82-0d57-4ea5-bfe7-cdfc6c5f795c,53,1.766667,5,0.779585,0.757970,0.7486
75f77a82-0d57-4ea5-bfe7-cdfc6c5f795c,53,1.766667,6,0.615636,0.868002,0.5718
75f77a82-0d57-4ea5-bfe7-cdfc6c5f795c,53,1.766667,7,0.736659,0.799758,0.7394
75f77a82-0d57-4ea5-bfe7-cdfc6c5f795c,53,1.766667,9,0.118965,0.907756,0.6802
75f77a82-0d57-4ea5-bfe7-cdfc6c5f795c,53,1.766667,10,0.656514,0.880458,0.7347
75f77a82-0d57-4ea5-bfe7-cdfc6c5f795c,53,1.766667,11,0.047825,0.998148,0.7902
75f77a82-0d57-4ea5-bfe7-cdfc6c5f795c,53,1.766667,13,0.218005,0.713794,0.6770
75f77a82-0d57-4ea5-bfe7-cdfc6c5f795c,53,1.766667,14,0.043927,0.855291,0.6878
75f77a82-0d57-4ea5-bfe7-cdfc6c5f795c,53,1.766667,15,0.682910,0.729410,0.4699
75f77a82-0d57-4ea5-bfe7-cdfc6c5f795c,53,1.766667,16,0.616469,0.636415,0.1794
75f77a82-0d57-4ea5-bfe7-cdfc6c5f795c,53,1.766667,17,0.383708,0.676392,0.4714
75f77a82-0d57-4ea5-bfe7-cdfc6c5f795c,53,1.766667,18,0.580398,0.623237,0.2390
75f77a82-0d57-4ea5-bfe7-cdfc6c5f795c,54,1.800000,1,0.248924,0.998148,0.8501
75f77a82-0d57-4ea5-bfe7-cdfc6c5f795c,54,1.800000,2,0.931000,0.997098,0.9008
75f77a82-0d57-4ea5-bfe7-cdfc6c5f795c,54,1.800000,3,0.181220,0.721388,0.5971
75f77a82-0d57-4ea5-bfe7-cdfc6c5f795c,54,1.800000,4,0.458160,0.994354,0.8494
75f77a82-0d57-4ea5-bfe7-cdfc6c5f795c,54,1.800000,5,0.779974,0.755925,0.7345
75f77a82-0d57-4ea5-bfe7-cdfc6c5f795c,54,1.800000,6,0.616567,0.868176,0.5396
75f77a82-0d57-4ea5-bfe7-cdfc6c5f795c,54,1.800000,7,0.736449,0.800567,0.7521
75f77a82-0d57-4ea5-bfe7-cdfc6c5f795c,54,1.800000,9,0.120060,0.885361,0.6160
75f77a82-0d57-4ea5-bfe7-cdfc6c5f795c,54,1.800000,10,0.650270,0.879134,0.7115
75f77a82-0d57-4ea5-bfe7-cdfc6c5f795c,54,1.800000,11,0.041923,0.998148,0.7063
75f77a82-0d57-4ea5-bfe7-cdfc6c5f795c,54,1.800000,13,0.219446,0.707319,0.6645
75f77a82-0d57-4ea5-bfe7-cdfc6c5f795c,54,1.800000,14,0.043592,0.854792,0.7013
75f77a82-0d57-4ea5-bfe7-cdfc6c5f795c,54,1.800000,15,0.683906,0.731668,0.4886
75f77a82-0d57-4ea5-bfe7-cdfc6c5f795c,54,1.800000,16,0.616308,0.638371,0.1945
75f77a82-0d57-4ea5-bfe7-cdfc6c5f795c,54,1.800000,17,0.383839,0.676371,0.4860
75f77a82-0d57-4ea5-bfe7-cdfc6c5f795c,54,1.800000,18,0.580673,0.622814,0.2680
75f77a82-0d57-4ea5-bfe7-cdfc6c5f795c,55,1.833333,1,0.249352,0.998148,0.8584
75f77a82-0d57-4ea5-bfe7-cdfc6c5f795c,55,1.833333,2,0.930203,0.996282,0.9026
75f77a82-0d57-4ea5-bfe7-cdfc6c5f795c,55,1.833333,3,0.176978,0.724981,0.6344
75f77a82-0d57-4ea5-bfe7-cdfc6c5f795c,55,1.833333,4,0.457767,0.994178,0.8514
75f77a82-0d57-4ea5-bfe7-cdfc6c5f795c,55,1.833333,5,0.780378,0.755818,0.7178
75f77a82-0d57-4ea5-bfe7-cdfc6c5f795c,55,1.833333,6,0.639156,0.876889,0.7063
75f77a82-0d57-4ea5-bfe7-cdfc6c5f795c,55,1.833333,7,0.755570,0.780976,0.4524
75f77a82-0d57-4ea5-bfe7-cdfc6c5f795c,55,1.833333,9,0.124215,0.850144,0.5533
75f77a82-0d57-4ea5-bfe7-cdfc6c5f795c,55,1.833333,10,0.737189,0.794104,0.7324
75f77a82-0d57-4ea5-bfe7-cdfc6c5f795c,55,1.833333,11,0.036933,0.998148,0.5921
75f77a82-0d57-4ea5-bfe7-cdfc6c5f795c,55,1.833333,13,0.220252,0.711180,0.6733
75f77a82-0d57-4ea5-bfe7-cdfc6c5f795c,55,1.833333,14,0.043297,0.852776,0.7361
75f77a82-0d57-4ea5-bfe7-cdfc6c5f795c,55,1.833333,15,0.686435,0.728551,0.5196
75f77a82-0d57-4ea5-bfe7-cdfc6c5f795c,55,1.833333,16,0.617165,0.638310,0.2074
75f77a82-0d57-4ea5-bfe7-cdfc6c5f795c,55,1.833333,17,0.384317,0.675757,0.3531
75f77a82-0d57-4ea5-bfe7-cdfc6c5f795c,55,1.833333,18,0.580480,0.625260,0.4799
75f77a82-0d57-4ea5-bfe7-cdfc6c5f795c,56,1.866667,1,0.249832,0.998148,0.8562
75f77a82-0d57-4ea5-bfe7-cdfc6c5f795c,56,1.866667,2,0.929842,0.994948,0.9002
75f77a82-0d57-4ea5-bfe7-cdfc6c5f795c,56,1.866667,3,0.177040,0.725204,0.6364
75f77a82-0d57-4ea5-bfe7-cdfc6c5f795c,56,1.866667,4,0.457611,0.994496,0.8515
75f77a82-0d57-4ea5-bfe7-cdfc6c5f795c,56,1.866667,5,0.780164,0.749706,0.7232
75f77a82-0d57-4ea5-bfe7-cdfc6c5f795c,56,1.866667,6,0.640752,0.878072,0.6968
75f77a82-0d57-4ea5-bfe7-cdfc6c5f795c,56,1.866667,7,0.755584,0.780182,0.5539
75f77a82-0d57-4ea5-bfe7-cdfc6c5f795c,56,1.866667,9,0.123464,0.785925,0.5561
75f77a82-0d57-4ea5-bfe7-cdfc6c5f795c,56,1.866667,10,0.731550,0.799497,0.7447
75f77a82-0d57-4ea5-bfe7-cdfc6c5f795c,56,1.866667,11,0.032255,0.994527,0.2668
75f77a82-0d57-4ea5-bfe7-cdfc6c5f795c,56,1.866667,13,0.220401,0.715259,0.7030
75f77a82-0d57-4ea5-bfe7-cdfc6c5f795c,56,1.866667,14,0.045103,0.862912,0.7469
75f77a82-0d57-4ea5-bfe7-cdfc6c5f795c,56,1.866667,15,0.687557,0.727051,0.4419
75f77a82-0d57-4ea5-bfe7-cdfc6c5f795c,56,1.866667,16,0.617554,0.637493,0.1931
75f77a82-0d57-4ea5-bfe7-cdfc6c5f795c,56,1.866667,17,0.384423,0.675572,0.3146
75f77a82-0d57-4ea5-bfe7-cdfc6c5f795c,56,1.866667,18,0.578404,0.625924,0.6044
75f77a82-0d57-4ea5-bfe7-cdfc6c5f795c,57,1.900000,1,0.250330,0.998148,0.8636
75f77a82-0d57-4ea5-bfe7-cdfc6c5f795c,57,1.900000,2,0.929397,0.995789,0.9021
75f77a82-0d57-4ea5-bfe7-cdfc6c5f795c,57,1.900000,3,0.176057,0.728040,0.6438
75f77a82-0d57-4ea5-bfe7-cdfc6c5f795c,57,1.900000,4,0.457387,0.995744,0.8544
75f77a82-0d57-4ea5-bfe7-cdfc6c5f795c,57,1.900000,5,0.780685,0.748016,0.7200
75f77a82-0d57-4ea5-bfe7-cdfc6c5f795c,57,1.900000,6,0.633300,0.883173,0.7384
75f77a82-0d57-4ea5-bfe7-cdfc6c5f795c,57,1.900000,7,0.755851,0.780282,0.5777
75f77a82-0d57-4ea5-bfe7-cdfc6c5f795c,57,1.900000,9,0.127024,0.775909,0.5601
75f77a82-0d57-4ea5-bfe7-cdfc6c5f795c,57,1.900000,10,0.730844,0.806349,0.7691
75f77a82-0d57-4ea5-bfe7-cdfc6c5f795c,57,1.900000,11,0.028606,0.995744,0.1414
75f77a82-0d57-4ea5-bfe7-cdfc6c5f795c,57,1.900000,13,0.219763,0.729061,0.6714
75f77a82-0d57-4ea5-bfe7-cdfc6c5f795c,57,1.900000,14,0.043535,0.870777,0.7110
75f77a82-0d57-4ea5-bfe7-cdfc6c5f795c,57,1.900000,15,0.683274,0.730421,0.4986
75f77a82-0d57-4ea5-bfe7-cdfc6c5f795c,57,1.900000,16,0.617355,0.635982,0.1912
75f77a82-0d57-4ea5-bfe7-cdfc6c5f795c,57,1.900000,17,0.384753,0.675346,0.2891
75f77a82-0d57-4ea5-bfe7-cdfc6c5f795c,57,1.900000,18,0.577187,0.624462,0.6346
75f77a82-0d57-4ea5-bfe7-cdfc6c5f795c,58,1.933333,1,0.250948,0.998148,0.8576
75f77a82-0d57-4ea5-bfe7-cdfc6c5f795c,58,1.933333,2,0.921637,0.995856,0.9003
75f77a82-0d57-4ea5-bfe7-cdfc6c5f795c,58,1.933333,3,0.175920,0.728978,0.6777
75f77a82-0d57-4ea5-bfe7-cdfc6c5f795c,58,1.933333,4,0.457778,0.996588,0.8569
75f77a82-0d57-4ea5-bfe7-cdfc6c5f795c,58,1.933333,5,0.780863,0.747368,0.7180
75f77a82-0d57-4ea5-bfe7-cdfc6c5f795c,58,1.933333,6,0.637175,0.897304,0.6483
75f77a82-0d57-4ea5-bfe7-cdfc6c5f795c,58,1.933333,7,0.755823,0.779259,0.5864
75f77a82-0d57-4ea5-bfe7-cdfc6c5f795c,58,1.933333,9,0.127969,0.908254,0.5622
75f77a82-0d57-4ea5-bfe7-cdfc6c5f795c,58,1.933333,10,0.730126,0.804368,0.7899
75f77a82-0d57-4ea5-bfe7-cdfc6c5f795c,58,1.933333,13,0.220756,0.726054,0.6953
75f77a82-0d57-4ea5-bfe7-cdfc6c5f795c,58,1.933333,14,0.043815,0.873366,0.7411
75f77a82-0d57-4ea5-bfe7-cdfc6c5f795c,58,1.933333,15,0.683711,0.730812,0.5208
75f77a82-0d57-4ea5-bfe7-cdfc6c5f795c,58,1.933333,16,0.616764,0.635940,0.1639
75f77a82-0d57-4ea5-bfe7-cdfc6c5f795c,58,1.933333,17,0.385934,0.677405,0.3522
75f77a82-0d57-4ea5-bfe7-cdfc6c5f795c,58,1.933333,18,0.576607,0.621808,0.6536
75f77a82-0d57-4ea5-bfe7-cdfc6c5f795c,59,1.966667,1,0.250398,0.998148,0.8633
75f77a82-0d57-4ea5-bfe7-cdfc6c5f795c,59,1.966667,2,0.934947,0.997116,0.9038
75f77a82-0d57-4ea5-bfe7-cdfc6c5f795c,59,1.966667,3,0.175663,0.729807,0.6999
75f77a82-0d57-4ea5-bfe7-cdfc6c5f795c,59,1.966667,4,0.458166,0.998148,0.8622
75f77a82-0d57-4ea5-bfe7-cdfc6c5f795c,59,1.966667,5,0.781427,0.744331,0.7043
75f77a82-0d57-4ea5-bfe7-cdfc6c5f795c,59,1.966667,6,0.631768,0.902698,0.6957
75f77a82-0d57-4ea5-bfe7-cdfc6c5f795c,59,1.966667,7,0.755843,0.779329,0.6111
75f77a82-0d57-4ea5-bfe7-cdfc6c5f795c,59,1.966667,9,0.128618,0.893707,0.5795
75f77a82-0d57-4ea5-bfe7-cdfc6c5f795c,59,1.966667,10,0.730587,0.807502,0.7927
75f77a82-0d57-4ea5-bfe7-cdfc6c5f795c,59,1.966667,13,0.220884,0.729755,0.7053
75f77a82-0d57-4ea5-bfe7-cdfc6c5f795c,59,1.966667,14,0.043963,0.872306,0.7677
75f77a82-0d57-4ea5-bfe7-cdfc6c5f795c,59,1.966667,15,0.684631,0.733355,0.4601
75f77a82-0d57-4ea5-bfe7-cdfc6c5f795c,59,1.966667,17,0.384356,0.674650,0.2962
75f77a82-0d57-4ea5-bfe7-cdfc6c5f795c,59,1.966667,18,0.576532,0.621083,0.6043
75f77a82-0d57-4ea5-bfe7-cdfc6c5f795c,60,2.000000,1,0.251216,0.997621,0.8695
75f77a82-0d57-4ea5-bfe7-cdfc6c5f795c,60,2.000000,2,0.937059,0.998148,0.9084
75f77a82-0d57-4ea5-bfe7-cdfc6c5f795c,60,2.000000,3,0.175981,0.727914,0.6944
75f77a82-0d57-4ea5-bfe7-cdfc6c5f795c,60,2.000000,4,0.457993,0.998148,0.8587
75f77a82-0d57-4ea5-bfe7-cdfc6c5f795c,60,2.000000,5,0.782693,0.738008,0.6835
75f77a82-0d57-4ea5-bfe7-cdfc6c5f795c,60,2.000000,6,0.633423,0.914298,0.6556
75f77a82-0d57-4ea5-bfe7-cdfc6c5f795c,60,2.000000,7,0.755614,0.780182,0.6438
75f77a82-0d57-4ea5-bfe7-cdfc6c5f795c,60,2.000000,9,0.129058,0.900197,0.5859
75f77a82-0d57-4ea5-bfe7-cdfc6c5f795c,60,2.000000,10,0.730308,0.808911,0.7995
75f77a82-0d57-4ea5-bfe7-cdfc6c5f795c,60,2.000000,13,0.220084,0.731661,0.7049
75f77a82-0d57-4ea5-bfe7-cdfc6c5f795c,60,2.000000,14,0.044446,0.869960,0.7858
75f77a82-0d57-4ea5-bfe7-cdfc6c5f795c,60,2.000000,15,0.685129,0.735169,0.4668
75f77a82-0d57-4ea5-bfe7-cdfc6c5f795c,60,2.000000,17,0.385022,0.675299,0.2517
75f77a82-0d57-4ea5-bfe7-cdfc6c5f795c,60,2.000000,18,0.576019,0.619276,0.5802
75f77a82-0d57-4ea5-bfe7-cdfc6c5f795c,61,2.033333,1,0.252310,0.997998,0.8691
75f77a82-0d57-4ea5-bfe7-cdfc6c5f795c,61,2.033333,2,0.950481,0.998148,0.9022
75f77a82-0d57-4ea5-bfe7-cdfc6c5f795c,61,2.033333,3,0.176067,0.729232,0.7061
75f77a82-0d57-4ea5-bfe7-cdfc6c5f795c,61,2.033333,4,0.458295,0.998148,0.8598
75f77a82-0d57-4ea5-bfe7-cdfc6c5f795c,61,2.033333,5,0.783325,0.733328,0.6944
75f77a82-0d57-4ea5-bfe7-cdfc6c5f795c,61,2.033333,6,0.636278,0.910319,0.6927
75f77a82-0d57-4ea5-bfe7-cdfc6c5f795c,61,2.033333,7,0.755717,0.779577,0.6790
75f77a82-0d57-4ea5-bfe7-cdfc6c5f795c,61,2.033333,9,0.132966,0.776075,0.6448
75f77a82-0d57-4ea5-bfe7-cdfc6c5f795c,61,2.033333,10,0.730040,0.806243,0.8073
75f77a82-0d57-4ea5-bfe7-cdfc6c5f795c,61,2.033333,13,0.218772,0.725175,0.6713
75f77a82-0d57-4ea5-bfe7-cdfc6c5f795c,61,2.033333,14,0.044146,0.870147,0.7877
75f77a82-0d57-4ea5-bfe7-cdfc6c5f795c,61,2.033333,15,0.686251,0.730680,0.3853
75f77a82-0d57-4ea5-bfe7-cdfc6c5f795c,61,2.033333,17,0.383601,0.675195,0.2453
75f77a82-0d57-4ea5-bfe7-cdfc6c5f795c,61,2.033333,18,0.575544,0.618815,0.6080
75f77a82-0d57-4ea5-bfe7-cdfc6c5f795c,62,2.066667,1,0.252829,0.998148,0.8671
75f77a82-0d57-4ea5-bfe7-cdfc6c5f795c,62,2.066667,2,0.954359,0.998148,0.9059
75f77a82-0d57-4ea5-bfe7-cdfc6c5f795c,62,2.066667,3,0.176026,0.730997,0.7126
75f77a82-0d57-4ea5-bfe7-cdfc6c5f795c,62,2.066667,4,0.459135,0.998148,0.8578
75f77a82-0d57-4ea5-bfe7-cdfc6c5f795c,62,2.066667,5,0.783579,0.725593,0.6933
75f77a82-0d57-4ea5-bfe7-cdfc6c5f795c,62,2.066667,6,0.647856,0.926521,0.6907
75f77a82-0d57-4ea5-bfe7-cdfc6c5f795c,62,2.066667,7,0.755632,0.779607,0.6766
75f77a82-0d57-4ea5-bfe7-cdfc6c5f795c,62,2.066667,9,0.130518,0.778426,0.6180
75f77a82-0d57-4ea5-bfe7-cdfc6c5f795c,62,2.066667,10,0.730071,0.809300,0.7949
75f77a82-0d57-4ea5-bfe7-cdfc6c5f795c,62,2.066667,13,0.218706,0.715710,0.6567
75f77a82-0d57-4ea5-bfe7-cdfc6c5f795c,62,2.066667,14,0.044373,0.870372,0.7750
75f77a82-0d57-4ea5-bfe7-cdfc6c5f795c,62,2.066667,15,0.690110,0.730215,0.2970
75f77a82-0d57-4ea5-bfe7-cdfc6c5f795c,62,2.066667,17,0.383983,0.674426,0.1711
75f77a82-0d57-4ea5-bfe7-cdfc6c5f795c,62,2.066667,18,0.574931,0.618928,0.5556
75f77a82-0d57-4ea5-bfe7-cdfc6c5f795c,63,2.100000,1,0.254298,0.998075,0.8667
75f77a82-0d57-4ea5-bfe7-cdfc6c5f795c,63,2.100000,2,0.953231,0.998148,0.9067
75f77a82-0d57-4ea5-bfe7-cdfc6c5f795c,63,2.100000,3,0.176253,0.732603,0.7143
75f77a82-0d57-4ea5-bfe7-cdfc6c5f795c,63,2.100000,4,0.459715,0.998148,0.8619
75f77a82-0d57-4ea5-bfe7-cdfc6c5f795c,63,2.100000,5,0.782869,0.716777,0.6856
75f77a82-0d57-4ea5-bfe7-cdfc6c5f795c,63,2.100000,6,0.648574,0.919204,0.6784
75f77a82-0d57-4ea5-bfe7-cdfc6c5f795c,63,2.100000,7,0.755677,0.779391,0.6710
75f77a82-0d57-4ea5-bfe7-cdfc6c5f795c,63,2.100000,9,0.131615,0.782419,0.5608
75f77a82-0d57-4ea5-bfe7-cdfc6c5f795c,63,2.100000,10,0.729606,0.811848,0.7908
75f77a82-0d57-4ea5-bfe7-cdfc6c5f795c,63,2.100000,13,0.216252,0.730272,0.6573
75f77a82-0d57-4ea5-bfe7-cdfc6c5f795c,63,2.100000,14,0.045637,0.869371,0.7606
75f77a82-0d57-4ea5-bfe7-cdfc6c5f795c,63,2.100000,15,0.692179,0.729411,0.2098
75f77a82-0d57-4ea5-bfe7-cdfc6c5f795c,63,2.100000,17,0.383708,0.674447,0.2600
75f77a82-0d57-4ea5-bfe7-cdfc6c5f795c,63,2.100000,18,0.574939,0.619440,0.5468
75f77a82-0d57-4ea5-bfe7-cdfc6c5f795c,64,2.133333,1,0.255087,0.998148,0.8695
75f77a82-0d57-4ea5-bfe7-cdfc6c5f795c,64,2.133333,2,0.957368,0.998148,0.9041
75f77a82-0d57-4ea5-bfe7-cdfc6c5f795c,64,2.133333,3,0.176703,0.735594,0.7233
75f77a82-0d57-4ea5-bfe7-cdfc6c5f795c,64,2.133333,4,0.459681,0.998148,0.8661
75f77a82-0d57-4ea5-bfe7-cdfc6c5f795c,64,2.133333,5,0.782498,0.709846,0.6977
75f77a82-0d57-4ea5-bfe7-cdfc6c5f795c,64,2.133333,6,0.618021,0.852775,0.4437
75f77a82-0d57-4ea5-bfe7-cdfc6c5f795c,64,2.133333,7,0.755704,0.778846,0.6656
75f77a82-0d57-4ea5-bfe7-cdfc6c5f795c,64,2.133333,9,0.132868,0.773174,0.5615
75f77a82-0d57-4ea5-bfe7-cdfc6c5f795c,64,2.133333,10,0.729704,0.814255,0.7869
75f77a82-0d57-4ea5-bfe7-cdfc6c5f795c,64,2.133333,13,0.216408,0.730719,0.6620
75f77a82-0d57-4ea5-bfe7-cdfc6c5f795c,64,2.133333,14,0.045663,0.868140,0.7151
75f77a82-0d57-4ea5-bfe7-cdfc6c5f795c,64,2.133333,15,0.668279,0.933269,0.6411
75f77a82-0d57-4ea5-bfe7-cdfc6c5f795c,64,2.133333,16,0.624365,0.666581,0.1360
75f77a82-0d57-4ea5-bfe7-cdfc6c5f795c,64,2.133333,17,0.383700,0.674772,0.2872
75f77a82-0d57-4ea5-bfe7-cdfc6c5f795c,64,2.133333,18,0.574681,0.620255,0.5995
75f77a82-0d57-4ea5-bfe7-cdfc6c5f795c,65,2.166667,1,0.255982,0.998148,0.8637
75f77a82-0d57-4ea5-bfe7-cdfc6c5f795c,65,2.166667,2,0.958378,0.993111,0.8978
75f77a82-0d57-4ea5-bfe7-cdfc6c5f795c,65,2.166667,3,0.176783,0.738952,0.7392
75f77a82-0d57-4ea5-bfe7-cdfc6c5f795c,65,2.166667,4,0.459923,0.998148,0.8714
75f77a82-0d57-4ea5-bfe7-cdfc6c5f795c,65,2.166667,5,0.782284,0.705507,0.6963
75f77a82-0d57-4ea5-bfe7-cdfc6c5f795c,65,2.166667,6,0.623589,0.861253,0.5235
75f77a82-0d57-4ea5-bfe7-cdfc6c5f795c,65,2.166667,7,0.755552,0.778388,0.6516
75f77a82-0d57-4ea5-bfe7-cdfc6c5f795c,65,2.166667,9,0.134475,0.773630,0.5554
75f77a82-0d57-4ea5-bfe7-cdfc6c5f795c,65,2.166667,10,0.730088,0.811034,0.7939
75f77a82-0d57-4ea5-bfe7-cdfc6c5f795c,65,2.166667,11,0.027893,0.893290,0.1796
75f77a82-0d57-4ea5-bfe7-cdfc6c5f795c,65,2.166667,13,0.215246,0.721604,0.6441
75f77a82-0d57-4ea5-bfe7-cdfc6c5f795c,65,2.166667,14,0.047045,0.865561,0.6772
75f77a82-0d57-4ea5-bfe7-cdfc6c5f795c,65,2.166667,15,0.671838,0.919927,0.5372
75f77a82-0d57-4ea5-bfe7-cdfc6c5f795c,65,2.166667,16,0.606494,0.625148,0.1263
75f77a82-0d57-4ea5-bfe7-cdfc6c5f795c,65,2.166667,17,0.384873,0.673079,0.3786
75f77a82-0d57-4ea5-bfe7-cdfc6c5f795c,65,2.166667,18,0.574349,0.621047,0.6532
75f77a82-0d57-4ea5-bfe7-cdfc6c5f795c,65,2.166667,19,0.118422,0.902783,0.4741
75f77a82-0d57-4ea5-bfe7-cdfc6c5f795c,66,2.200000,1,0.256869,0.998148,0.8485
75f77a82-0d57-4ea5-bfe7-cdfc6c5f795c,66,2.200000,2,0.959994,0.996376,0.8953
75f77a82-0d57-4ea5-bfe7-cdfc6c5f795c,66,2.200000,3,0.177631,0.738274,0.7295
75f77a82-0d57-4ea5-bfe7-cdfc6c5f795c,66,2.200000,4,0.460563,0.998148,0.8741
75f77a82-0d57-4ea5-bfe7-cdfc6c5f795c,66,2.200000,5,0.782638,0.707207,0.6854
75f77a82-0d57-4ea5-bfe7-cdfc6c5f795c,66,2.200000,6,0.623438,0.871502,0.5327
75f77a82-0d57-4ea5-bfe7-cdfc6c5f795c,66,2.200000,7,0.756044,0.776291,0.6292
75f77a82-0d57-4ea5-bfe7-cdfc6c5f795c,66,2.200000,9,0.135723,0.770736,0.4907
75f77a82-0d57-4ea5-bfe7-cdfc6c5f795c,66,2.200000,10,0.730069,0.809914,0.7910
75f77a82-0d57-4ea5-bfe7-cdfc6c5f795c,66,2.200000,11,0.036216,0.905092,0.3323
75f77a82-0d57-4ea5-bfe7-cdfc6c5f795c,66,2.200000,13,0.213934,0.708210,0.5960
75f77a82-0d57-4ea5-bfe7-cdfc6c5f795c,66,2.200000,14,0.047845,0.861814,0.6509
75f77a82-0d57-4ea5-bfe7-cdfc6c5f795c,66,2.200000,15,0.677220,0.932490,0.5851
75f77a82-0d57-4ea5-bfe7-cdfc6c5f795c,66,2.200000,16,0.605741,0.622398,0.1372
75f77a82-0d57-4ea5-bfe7-cdfc6c5f795c,66,2.200000,17,0.384076,0.674627,0.3860
75f77a82-0d57-4ea5-bfe7-cdfc6c5f795c,66,2.200000,18,0.573077,0.620994,0.6404
75f77a82-0d57-4ea5-bfe7-cdfc6c5f795c,66,2.200000,19,0.126368,0.895515,0.5743
75f77a82-0d57-4ea5-bfe7-cdfc6c5f795c,67,2.233333,1,0.258356,0.997762,0.8437
75f77a82-0d57-4ea5-bfe7-cdfc6c5f795c,67,2.233333,2,0.960266,0.995538,0.8974
75f77a82-0d57-4ea5-bfe7-cdfc6c5f795c,67,2.233333,3,0.178278,0.734805,0.7190
75f77a82-0d57-4ea5-bfe7-cdfc6c5f795c,67,2.233333,4,0.460376,0.998148,0.8726
75f77a82-0d57-4ea5-bfe7-cdfc6c5f795c,67,2.233333,5,0.783126,0.702123,0.6600
75f77a82-0d57-4ea5-bfe7-cdfc6c5f795c,67,2.233333,6,0.621758,0.862072,0.6619
75f77a82-0d57-4ea5-bfe7-cdfc6c5f795c,67,2.233333,7,0.755842,0.775352,0.6015
75f77a82-0d57-4ea5-bfe7-cdfc6c5f795c,67,2.233333,9,0.135222,0.765583,0.3254
75f77a82-0d57-4ea5-bfe7-cdfc6c5f795c,67,2.233333,10,0.729976,0.809054,0.7835
75f77a82-0d57-4ea5-bfe7-cdfc6c5f795c,67,2.233333,11,0.033341,0.922615,0.5552
75f77a82-0d57-4ea5-bfe7-cdfc6c5f795c,67,2.233333,13,0.210342,0.705593,0.5337
75f77a82-0d57-4ea5-bfe7-cdfc6c5f795c,67,2.233333,14,0.050615,0.862896,0.4950
75f77a82-0d57-4ea5-bfe7-cdfc6c5f795c,67,2.233333,15,0.680085,0.929372,0.5674
75f77a82-0d57-4ea5-bfe7-cdfc6c5f795c,67,2.233333,17,0.383303,0.673894,0.3194
75f77a82-0d57-4ea5-bfe7-cdfc6c5f795c,67,2.233333,18,0.572594,0.620314,0.6490
75f77a82-0d57-4ea5-bfe7-cdfc6c5f795c,67,2.233333,19,0.127904,0.894324,0.6360
75f77a82-0d57-4ea5-bfe7-cdfc6c5f795c,68,2.266667,1,0.259435,0.998148,0.8483
75f77a82-0d57-4ea5-bfe7-cdfc6c5f795c,68,2.266667,2,0.961272,0.996151,0.8989
75f77a82-0d57-4ea5-bfe7-cdfc6c5f795c,68,2.266667,3,0.179358,0.725863,0.6868
75f77a82-0d57-4ea5-bfe7-cdfc6c5f795c,68,2.266667,4,0.460473,0.998148,0.8747
75f77a82-0d57-4ea5-bfe7-cdfc6c5f795c,68,2.266667,5,0.784140,0.702117,0.6606
75f77a82-0d57-4ea5-bfe7-cdfc6c5f795c,68,2.266667,6,0.624660,0.867660,0.6699
75f77a82-0d57-4ea5-bfe7-cdfc6c5f795c,68,2.266667,7,0.755424,0.776980,0.5847
75f77a82-0d57-4ea5-bfe7-cdfc6c5f795c,68,2.266667,10,0.728550,0.808998,0.7744
75f77a82-0d57-4ea5-bfe7-cdfc6c5f795c,68,2.266667,11,0.037554,0.925111,0.6079
75f77a82-0d57-4ea5-bfe7-cdfc6c5f795c,68,2.266667,13,0.213747,0.720823,0.5155
75f77a82-0d57-4ea5-bfe7-cdfc6c5f795c,68,2.266667,14,0.049949,0.865728,0.3861
75f77a82-0d57-4ea5-bfe7-cdfc6c5f795c,68,2.266667,15,0.681975,0.922785,0.5483
75f77a82-0d57-4ea5-bfe7-cdfc6c5f795c,68,2.266667,16,0.607067,0.630075,0.1378
75f77a82-0d57-4ea5-bfe7-cdfc6c5f795c,68,2.266667,17,0.383475,0.672803,0.1764
75f77a82-0d57-4ea5-bfe7-cdfc6c5f795c,68,2.266667,18,0.572239,0.620173,0.6522
75f77a82-0d57-4ea5-bfe7-cdfc6c5f795c,68,2.266667,19,0.129801,0.892924,0.6255
75f77a82-0d57-4ea5-bfe7-cdfc6c5f795c,69,2.300000,1,0.259526,0.998148,0.8575
75f77a82-0d57-4ea5-bfe7-cdfc6c5f795c,69,2.300000,2,0.962147,0.990819,0.8969
75f77a82-0d57-4ea5-bfe7-cdfc6c5f795c,69,2.300000,3,0.180461,0.719395,0.5539
75f77a82-0d57-4ea5-bfe7-cdfc6c5f795c,69,2.300000,4,0.460061,0.998148,0.8741
75f77a82-0d57-4ea5-bfe7-cdfc6c5f795c,69,2.300000,5,0.784628,0.702547,0.6516
75f77a82-0d57-4ea5-bfe7-cdfc6c5f795c,69,2.300000,6,0.625417,0.873182,0.6504
75f77a82-0d57-4ea5-bfe7-cdfc6c5f795c,69,2.300000,7,0.755252,0.776008,0.6239
75f77a82-0d57-4ea5-bfe7-cdfc6c5f795c,69,2.300000,10,0.728299,0.805972,0.7671
75f77a82-0d57-4ea5-bfe7-cdfc6c5f795c,69,2.300000,11,0.040122,0.939315,0.7097
75f77a82-0d57-4ea5-bfe7-cdfc6c5f795c,69,2.300000,13,0.201539,0.716727,0.4487
75f77a82-0d57-4ea5-bfe7-cdfc6c5f795c,69,2.300000,15,0.684748,0.927625,0.5838
75f77a82-0d57-4ea5-bfe7-cdfc6c5f795c,69,2.300000,18,0.572128,0.619253,0.5871
75f77a82-0d57-4ea5-bfe7-cdfc6c5f795c,69,2.300000,19,0.130018,0.894801,0.6551
75f77a82-0d57-4ea5-bfe7-cdfc6c5f795c,70,2.333333,1,0.261240,0.997990,0.8430
75f77a82-0d57-4ea5-bfe7-cdfc6c5f795c,70,2.333333,2,0.962859,0.985101,0.8926
75f77a82-0d57-4ea5-bfe7-cdfc6c5f795c,70,2.333333,3,0.181178,0.720876,0.5173
75f77a82-0d57-4ea5-bfe7-cdfc6c5f795c,70,2.333333,4,0.459740,0.998148,0.8750
75f77a82-0d57-4ea5-bfe7-cdfc6c5f795c,70,2.333333,5,0.785369,0.702598,0.6595
75f77a82-0d57-4ea5-bfe7-cdfc6c5f795c,70,2.333333,6,0.643091,0.877920,0.6004
75f77a82-0d57-4ea5-bfe7-cdfc6c5f795c,70,2.333333,7,0.755077,0.775737,0.6412
75f77a82-0d57-4ea5-bfe7-cdfc6c5f795c,70,2.333333,9,0.139088,0.768105,0.2191
75f77a82-0d57-4ea5-bfe7-cdfc6c5f795c,70,2.333333,10,0.728400,0.803873,0.7702
75f77a82-0d57-4ea5-bfe7-cdfc6c5f795c,70,2.333333,11,0.040209,0.952250,0.7109
75f77a82-0d57-4ea5-bfe7-cdfc6c5f795c,70,2.333333,12,0.301944,0.742561,0.3257
75f77a82-0d57-4ea5-bfe7-cdfc6c5f795c,70,2.333333,13,0.209956,0.719449,0.4221
75f77a82-0d57-4ea5-bfe7-cdfc6c5f795c,70,2.333333,15,0.686571,0.917094,0.6195
75f77a82-0d57-4ea5-bfe7-cdfc6c5f795c,70,2.333333,16,0.607869,0.637093,0.1287
75f77a82-0d57-4ea5-bfe7-cdfc6c5f795c,70,2.333333,18,0.571325,0.618543,0.5473
75f77a82-0d57-4ea5-bfe7-cdfc6c5f795c,70,2.333333,19,0.130725,0.893098,0.6437
75f77a82-0d57-4ea5-bfe7-cdfc6c5f795c,71,2.366667,1,0.262020,0.998148,0.8487
75f77a82-0d57-4ea5-bfe7-cdfc6c5f795c,71,2.366667,2,0.963851,0.981007,0.8809
75f77a82-0d57-4ea5-bfe7-cdfc6c5f795c,71,2.366667,3,0.180089,0.710825,0.3312
75f77a82-0d57-4ea5-bfe7-cdfc6c5f795c,71,2.366667,4,0.458919,0.998148,0.8761
75f77a82-0d57-4ea5-bfe7-cdfc6c5f795c,71,2.366667,5,0.786186,0.699987,0.6541
75f77a82-0d57-4ea5-bfe7-cdfc6c5f795c,71,2.366667,6,0.643555,0.867154,0.6454
75f77a82-0d57-4ea5-bfe7-cdfc6c5f795c,71,2.366667,7,0.755213,0.775681,0.6363
75f77a82-0d57-4ea5-bfe7-cdfc6c5f795c,71,2.366667,10,0.728871,0.802922,0.7785
75f77a82-0d57-4ea5-bfe7-cdfc6c5f795c,71,2.366667,11,0.036733,0.973721,0.6098
75f77a82-0d57-4ea5-bfe7-cdfc6c5f795c,71,2.366667,12,0.301468,0.740725,0.2341
75f77a82-0d57-4ea5-bfe7-cdfc6c5f795c,71,2.366667,13,0.193566,0.717580,0.5041
75f77a82-0d57-4ea5-bfe7-cdfc6c5f795c,71,2.366667,14,0.054451,0.857470,0.2291
75f77a82-0d57-4ea5-bfe7-cdfc6c5f795c,71,2.366667,15,0.687251,0.889649,0.6489
75f77a82-0d57-4ea5-bfe7-cdfc6c5f795c,71,2.366667,16,0.607495,0.647523,0.1974
75f77a82-0d57-4ea5-bfe7-cdfc6c5f795c,71,2.366667,18,0.571055,0.618392,0.5235
75f77a82-0d57-4ea5-bfe7-cdfc6c5f795c,71,2.366667,19,0.133325,0.813414,0.5349
75f77a82-0d57-4ea5-bfe7-cdfc6c5f795c,72,2.400000,1,0.262907,0.998148,0.8520
75f77a82-0d57-4ea5-bfe7-cdfc6c5f795c,72,2.400000,2,0.964239,0.978250,0.8731
75f77a82-0d57-4ea5-bfe7-cdfc6c5f795c,72,2.400000,3,0.181592,0.724080,0.3608
75f77a82-0d57-4ea5-bfe7-cdfc6c5f795c,72,2.400000,4,0.458166,0.998148,0.8742
75f77a82-0d57-4ea5-bfe7-cdfc6c5f795c,72,2.400000,5,0.785342,0.698054,0.6651
75f77a82-0d57-4ea5-bfe7-cdfc6c5f795c,72,2.400000,6,0.643248,0.868407,0.6603
75f77a82-0d57-4ea5-bfe7-cdfc6c5f795c,72,2.400000,7,0.755203,0.775365,0.6230
75f77a82-0d57-4ea5-bfe7-cdfc6c5f795c,72,2.400000,10,0.728170,0.804604,0.7843
75f77a82-0d57-4ea5-bfe7-cdfc6c5f795c,72,2.400000,11,0.035678,0.975797,0.5739
75f77a82-0d57-4ea5-bfe7-cdfc6c5f795c,72,2.400000,12,0.301743,0.738174,0.2759
75f77a82-0d57-4ea5-bfe7-cdfc6c5f795c,72,2.400000,13,0.201222,0.718321,0.5551
75f77a82-0d57-4ea5-bfe7-cdfc6c5f795c,72,2.400000,14,0.050009,0.853348,0.2600
75f77a82-0d57-4ea5-bfe7-cdfc6c5f795c,72,2.400000,15,0.687003,0.915285,0.7185
75f77a82-0d57-4ea5-bfe7-cdfc6c5f795c,72,2.400000,16,0.604698,0.624155,0.1206
75f77a82-0d57-4ea5-bfe7-cdfc6c5f795c,72,2.400000,18,0.570092,0.618734,0.5920
75f77a82-0d57-4ea5-bfe7-cdfc6c5f795c,72,2.400000,19,0.134368,0.807900,0.5703
75f77a82-0d57-4ea5-bfe7-cdfc6c5f795c,72,2.400000,20,0.601437,0.848300,0.4976
75f77a82-0d57-4ea5-bfe7-cdfc6c5f795c,73,2.433333,1,0.263781,0.997150,0.8697
75f77a82-0d57-4ea5-bfe7-cdfc6c5f795c,73,2.433333,2,0.964812,0.982651,0.8671
75f77a82-0d57-4ea5-bfe7-cdfc6c5f795c,73,2.433333,3,0.181173,0.720813,0.2239
75f77a82-0d57-4ea5-bfe7-cdfc6c5f795c,73,2.433333,4,0.457007,0.998148,0.8785
75f77a82-0d57-4ea5-bfe7-cdfc6c5f795c,73,2.433333,5,0.785894,0.699488,0.6722
75f77a82-0d57-4ea5-bfe7-cdfc6c5f795c,73,2.433333,6,0.642838,0.868230,0.6800
75f77a82-0d57-4ea5-bfe7-cdfc6c5f795c,73,2.433333,7,0.755090,0.776022,0.6210
75f77a82-0d57-4ea5-bfe7-cdfc6c5f795c,73,2.433333,9,0.140393,0.778613,0.5590
75f77a82-0d57-4ea5-bfe7-cdfc6c5f795c,73,2.433333,10,0.728235,0.802692,0.7675
75f77a82-0d57-4ea5-bfe7-cdfc6c5f795c,73,2.433333,11,0.032874,0.974843,0.5437
75f77a82-0d57-4ea5-bfe7-cdfc6c5f795c,73,2.433333,12,0.302632,0.737157,0.3516
75f77a82-0d57-4ea5-bfe7-cdfc6c5f795c,73,2.433333,13,0.200772,0.722071,0.5716
75f77a82-0d57-4ea5-bfe7-cdfc6c5f795c,73,2.433333,14,0.053153,0.850727,0.2478
75f77a82-0d57-4ea5-bfe7-cdfc6c5f795c,73,2.433333,15,0.687210,0.904682,0.7215
75f77a82-0d57-4ea5-bfe7-cdfc6c5f795c,73,2.433333,16,0.604604,0.663570,0.3768
75f77a82-0d57-4ea5-bfe7-cdfc6c5f795c,73,2.433333,17,0.397874,0.668151,0.1347
75f77a82-0d57-4ea5-bfe7-cdfc6c5f795c,73,2.433333,18,0.569394,0.618423,0.5648
75f77a82-0d57-4ea5-bfe7-cdfc6c5f795c,73,2.433333,20,0.600189,0.849332,0.5793
75f77a82-0d57-4ea5-bfe7-cdfc6c5f795c,74,2.466667,1,0.265492,0.998148,0.8599
75f77a82-0d57-4ea5-bfe7-cdfc6c5f795c,74,2.466667,2,0.965100,0.980118,0.8634
75f77a82-0d57-4ea5-bfe7-cdfc6c5f795c,74,2.466667,3,0.182572,0.673159,0.2149
75f77a82-0d57-4ea5-bfe7-cdfc6c5f795c,74,2.466667,4,0.456779,0.998148,0.8794
75f77a82-0d57-4ea5-bfe7-cdfc6c5f795c,74,2.466667,5,0.786088,0.699205,0.6695
75f77a82-0d57-4ea5-bfe7-cdfc6c5f795c,74,2.466667,6,0.644044,0.903865,0.6724
75f77a82-0d57-4ea5-bfe7-cdfc6c5f795c,74,2.466667,7,0.754827,0.777074,0.6058
75f77a82-0d57-4ea5-bfe7-cdfc6c5f795c,74,2.466667,9,0.140834,0.779624,0.5735
75f77a82-0d57-4ea5-bfe7-cdfc6c5f795c,74,2.466667,10,0.728127,0.804612,0.7533
75f77a82-0d57-4ea5-bfe7-cdfc6c5f795c,74,2.466667,11,0.027831,0.998148,0.6151
75f77a82-0d57-4ea5-bfe7-cdfc6c5f795c,74,2.466667,12,0.303200,0.738026,0.3589
75f77a82-0d57-4ea5-bfe7-cdfc6c5f795c,74,2.466667,13,0.200930,0.719555,0.6201
75f77a82-0d57-4ea5-bfe7-cdfc6c5f795c,74,2.466667,14,0.054588,0.853278,0.5329
75f77a82-0d57-4ea5-bfe7-cdfc6c5f795c,74,2.466667,15,0.686693,0.921136,0.7491
75f77a82-0d57-4ea5-bfe7-cdfc6c5f795c,74,2.466667,16,0.603507,0.660990,0.3715
75f77a82-0d57-4ea5-bfe7-cdfc6c5f795c,74,2.466667,17,0.397654,0.668222,0.1753
75f77a82-0d57-4ea5-bfe7-cdfc6c5f795c,74,2.466667,18,0.569386,0.618363,0.5707
75f77a82-0d57-4ea5-bfe7-cdfc6c5f795c,74,2.466667,20,0.598409,0.849736,0.6349
75f77a82-0d57-4ea5-bfe7-cdfc6c5f795c,75,2.500000,1,0.266277,0.998148,0.8360
75f77a82-0d57-4ea5-bfe7-cdfc6c5f795c,75,2.500000,2,0.965284,0.974023,0.8569
75f77a82-0d57-4ea5-bfe7-cdfc6c5f795c,75,2.500000,4,0.456783,0.998148,0.8818
75f77a82-0d57-4ea5-bfe7-cdfc6c5f795c,75,2.500000,5,0.786073,0.700107,0.6600
75f77a82-0d57-4ea5-bfe7-cdfc6c5f795c,75,2.500000,6,0.643944,0.904869,0.6429
75f77a82-0d57-4ea5-bfe7-cdfc6c5f795c,75,2.500000,7,0.754557,0.777467,0.5597
75f77a82-0d57-4ea5-bfe7-cdfc6c5f795c,75,2.500000,9,0.141604,0.778828,0.5679
75f77a82-0d57-4ea5-bfe7-cdfc6c5f795c,75,2.500000,10,0.728298,0.808409,0.7489
75f77a82-0d57-4ea5-bfe7-cdfc6c5f795c,75,2.500000,11,0.034907,0.992129,0.6999
75f77a82-0d57-4ea5-bfe7-cdfc6c5f795c,75,2.500000,12,0.304473,0.737308,0.3015
75f77a82-0d57-4ea5-bfe7-cdfc6c5f795c,75,2.500000,13,0.201657,0.720258,0.6601
75f77a82-0d57-4ea5-bfe7-cdfc6c5f795c,75,2.500000,14,0.056818,0.851313,0.5062
75f77a82-0d57-4ea5-bfe7-cdfc6c5f795c,75,2.500000,15,0.686226,0.923183,0.7692
75f77a82-0d57-4ea5-bfe7-cdfc6c5f795c,75,2.500000,16,0.602299,0.663436,0.4450
75f77a82-0d57-4ea5-bfe7-cdfc6c5f795c,75,2.500000,17,0.397388,0.668264,0.1805
75f77a82-0d57-4ea5-bfe7-cdfc6c5f795c,75,2.500000,18,0.568902,0.618795,0.5827
75f77a82-0d57-4ea5-bfe7-cdfc6c5f795c,75,2.500000,20,0.598813,0.851474,0.5721
75f77a82-0d57-4ea5-bfe7-cdfc6c5f795c,76,2.533333,1,0.268575,0.998148,0.8262
75f77a82-0d57-4ea5-bfe7-cdfc6c5f795c,76,2.533333,2,0.965371,0.974691,0.8241
75f77a82-0d57-4ea5-bfe7-cdfc6c5f795c,76,2.533333,4,0.457668,0.998148,0.8844
75f77a82-0d57-4ea5-bfe7-cdfc6c5f795c,76,2.533333,5,0.785911,0.699667,0.6460
75f77a82-0d57-4ea5-bfe7-cdfc6c5f795c,76,2.533333,6,0.643769,0.919907,0.6977
75f77a82-0d57-4ea5-bfe7-cdfc6c5f795c,76,2.533333,7,0.752916,0.775652,0.5440
75f77a82-0d57-4ea5-bfe7-cdfc6c5f795c,76,2.533333,9,0.142276,0.787291,0.5783
75f77a82-0d57-4ea5-bfe7-cdfc6c5f795c,76,2.533333,10,0.726865,0.811268,0.7306
75f77a82-0d57-4ea5-bfe7-cdfc6c5f795c,76,2.533333,11,0.035571,0.998148,0.7570
75f77a82-0d57-4ea5-bfe7-cdfc6c5f795c,76,2.533333,12,0.305428,0.737085,0.2929
75f77a82-0d57-4ea5-bfe7-cdfc6c5f795c,76,2.533333,13,0.200153,0.717438,0.6774
75f77a82-0d57-4ea5-bfe7-cdfc6c5f795c,76,2.533333,14,0.058829,0.850959,0.4100
75f77a82-0d57-4ea5-bfe7-cdfc6c5f795c,76,2.533333,15,0.685773,0.925225,0.7777
75f77a82-0d57-4ea5-bfe7-cdfc6c5f795c,76,2.533333,16,0.601252,0.664665,0.4091
75f77a82-0d57-4ea5-bfe7-cdfc6c5f795c,76,2.533333,18,0.568223,0.618473,0.5734
75f77a82-0d57-4ea5-bfe7-cdfc6c5f795c,76,2.533333,20,0.597366,0.850890,0.6640
75f77a82-0d57-4ea5-bfe7-cdfc6c5f795c,77,2.566667,1,0.269635,0.998148,0.8063
75f77a82-0d57-4ea5-bfe7-cdfc6c5f795c,77,2.566667,2,0.966135,0.966819,0.7833
75f77a82-0d57-4ea5-bfe7-cdfc6c5f795c,77,2.566667,4,0.457829,0.998148,0.8890
75f77a82-0d57-4ea5-bfe7-cdfc6c5f795c,77,2.566667,5,0.786220,0.704730,0.6614
75f77a82-0d57-4ea5-bfe7-cdfc6c5f795c,77,2.566667,6,0.645791,0.924299,0.7507
75f77a82-0d57-4ea5-bfe7-cdfc6c5f795c,77,2.566667,7,0.754226,0.779290,0.5240
75f77a82-0d57-4ea5-bfe7-cdfc6c5f795c,77,2.566667,9,0.143090,0.787521,0.5753
75f77a82-0d57-4ea5-bfe7-cdfc6c5f795c,77,2.566667,10,0.727328,0.811782,0.7381
75f77a82-0d57-4ea5-bfe7-cdfc6c5f795c,77,2.566667,11,0.038655,0.998148,0.7611
75f77a82-0d57-4ea5-bfe7-cdfc6c5f795c,77,2.566667,12,0.305952,0.736875,0.2231
75f77a82-0d57-4ea5-bfe7-cdfc6c5f795c,77,2.566667,13,0.200055,0.714217,0.6841
75f77a82-0d57-4ea5-bfe7-cdfc6c5f795c,77,2.566667,14,0.069948,0.854171,0.1706
75f77a82-0d57-4ea5-bfe7-cdfc6c5f795c,77,2.566667,15,0.685366,0.924497,0.7638
75f77a82-0d57-4ea5-bfe7-cdfc6c5f795c,77,2.566667,16,0.601982,0.621559,0.2735
75f77a82-0d57-4ea5-bfe7-cdfc6c5f795c,77,2.566667,17,0.390271,0.675169,0.1247
75f77a82-0d57-4ea5-bfe7-cdfc6c5f795c,77,2.566667,18,0.568773,0.619311,0.5617
75f77a82-0d57-4ea5-bfe7-cdfc6c5f795c,77,2.566667,20,0.596258,0.852736,0.7646
75f77a82-0d57-4ea5-bfe7-cdfc6c5f795c,78,2.600000,1,0.270609,0.998148,0.8152
75f77a82-0d57-4ea5-bfe7-cdfc6c5f795c,78,2.600000,2,0.965216,0.991201,0.8037
75f77a82-0d57-4ea5-bfe7-cdfc6c5f795c,78,2.600000,4,0.458348,0.998148,0.8923
75f77a82-0d57-4ea5-bfe7-cdfc6c5f795c,78,2.600000,5,0.786246,0.701854,0.6678
75f77a82-0d57-4ea5-bfe7-cdfc6c5f795c,78,2.600000,6,0.645819,0.922430,0.7378
75f77a82-0d57-4ea5-bfe7-cdfc6c5f795c,78,2.600000,7,0.752147,0.776121,0.5335
75f77a82-0d57-4ea5-bfe7-cdfc6c5f795c,78,2.600000,9,0.148682,0.780721,0.5540
75f77a82-0d57-4ea5-bfe7-cdfc6c5f795c,78,2.600000,10,0.727681,0.811793,0.7589
75f77a82-0d57-4ea5-bfe7-cdfc6c5f795c,78,2.600000,11,0.041655,0.997471,0.7786
75f77a82-0d57-4ea5-bfe7-cdfc6c5f795c,78,2.600000,12,0.306143,0.732938,0.1782
75f77a82-0d57-4ea5-bfe7-cdfc6c5f795c,78,2.600000,13,0.201114,0.714956,0.7058
75f77a82-0d57-4ea5-bfe7-cdfc6c5f795c,78,2.600000,14,0.074335,0.890059,0.2485
75f77a82-0d57-4ea5-bfe7-cdfc6c5f795c,78,2.600000,15,0.684964,0.913633,0.7362
75f77a82-0d57-4ea5-bfe7-cdfc6c5f795c,78,2.600000,16,0.600741,0.648676,0.1903
75f77a82-0d57-4ea5-bfe7-cdfc6c5f795c,78,2.600000,17,0.389446,0.680046,0.1667
75f77a82-0d57-4ea5-bfe7-cdfc6c5f795c,78,2.600000,18,0.569327,0.619914,0.6035
75f77a82-0d57-4ea5-bfe7-cdfc6c5f795c,78,2.600000,20,0.594522,0.850201,0.7306
75f77a82-0d57-4ea5-bfe7-cdfc6c5f795c,79,2.633333,1,0.272615,0.998148,0.8451
75f77a82-0d57-4ea5-bfe7-cdfc6c5f795c,79,2.633333,2,0.965082,0.998148,0.8331
75f77a82-0d57-4ea5-bfe7-cdfc6c5f795c,79,2.633333,4,0.457399,0.998048,0.8946
75f77a82-0d57-4ea5-bfe7-cdfc6c5f795c,79,2.633333,5,0.786760,0.699549,0.6600
75f77a82-0d57-4ea5-bfe7-cdfc6c5f795c,79,2.633333,6,0.645447,0.928019,0.7496
75f77a82-0d57-4ea5-bfe7-cdfc6c5f795c,79,2.633333,7,0.752293,0.775208,0.5238
75f77a82-0d57-4ea5-bfe7-cdfc6c5f795c,79,2.633333,9,0.158704,0.747267,0.5623
75f77a82-0d57-4ea5-bfe7-cdfc6c5f795c,79,2.633333,10,0.728041,0.811883,0.7729
75f77a82-0d57-4ea5-bfe7-cdfc6c5f795c,79,2.633333,11,0.042319,0.997342,0.8198
75f77a82-0d57-4ea5-bfe7-cdfc6c5f795c,79,2.633333,13,0.202384,0.713749,0.6874
75f77a82-0d57-4ea5-bfe7-cdfc6c5f795c,79,2.633333,14,0.076292,0.898182,0.2209
75f77a82-0d57-4ea5-bfe7-cdfc6c5f795c,79,2.633333,15,0.685157,0.908239,0.7456
75f77a82-0d57-4ea5-bfe7-cdfc6c5f795c,79,2.633333,16,0.602272,0.639354,0.1720
75f77a82-0d57-4ea5-bfe7-cdfc6c5f795c,79,2.633333,17,0.388205,0.684158,0.2180
75f77a82-0d57-4ea5-bfe7-cdfc6c5f795c,79,2.633333,18,0.569489,0.620039,0.5809
75f77a82-0d57-4ea5-bfe7-cdfc6c5f795c,79,2.633333,19,0.142507,0.786076,0.2408
75f77a82-0d57-4ea5-bfe7-cdfc6c5f795c,79,2.633333,20,0.592661,0.883580,0.6778
75f77a82-0d57-4ea5-bfe7-cdfc6c5f795c,80,2.666667,1,0.275218,0.998148,0.8386
75f77a82-0d57-4ea5-bfe7-cdfc6c5f795c,80,2.666667,2,0.964703,0.998148,0.8306
75f77a82-0d57-4ea5-bfe7-cdfc6c5f795c,80,2.666667,4,0.456763,0.998148,0.8943
75f77a82-0d57-4ea5-bfe7-cdfc6c5f795c,80,2.666667,5,0.786911,0.696008,0.6558
75f77a82-0d57-4ea5-bfe7-cdfc6c5f795c,80,2.666667,6,0.644777,0.925439,0.7570
75f77a82-0d57-4ea5-bfe7-cdfc6c5f795c,80,2.666667,7,0.752064,0.774572,0.4611
75f77a82-0d57-4ea5-bfe7-cdfc6c5f795c,80,2.666667,9,0.158172,0.747577,0.5484
75f77a82-0d57-4ea5-bfe7-cdfc6c5f795c,80,2.666667,10,0.729648,0.812098,0.7843
75f77a82-0d57-4ea5-bfe7-cdfc6c5f795c,80,2.666667,11,0.044252,0.998148,0.8372
75f77a82-0d57-4ea5-bfe7-cdfc6c5f795c,80,2.666667,13,0.202849,0.712284,0.6955
75f77a82-0d57-4ea5-bfe7-cdfc6c5f795c,80,2.666667,14,0.076103,0.914464,0.2133
75f77a82-0d57-4ea5-bfe7-cdfc6c5f795c,80,2.666667,15,0.685879,0.910165,0.7610
75f77a82-0d57-4ea5-bfe7-cdfc6c5f795c,80,2.666667,16,0.599017,0.660438,0.2058
75f77a82-0d57-4ea5-bfe7-cdfc6c5f795c,80,2.666667,17,0.387622,0.683044,0.2322
75f77a82-0d57-4ea5-bfe7-cdfc6c5f795c,80,2.666667,18,0.569919,0.621467,0.5617
75f77a82-0d57-4ea5-bfe7-cdfc6c5f795c,80,2.666667,19,0.139238,0.778906,0.3179
75f77a82-0d57-4ea5-bfe7-cdfc6c5f795c,80,2.666667,20,0.592082,0.905693,0.7108
75f77a82-0d57-4ea5-bfe7-cdfc6c5f795c,81,2.700000,1,0.276852,0.998148,0.8391
75f77a82-0d57-4ea5-bfe7-cdfc6c5f795c,81,2.700000,2,0.965205,0.998148,0.8321
75f77a82-0d57-4ea5-bfe7-cdfc6c5f795c,81,2.700000,4,0.456906,0.997732,0.8891
75f77a82-0d57-4ea5-bfe7-cdfc6c5f795c,81,2.700000,5,0.787498,0.698011,0.6418
75f77a82-0d57-4ea5-bfe7-cdfc6c5f795c,81,2.700000,6,0.644868,0.926627,0.7697
75f77a82-0d57-4ea5-bfe7-cdfc6c5f795c,81,2.700000,7,0.752956,0.782219,0.4217
75f77a82-0d57-4ea5-bfe7-cdfc6c5f795c,81,2.700000,9,0.148350,0.781876,0.4833
75f77a82-0d57-4ea5-bfe7-cdfc6c5f795c,81,2.700000,10,0.732347,0.812623,0.7962
75f77a82-0d57-4ea5-bfe7-cdfc6c5f795c,81,2.700000,11,0.048044,0.995763,0.8570
75f77a82-0d57-4ea5-bfe7-cdfc6c5f795c,81,2.700000,13,0.202703,0.707528,0.6534
75f77a82-0d57-4ea5-bfe7-cdfc6c5f795c,81,2.700000,14,0.077931,0.910256,0.1482
75f77a82-0d57-4ea5-bfe7-cdfc6c5f795c,81,2.700000,15,0.686899,0.882562,0.7425
75f77a82-0d57-4ea5-bfe7-cdfc6c5f795c,81,2.700000,16,0.600055,0.624909,0.1709
75f77a82-0d57-4ea5-bfe7-cdfc6c5f795c,81,2.700000,17,0.388341,0.686162,0.1265
75f77a82-0d57-4ea5-bfe7-cdfc6c5f795c,81,2.700000,18,0.569638,0.622565,0.5807
75f77a82-0d57-4ea5-bfe7-cdfc6c5f795c,81,2.700000,19,0.183977,0.839872,0.2204
75f77a82-0d57-4ea5-bfe7-cdfc6c5f795c,81,2.700000,20,0.591572,0.923444,0.7009
75f77a82-0d57-4ea5-bfe7-cdfc6c5f795c,82,2.733333,1,0.280816,0.998148,0.8236
75f77a82-0d57-4ea5-bfe7-cdfc6c5f795c,82,2.733333,2,0.965580,0.998148,0.7952
75f77a82-0d57-4ea5-bfe7-cdfc6c5f795c,82,2.733333,3,0.203522,0.699923,0.6070
75f77a82-0d57-4ea5-bfe7-cdfc6c5f795c,82,2.733333,4,0.456295,0.997526,0.8887
75f77a82-0d57-4ea5-bfe7-cdfc6c5f795c,82,2.733333,5,0.787409,0.695074,0.6314
75f77a82-0d57-4ea5-bfe7-cdfc6c5f795c,82,2.733333,6,0.644956,0.927817,0.7752
75f77a82-0d57-4ea5-bfe7-cdfc6c5f795c,82,2.733333,7,0.751343,0.785497,0.3354
75f77a82-0d57-4ea5-bfe7-cdfc6c5f795c,82,2.733333,9,0.150629,0.778406,0.4599
75f77a82-0d57-4ea5-bfe7-cdfc6c5f795c,82,2.733333,10,0.732998,0.813304,0.8035
75f77a82-0d57-4ea5-bfe7-cdfc6c5f795c,82,2.733333,11,0.049500,0.996386,0.8777
75f77a82-0d57-4ea5-bfe7-cdfc6c5f795c,82,2.733333,13,0.241118,0.687884,0.4056
75f77a82-0d57-4ea5-bfe7-cdfc6c5f795c,82,2.733333,15,0.687384,0.845865,0.7323
75f77a82-0d57-4ea5-bfe7-cdfc6c5f795c,82,2.733333,16,0.605734,0.649183,0.1252
75f77a82-0d57-4ea5-bfe7-cdfc6c5f795c,82,2.733333,18,0.569607,0.622216,0.5733
75f77a82-0d57-4ea5-bfe7-cdfc6c5f795c,82,2.733333,19,0.190158,0.827194,0.3041
75f77a82-0d57-4ea5-bfe7-cdfc6c5f795c,82,2.733333,20,0.588341,0.924951,0.6583
75f77a82-0d57-4ea5-bfe7-cdfc6c5f795c,83,2.766667,1,0.283507,0.998148,0.8602
75f77a82-0d57-4ea5-bfe7-cdfc6c5f795c,83,2.766667,2,0.965259,0.998148,0.7769
75f77a82-0d57-4ea5-bfe7-cdfc6c5f795c,83,2.766667,3,0.203603,0.696088,0.6502
75f77a82-0d57-4ea5-bfe7-cdfc6c5f795c,83,2.766667,4,0.456053,0.997622,0.8910
75f77a82-0d57-4ea5-bfe7-cdfc6c5f795c,83,2.766667,5,0.787171,0.694834,0.6298
75f77a82-0d57-4ea5-bfe7-cdfc6c5f795c,83,2.766667,6,0.645780,0.925141,0.7756
75f77a82-0d57-4ea5-bfe7-cdfc6c5f795c,83,2.766667,7,0.752278,0.784786,0.2647
75f77a82-0d57-4ea5-bfe7-cdfc6c5f795c,83,2.766667,9,0.151362,0.779129,0.4399
75f77a82-0d57-4ea5-bfe7-cdfc6c5f795c,83,2.766667,10,0.732500,0.813644,0.8051
75f77a82-0d57-4ea5-bfe7-cdfc6c5f795c,83,2.766667,11,0.051719,0.995791,0.8790
75f77a82-0d57-4ea5-bfe7-cdfc6c5f795c,83,2.766667,13,0.241603,0.686565,0.4230
75f77a82-0d57-4ea5-bfe7-cdfc6c5f795c,83,2.766667,15,0.687436,0.842379,0.7376
75f77a82-0d57-4ea5-bfe7-cdfc6c5f795c,83,2.766667,16,0.605582,0.650652,0.1552
75f77a82-0d57-4ea5-bfe7-cdfc6c5f795c,83,2.766667,18,0.569466,0.623173,0.5907
75f77a82-0d57-4ea5-bfe7-cdfc6c5f795c,83,2.766667,19,0.194072,0.800201,0.1925
75f77a82-0d57-4ea5-bfe7-cdfc6c5f795c,83,2.766667,20,0.586974,0.936524,0.7269
75f77a82-0d57-4ea5-bfe7-cdfc6c5f795c,84,2.800000,1,0.284338,0.998148,0.8695
75f77a82-0d57-4ea5-bfe7-cdfc6c5f795c,84,2.800000,2,0.963537,0.998148,0.8146
75f77a82-0d57-4ea5-bfe7-cdfc6c5f795c,84,2.800000,3,0.204031,0.692750,0.6531
75f77a82-0d57-4ea5-bfe7-cdfc6c5f795c,84,2.800000,4,0.455805,0.998114,0.8922
75f77a82-0d57-4ea5-bfe7-cdfc6c5f795c,84,2.800000,5,0.787226,0.693192,0.6369
75f77a82-0d57-4ea5-bfe7-cdfc6c5f795c,84,2.800000,6,0.646531,0.916777,0.7748
75f77a82-0d57-4ea5-bfe7-cdfc6c5f795c,84,2.800000,7,0.752138,0.772600,0.2042
75f77a82-0d57-4ea5-bfe7-cdfc6c5f795c,84,2.800000,9,0.158816,0.757872,0.3778
75f77a82-0d57-4ea5-bfe7-cdfc6c5f795c,84,2.800000,10,0.732671,0.811806,0.8062
75f77a82-0d57-4ea5-bfe7-cdfc6c5f795c,84,2.800000,11,0.052201,0.998148,0.8807
75f77a82-0d57-4ea5-bfe7-cdfc6c5f795c,84,2.800000,13,0.242392,0.684073,0.4093
75f77a82-0d57-4ea5-bfe7-cdfc6c5f795c,84,2.800000,15,0.687465,0.849333,0.7447
75f77a82-0d57-4ea5-bfe7-cdfc6c5f795c,84,2.800000,16,0.607164,0.653461,0.1527
75f77a82-0d57-4ea5-bfe7-cdfc6c5f795c,84,2.800000,18,0.569391,0.622599,0.5960
75f77a82-0d57-4ea5-bfe7-cdfc6c5f795c,84,2.800000,20,0.586263,0.938267,0.7464
75f77a82-0d57-4ea5-bfe7-cdfc6c5f795c,85,2.833333,1,0.287526,0.998148,0.8840
75f77a82-0d57-4ea5-bfe7-cdfc6c5f795c,85,2.833333,2,0.961759,0.998148,0.8384
75f77a82-0d57-4ea5-bfe7-cdfc6c5f795c,85,2.833333,3,0.205220,0.693807,0.6221
75f77a82-0d57-4ea5-bfe7-cdfc6c5f795c,85,2.833333,4,0.455605,0.998148,0.8841
75f77a82-0d57-4ea5-bfe7-cdfc6c5f795c,85,2.833333,5,0.787152,0.692269,0.6403
75f77a82-0d57-4ea5-bfe7-cdfc6c5f795c,85,2.833333,6,0.647147,0.917581,0.7664
75f77a82-0d57-4ea5-bfe7-cdfc6c5f795c,85,2.833333,7,0.751339,0.772399,0.1547
75f77a82-0d57-4ea5-bfe7-cdfc6c5f795c,85,2.833333,9,0.157855,0.764490,0.3708
75f77a82-0d57-4ea5-bfe7-cdfc6c5f795c,85,2.833333,10,0.733431,0.809803,0.7980
75f77a82-0d57-4ea5-bfe7-cdfc6c5f795c,85,2.833333,11,0.053879,0.998148,0.8798
75f77a82-0d57-4ea5-bfe7-cdfc6c5f795c,85,2.833333,13,0.242122,0.682274,0.3972
75f77a82-0d57-4ea5-bfe7-cdfc6c5f795c,85,2.833333,15,0.687612,0.863133,0.7407
75f77a82-0d57-4ea5-bfe7-cdfc6c5f795c,85,2.833333,16,0.607229,0.639280,0.1796
75f77a82-0d57-4ea5-bfe7-cdfc6c5f795c,85,2.833333,18,0.569040,0.624210,0.5704
75f77a82-0d57-4ea5-bfe7-cdfc6c5f795c,85,2.833333,20,0.585821,0.942819,0.7458
75f77a82-0d57-4ea5-bfe7-cdfc6c5f795c,85,2.833333,21,0.201953,0.908676,0.4927
75f77a82-0d57-4ea5-bfe7-cdfc6c5f795c,86,2.866667,1,0.289978,0.998148,0.8868
75f77a82-0d57-4ea5-bfe7-cdfc6c5f795c,86,2.866667,2,0.960802,0.998148,0.8434
75f77a82-0d57-4ea5-bfe7-cdfc6c5f795c,86,2.866667,3,0.206319,0.691908,0.6326
75f77a82-0d57-4ea5-bfe7-cdfc6c5f795c,86,2.866667,4,0.454951,0.998148,0.8820
75f77a82-0d57-4ea5-bfe7-cdfc6c5f795c,86,2.866667,5,0.787396,0.691446,0.6412
75f77a82-0d57-4ea5-bfe7-cdfc6c5f795c,86,2.866667,6,0.647452,0.905933,0.7555
75f77a82-0d57-4ea5-bfe7-cdfc6c5f795c,86,2.866667,7,0.751709,0.772915,0.1479
75f77a82-0d57-4ea5-bfe7-cdfc6c5f795c,86,2.866667,9,0.159489,0.762313,0.4027
75f77a82-0d57-4ea5-bfe7-cdfc6c5f795c,86,2.866667,10,0.733629,0.810700,0.8092
75f77a82-0d57-4ea5-bfe7-cdfc6c5f795c,86,2.866667,11,0.054860,0.998148,0.8765
75f77a82-0d57-4ea5-bfe7-cdfc6c5f795c,86,2.866667,13,0.241754,0.685601,0.4150
75f77a82-0d57-4ea5-bfe7-cdfc6c5f795c,86,2.866667,15,0.687811,0.860258,0.7474
75f77a82-0d57-4ea5-bfe7-cdfc6c5f795c,86,2.866667,16,0.606712,0.650752,0.1982
75f77a82-0d57-4ea5-bfe7-cdfc6c5f795c,86,2.866667,17,0.391664,0.692006,0.1515
75f77a82-0d57-4ea5-bfe7-cdfc6c5f795c,86,2.866667,18,0.567895,0.623848,0.5393
75f77a82-0d57-4ea5-bfe7-cdfc6c5f795c,86,2.866667,20,0.585539,0.940451,0.7278
75f77a82-0d57-4ea5-bfe7-cdfc6c5f795c,86,2.866667,21,0.202540,0.904141,0.4603
75f77a82-0d57-4ea5-bfe7-cdfc6c5f795c,87,2.900000,1,0.293840,0.998148,0.8807
75f77a82-0d57-4ea5-bfe7-cdfc6c5f795c,87,2.900000,2,0.959519,0.998148,0.8470
75f77a82-0d57-4ea5-bfe7-cdfc6c5f795c,87,2.900000,3,0.205468,0.690147,0.6161
75f77a82-0d57-4ea5-bfe7-cdfc6c5f795c,87,2.900000,4,0.452832,0.998148,0.8722
75f77a82-0d57-4ea5-bfe7-cdfc6c5f795c,87,2.900000,5,0.787514,0.691078,0.6492
75f77a82-0d57-4ea5-bfe7-cdfc6c5f795c,87,2.900000,6,0.646390,0.866174,0.7735
75f77a82-0d57-4ea5-bfe7-cdfc6c5f795c,87,2.900000,9,0.160745,0.767646,0.3464
75f77a82-0d57-4ea5-bfe7-cdfc6c5f795c,87,2.900000,10,0.734166,0.811537,0.8373
75f77a82-0d57-4ea5-bfe7-cdfc6c5f795c,87,2.900000,11,0.055386,0.991245,0.8769
75f77a82-0d57-4ea5-bfe7-cdfc6c5f795c,87,2.900000,13,0.241570,0.686773,0.4187
75f77a82-0d57-4ea5-bfe7-cdfc6c5f795c,87,2.900000,15,0.687312,0.857546,0.7697
75f77a82-0d57-4ea5-bfe7-cdfc6c5f795c,87,2.900000,16,0.607801,0.650517,0.1791
75f77a82-0d57-4ea5-bfe7-cdfc6c5f795c,87,2.900000,17,0.387144,0.696838,0.2401
75f77a82-0d57-4ea5-bfe7-cdfc6c5f795c,87,2.900000,18,0.566768,0.623481,0.5472
75f77a82-0d57-4ea5-bfe7-cdfc6c5f795c,87,2.900000,19,0.174435,0.688360,0.1202
75f77a82-0d57-4ea5-bfe7-cdfc6c5f795c,87,2.900000,20,0.585344,0.940192,0.7684
75f77a82-0d57-4ea5-bfe7-cdfc6c5f795c,87,2.900000,21,0.204128,0.907951,0.5498
75f77a82-0d57-4ea5-bfe7-cdfc6c5f795c,88,2.933333,1,0.297316,0.998148,0.8809
75f77a82-0d57-4ea5-bfe7-cdfc6c5f795c,88,2.933333,2,0.958496,0.998148,0.8597
75f77a82-0d57-4ea5-bfe7-cdfc6c5f795c,88,2.933333,3,0.204022,0.689924,0.6159
75f77a82-0d57-4ea5-bfe7-cdfc6c5f795c,88,2.933333,4,0.450291,0.993049,0.8724
75f77a82-0d57-4ea5-bfe7-cdfc6c5f795c,88,2.933333,5,0.787986,0.691257,0.6434
75f77a82-0d57-4ea5-bfe7-cdfc6c5f795c,88,2.933333,6,0.645267,0.844373,0.7764
75f77a82-0d57-4ea5-bfe7-cdfc6c5f795c,88,2.933333,9,0.165231,0.764212,0.3525
75f77a82-0d57-4ea5-bfe7-cdfc6c5f795c,88,2.933333,10,0.734275,0.810468,0.8424
75f77a82-0d57-4ea5-bfe7-cdfc6c5f795c,88,2.933333,11,0.056668,0.993757,0.8821
75f77a82-0d57-4ea5-bfe7-cdfc6c5f795c,88,2.933333,13,0.241931,0.686607,0.4227
75f77a82-0d57-4ea5-bfe7-cdfc6c5f795c,88,2.933333,15,0.687554,0.836328,0.7980
75f77a82-0d57-4ea5-bfe7-cdfc6c5f795c,88,2.933333,16,0.608028,0.657764,0.2887
75f77a82-0d57-4ea5-bfe7-cdfc6c5f795c,88,2.933333,17,0.385578,0.703463,0.3545
75f77a82-0d57-4ea5-bfe7-cdfc6c5f795c,88,2.933333,18,0.566245,0.621385,0.5246
75f77a82-0d57-4ea5-bfe7-cdfc6c5f795c,88,2.933333,20,0.582482,0.942647,0.7955
75f77a82-0d57-4ea5-bfe7-cdfc6c5f795c,88,2.933333,21,0.206545,0.906565,0.5479
75f77a82-0d57-4ea5-bfe7-cdfc6c5f795c,89,2.966667,1,0.298986,0.998148,0.8549
75f77a82-0d57-4ea5-bfe7-cdfc6c5f795c,89,2.966667,2,0.958150,0.998148,0.8637
75f77a82-0d57-4ea5-bfe7-cdfc6c5f795c,89,2.966667,3,0.200552,0.689152,0.6021
75f77a82-0d57-4ea5-bfe7-cdfc6c5f795c,89,2.966667,4,0.450203,0.988696,0.8650
75f77a82-0d57-4ea5-bfe7-cdfc6c5f795c,89,2.966667,5,0.787285,0.691515,0.6341
75f77a82-0d57-4ea5-bfe7-cdfc6c5f795c,89,2.966667,6,0.644495,0.844184,0.7465
75f77a82-0d57-4ea5-bfe7-cdfc6c5f795c,89,2.966667,10,0.734656,0.811177,0.8491
75f77a82-0d57-4ea5-bfe7-cdfc6c5f795c,89,2.966667,11,0.056970,0.996196,0.8862
75f77a82-0d57-4ea5-bfe7-cdfc6c5f795c,89,2.966667,13,0.241707,0.685866,0.4278
75f77a82-0d57-4ea5-bfe7-cdfc6c5f795c,89,2.966667,15,0.687397,0.836106,0.7892
75f77a82-0d57-4ea5-bfe7-cdfc6c5f795c,89,2.966667,16,0.607859,0.658441,0.2993
75f77a82-0d57-4ea5-bfe7-cdfc6c5f795c,89,2.966667,17,0.385825,0.706225,0.2581
75f77a82-0d57-4ea5-bfe7-cdfc6c5f795c,89,2.966667,18,0.566209,0.621333,0.4874
75f77a82-0d57-4ea5-bfe7-cdfc6c5f795c,89,2.966667,19,0.173823,0.715982,0.4047
75f77a82-0d57-4ea5-bfe7-cdfc6c5f795c,89,2.966667,20,0.579566,0.943432,0.8209
75f77a82-0d57-4ea5-bfe7-cdfc6c5f795c,89,2.966667,21,0.209892,0.905445,0.5392
75f77a82-0d57-4ea5-bfe7-cdfc6c5f795c,90,3.000000,1,0.300835,0.998148,0.8861
75f77a82-0d57-4ea5-bfe7-cdfc6c5f795c,90,3.000000,2,0.958259,0.998148,0.8462
75f77a82-0d57-4ea5-bfe7-cdfc6c5f795c,90,3.000000,3,0.204830,0.687074,0.5823
75f77a82-0d57-4ea5-bfe7-cdfc6c5f795c,90,3.000000,4,0.450593,0.989568,0.8593
75f77a82-0d57-4ea5-bfe7-cdfc6c5f795c,90,3.000000,5,0.786518,0.691776,0.6305
75f77a82-0d57-4ea5-bfe7-cdfc6c5f795c,90,3.000000,6,0.644375,0.837267,0.7215
75f77a82-0d57-4ea5-bfe7-cdfc6c5f795c,90,3.000000,9,0.168049,0.766828,0.3939
75f77a82-0d57-4ea5-bfe7-cdfc6c5f795c,90,3.000000,10,0.734190,0.810488,0.8436
75f77a82-0d57-4ea5-bfe7-cdfc6c5f795c,90,3.000000,11,0.058012,0.994057,0.8893
75f77a82-0d57-4ea5-bfe7-cdfc6c5f795c,90,3.000000,13,0.242125,0.685386,0.4919
75f77a82-0d57-4ea5-bfe7-cdfc6c5f795c,90,3.000000,15,0.688054,0.838653,0.7643
75f77a82-0d57-4ea5-bfe7-cdfc6c5f795c,90,3.000000,16,0.607830,0.658766,0.3265
75f77a82-0d57-4ea5-bfe7-cdfc6c5f795c,90,3.000000,17,0.385716,0.707044,0.2230
75f77a82-0d57-4ea5-bfe7-cdfc6c5f795c,90,3.000000,18,0.565921,0.619871,0.4035
75f77a82-0d57-4ea5-bfe7-cdfc6c5f795c,90,3.000000,19,0.170991,0.694424,0.2129
75f77a82-0d57-4ea5-bfe7-cdfc6c5f795c,90,3.000000,20,0.578380,0.944342,0.8139
75f77a82-0d57-4ea5-bfe7-cdfc6c5f795c,90,3.000000,21,0.209718,0.916012,0.3949
75f77a82-0d57-4ea5-bfe7-cdfc6c5f795c,91,3.033333,1,0.305078,0.998148,0.8946
75f77a82-0d57-4ea5-bfe7-cdfc6c5f795c,91,3.033333,2,0.958982,0.998148,0.8341
75f77a82-0d57-4ea5-bfe7-cdfc6c5f795c,91,3.033333,3,0.204755,0.687652,0.5829
75f77a82-0d57-4ea5-bfe7-cdfc6c5f795c,91,3.033333,4,0.449834,0.991854,0.8620
75f77a82-0d57-4ea5-bfe7-cdfc6c5f795c,91,3.033333,5,0.786040,0.692229,0.5978
75f77a82-0d57-4ea5-bfe7-cdfc6c5f795c,91,3.033333,6,0.646331,0.839731,0.7132
75f77a82-0d57-4ea5-bfe7-cdfc6c5f795c,91,3.033333,9,0.168526,0.761865,0.4235
75f77a82-0d57-4ea5-bfe7-cdfc6c5f795c,91,3.033333,10,0.734015,0.807559,0.8285
75f77a82-0d57-4ea5-bfe7-cdfc6c5f795c,91,3.033333,11,0.058841,0.991392,0.8973
75f77a82-0d57-4ea5-bfe7-cdfc6c5f795c,91,3.033333,13,0.242371,0.684024,0.4000
75f77a82-0d57-4ea5-bfe7-cdfc6c5f795c,91,3.033333,15,0.688998,0.837647,0.7401
75f77a82-0d57-4ea5-bfe7-cdfc6c5f795c,91,3.033333,16,0.607402,0.657175,0.2381
75f77a82-0d57-4ea5-bfe7-cdfc6c5f795c,91,3.033333,17,0.385334,0.707206,0.1940
75f77a82-0d57-4ea5-bfe7-cdfc6c5f795c,91,3.033333,18,0.566184,0.619680,0.3425
75f77a82-0d57-4ea5-bfe7-cdfc6c5f795c,91,3.033333,20,0.576591,0.945396,0.8296
75f77a82-0d57-4ea5-bfe7-cdfc6c5f795c,91,3.033333,21,0.211841,0.905634,0.5782
75f77a82-0d57-4ea5-bfe7-cdfc6c5f795c,92,3.066667,1,0.303886,0.998148,0.8883
75f77a82-0d57-4ea5-bfe7-cdfc6c5f795c,92,3.066667,2,0.959637,0.998148,0.8554
75f77a82-0d57-4ea5-bfe7-cdfc6c5f795c,92,3.066667,3,0.203476,0.688369,0.5951
75f77a82-0d57-4ea5-bfe7-cdfc6c5f795c,92,3.066667,4,0.448163,0.993440,0.8581
75f77a82-0d57-4ea5-bfe7-cdfc6c5f795c,92,3.066667,5,0.786276,0.692450,0.5970
75f77a82-0d57-4ea5-bfe7-cdfc6c5f795c,92,3.066667,6,0.646990,0.841889,0.7179
75f77a82-0d57-4ea5-bfe7-cdfc6c5f795c,92,3.066667,9,0.155282,0.767388,0.1266
75f77a82-0d57-4ea5-bfe7-cdfc6c5f795c,92,3.066667,10,0.734332,0.807327,0.8292
75f77a82-0d57-4ea5-bfe7-cdfc6c5f795c,92,3.066667,11,0.059607,0.991120,0.9051
75f77a82-0d57-4ea5-bfe7-cdfc6c5f795c,92,3.066667,13,0.242175,0.684392,0.4416
75f77a82-0d57-4ea5-bfe7-cdfc6c5f795c,92,3.066667,15,0.688675,0.838221,0.7472
75f77a82-0d57-4ea5-bfe7-cdfc6c5f795c,92,3.066667,16,0.607869,0.644761,0.1668
75f77a82-0d57-4ea5-bfe7-cdfc6c5f795c,92,3.066667,17,0.384484,0.700935,0.1257
75f77a82-0d57-4ea5-bfe7-cdfc6c5f795c,92,3.066667,18,0.566459,0.620520,0.2911
75f77a82-0d57-4ea5-bfe7-cdfc6c5f795c,92,3.066667,19,0.172830,0.703660,0.4570
75f77a82-0d57-4ea5-bfe7-cdfc6c5f795c,92,3.066667,20,0.575213,0.947556,0.8291
75f77a82-0d57-4ea5-bfe7-cdfc6c5f795c,92,3.066667,21,0.213383,0.910876,0.5659
75f77a82-0d57-4ea5-bfe7-cdfc6c5f795c,93,3.100000,1,0.304529,0.998148,0.8882
75f77a82-0d57-4ea5-bfe7-cdfc6c5f795c,93,3.100000,2,0.960511,0.998148,0.8423
75f77a82-0d57-4ea5-bfe7-cdfc6c5f795c,93,3.100000,3,0.200504,0.688353,0.6026
75f77a82-0d57-4ea5-bfe7-cdfc6c5f795c,93,3.100000,4,0.447660,0.980286,0.8413
75f77a82-0d57-4ea5-bfe7-cdfc6c5f795c,93,3.100000,5,0.786362,0.692749,0.5721
75f77a82-0d57-4ea5-bfe7-cdfc6c5f795c,93,3.100000,6,0.647820,0.837441,0.6833
75f77a82-0d57-4ea5-bfe7-cdfc6c5f795c,93,3.100000,9,0.164961,0.766666,0.2941
75f77a82-0d57-4ea5-bfe7-cdfc6c5f795c,93,3.100000,10,0.734641,0.805783,0.8212
75f77a82-0d57-4ea5-bfe7-cdfc6c5f795c,93,3.100000,11,0.060753,0.989813,0.9097
75f77a82-0d57-4ea5-bfe7-cdfc6c5f795c,93,3.100000,13,0.242981,0.686927,0.4747
75f77a82-0d57-4ea5-bfe7-cdfc6c5f795c,93,3.100000,15,0.689527,0.838201,0.7385
75f77a82-0d57-4ea5-bfe7-cdfc6c5f795c,93,3.100000,16,0.607975,0.650159,0.1587
75f77a82-0d57-4ea5-bfe7-cdfc6c5f795c,93,3.100000,17,0.384604,0.699575,0.1370
75f77a82-0d57-4ea5-bfe7-cdfc6c5f795c,93,3.100000,18,0.566495,0.620394,0.2388
75f77a82-0d57-4ea5-bfe7-cdfc6c5f795c,93,3.100000,20,0.572986,0.948991,0.8068
75f77a82-0d57-4ea5-bfe7-cdfc6c5f795c,93,3.100000,21,0.214045,0.916166,0.5764
75f77a82-0d57-4ea5-bfe7-cdfc6c5f795c,94,3.133333,1,0.302491,0.998148,0.8878
75f77a82-0d57-4ea5-bfe7-cdfc6c5f795c,94,3.133333,2,0.961486,0.998148,0.7826
75f77a82-0d57-4ea5-bfe7-cdfc6c5f795c,94,3.133333,3,0.200120,0.690326,0.6117
75f77a82-0d57-4ea5-bfe7-cdfc6c5f795c,94,3.133333,4,0.448163,0.959760,0.8414
75f77a82-0d57-4ea5-bfe7-cdfc6c5f795c,94,3.133333,5,0.786100,0.692564,0.5558
75f77a82-0d57-4ea5-bfe7-cdfc6c5f795c,94,3.133333,6,0.647133,0.834343,0.6850
75f77a82-0d57-4ea5-bfe7-cdfc6c5f795c,94,3.133333,7,0.747955,0.772917,0.1353
75f77a82-0d57-4ea5-bfe7-cdfc6c5f795c,94,3.133333,9,0.159393,0.766882,0.2426
75f77a82-0d57-4ea5-bfe7-cdfc6c5f795c,94,3.133333,10,0.733479,0.805531,0.8087
75f77a82-0d57-4ea5-bfe7-cdfc6c5f795c,94,3.133333,11,0.143007,0.907809,0.5809
75f77a82-0d57-4ea5-bfe7-cdfc6c5f795c,94,3.133333,13,0.243435,0.687472,0.4180
75f77a82-0d57-4ea5-bfe7-cdfc6c5f795c,94,3.133333,14,0.061958,0.989322,0.9103
75f77a82-0d57-4ea5-bfe7-cdfc6c5f795c,94,3.133333,15,0.690298,0.839125,0.7440
75f77a82-0d57-4ea5-bfe7-cdfc6c5f795c,94,3.133333,16,0.606561,0.670532,0.1359
75f77a82-0d57-4ea5-bfe7-cdfc6c5f795c,94,3.133333,17,0.384496,0.699936,0.1706
75f77a82-0d57-4ea5-bfe7-cdfc6c5f795c,94,3.133333,18,0.565938,0.620380,0.2390
75f77a82-0d57-4ea5-bfe7-cdfc6c5f795c,94,3.133333,20,0.572338,0.951347,0.7961
75f77a82-0d57-4ea5-bfe7-cdfc6c5f795c,94,3.133333,21,0.214392,0.911560,0.5414
75f77a82-0d57-4ea5-bfe7-cdfc6c5f795c,95,3.166667,1,0.300532,0.998148,0.8834
75f77a82-0d57-4ea5-bfe7-cdfc6c5f795c,95,3.166667,2,0.961951,0.998148,0.8031
75f77a82-0d57-4ea5-bfe7-cdfc6c5f795c,95,3.166667,3,0.199915,0.697617,0.6014
75f77a82-0d57-4ea5-bfe7-cdfc6c5f795c,95,3.166667,4,0.447854,0.951402,0.8353
75f77a82-0d57-4ea5-bfe7-cdfc6c5f795c,95,3.166667,5,0.786189,0.692486,0.5432
75f77a82-0d57-4ea5-bfe7-cdfc6c5f795c,95,3.166667,6,0.649397,0.837407,0.6879
75f77a82-0d57-4ea5-bfe7-cdfc6c5f795c,95,3.166667,7,0.752730,0.772925,0.1387
75f77a82-0d57-4ea5-bfe7-cdfc6c5f795c,95,3.166667,9,0.159847,0.774196,0.2935
75f77a82-0d57-4ea5-bfe7-cdfc6c5f795c,95,3.166667,10,0.732413,0.805980,0.8018
75f77a82-0d57-4ea5-bfe7-cdfc6c5f795c,95,3.166667,11,0.144031,0.906661,0.6383
75f77a82-0d57-4ea5-bfe7-cdfc6c5f795c,95,3.166667,13,0.246374,0.684112,0.3131
75f77a82-0d57-4ea5-bfe7-cdfc6c5f795c,95,3.166667,14,0.063345,0.988373,0.9105
75f77a82-0d57-4ea5-bfe7-cdfc6c5f795c,95,3.166667,15,0.691135,0.840826,0.7597
75f77a82-0d57-4ea5-bfe7-cdfc6c5f795c,95,3.166667,17,0.384595,0.701824,0.1670
75f77a82-0d57-4ea5-bfe7-cdfc6c5f795c,95,3.166667,18,0.565624,0.623484,0.2630
75f77a82-0d57-4ea5-bfe7-cdfc6c5f795c,95,3.166667,20,0.572658,0.953771,0.8230
75f77a82-0d57-4ea5-bfe7-cdfc6c5f795c,95,3.166667,21,0.215665,0.911263,0.6009
75f77a82-0d57-4ea5-bfe7-cdfc6c5f795c,96,3.200000,1,0.300136,0.998148,0.8762
75f77a82-0d57-4ea5-bfe7-cdfc6c5f795c,96,3.200000,2,0.963307,0.998148,0.7709
75f77a82-0d57-4ea5-bfe7-cdfc6c5f795c,96,3.200000,3,0.200556,0.699000,0.6153
75f77a82-0d57-4ea5-bfe7-cdfc6c5f795c,96,3.200000,4,0.448076,0.948093,0.8322
75f77a82-0d57-4ea5-bfe7-cdfc6c5f795c,96,3.200000,5,0.786434,0.692076,0.5069
75f77a82-0d57-4ea5-bfe7-cdfc6c5f795c,96,3.200000,6,0.649476,0.839089,0.6202
75f77a82-0d57-4ea5-bfe7-cdfc6c5f795c,96,3.200000,7,0.758619,0.771821,0.1614
75f77a82-0d57-4ea5-bfe7-cdfc6c5f795c,96,3.200000,9,0.159520,0.771612,0.3692
75f77a82-0d57-4ea5-bfe7-cdfc6c5f795c,96,3.200000,10,0.731361,0.806306,0.7830
75f77a82-0d57-4ea5-bfe7-cdfc6c5f795c,96,3.200000,11,0.146649,0.907125,0.6359
75f77a82-0d57-4ea5-bfe7-cdfc6c5f795c,96,3.200000,13,0.249427,0.679966,0.2351
75f77a82-0d57-4ea5-bfe7-cdfc6c5f795c,96,3.200000,14,0.065190,0.988961,0.9140
75f77a82-0d57-4ea5-bfe7-cdfc6c5f795c,96,3.200000,15,0.691188,0.851224,0.7526
75f77a82-0d57-4ea5-bfe7-cdfc6c5f795c,96,3.200000,17,0.384150,0.700463,0.1541
75f77a82-0d57-4ea5-bfe7-cdfc6c5f795c,96,3.200000,18,0.565035,0.624333,0.2261
75f77a82-0d57-4ea5-bfe7-cdfc6c5f795c,96,3.200000,20,0.571475,0.955668,0.8286
75f77a82-0d57-4ea5-bfe7-cdfc6c5f795c,96,3.200000,21,0.217649,0.911989,0.5660
75f77a82-0d57-4ea5-bfe7-cdfc6c5f795c,97,3.233333,1,0.300221,0.998148,0.8923
75f77a82-0d57-4ea5-bfe7-cdfc6c5f795c,97,3.233333,2,0.964695,0.995941,0.7467
75f77a82-0d57-4ea5-bfe7-cdfc6c5f795c,97,3.233333,3,0.198687,0.699390,0.6424
75f77a82-0d57-4ea5-bfe7-cdfc6c5f795c,97,3.233333,4,0.449229,0.955173,0.8293
75f77a82-0d57-4ea5-bfe7-cdfc6c5f795c,97,3.233333,5,0.786328,0.691919,0.4793
75f77a82-0d57-4ea5-bfe7-cdfc6c5f795c,97,3.233333,6,0.652434,0.846846,0.5797
75f77a82-0d57-4ea5-bfe7-cdfc6c5f795c,97,3.233333,7,0.762134,0.772007,0.2069
75f77a82-0d57-4ea5-bfe7-cdfc6c5f795c,97,3.233333,9,0.158922,0.766884,0.3563
75f77a82-0d57-4ea5-bfe7-cdfc6c5f795c,97,3.233333,10,0.731222,0.809189,0.7800
75f77a82-0d57-4ea5-bfe7-cdfc6c5f795c,97,3.233333,11,0.148826,0.908367,0.6748
75f77a82-0d57-4ea5-bfe7-cdfc6c5f795c,97,3.233333,13,0.246955,0.685133,0.3570
75f77a82-0d57-4ea5-bfe7-cdfc6c5f795c,97,3.233333,14,0.066401,0.991471,0.9135
75f77a82-0d57-4ea5-bfe7-cdfc6c5f795c,97,3.233333,15,0.692921,0.864482,0.7390
75f77a82-0d57-4ea5-bfe7-cdfc6c5f795c,97,3.233333,17,0.384395,0.702554,0.1663
75f77a82-0d57-4ea5-bfe7-cdfc6c5f795c,97,3.233333,18,0.564137,0.622392,0.2068
75f77a82-0d57-4ea5-bfe7-cdfc6c5f795c,97,3.233333,20,0.570537,0.956293,0.8401
75f77a82-0d57-4ea5-bfe7-cdfc6c5f795c,97,3.233333,21,0.219019,0.923675,0.6215
75f77a82-0d57-4ea5-bfe7-cdfc6c5f795c,98,3.266667,1,0.300942,0.998148,0.8904
75f77a82-0d57-4ea5-bfe7-cdfc6c5f795c,98,3.266667,2,0.964202,0.998148,0.7241
75f77a82-0d57-4ea5-bfe7-cdfc6c5f795c,98,3.266667,3,0.197441,0.697543,0.6552
75f77a82-0d57-4ea5-bfe7-cdfc6c5f795c,98,3.266667,4,0.449524,0.955551,0.8335
75f77a82-0d57-4ea5-bfe7-cdfc6c5f795c,98,3.266667,5,0.786484,0.692047,0.4486
75f77a82-0d57-4ea5-bfe7-cdfc6c5f795c,98,3.266667,6,0.655360,0.846027,0.6013
75f77a82-0d57-4ea5-bfe7-cdfc6c5f795c,98,3.266667,7,0.762328,0.772109,0.2522
75f77a82-0d57-4ea5-bfe7-cdfc6c5f795c,98,3.266667,9,0.159332,0.760977,0.3166
75f77a82-0d57-4ea5-bfe7-cdfc6c5f795c,98,3.266667,10,0.731596,0.805779,0.7583
75f77a82-0d57-4ea5-bfe7-cdfc6c5f795c,98,3.266667,11,0.149745,0.908165,0.6691
75f77a82-0d57-4ea5-bfe7-cdfc6c5f795c,98,3.266667,13,0.247858,0.683945,0.3289
75f77a82-0d57-4ea5-bfe7-cdfc6c5f795c,98,3.266667,14,0.066993,0.993660,0.9135
75f77a82-0d57-4ea5-bfe7-cdfc6c5f795c,98,3.266667,15,0.694941,0.848128,0.7088
75f77a82-0d57-4ea5-bfe7-cdfc6c5f795c,98,3.266667,16,0.605474,0.693157,0.1604
75f77a82-0d57-4ea5-bfe7-cdfc6c5f795c,98,3.266667,17,0.384054,0.702197,0.1651
75f77a82-0d57-4ea5-bfe7-cdfc6c5f795c,98,3.266667,18,0.563556,0.619907,0.2021
75f77a82-0d57-4ea5-bfe7-cdfc6c5f795c,98,3.266667,20,0.569323,0.954557,0.8488
75f77a82-0d57-4ea5-bfe7-cdfc6c5f795c,98,3.266667,21,0.219142,0.934122,0.6083
75f77a82-0d57-4ea5-bfe7-cdfc6c5f795c,99,3.300000,1,0.301051,0.997970,0.8878
75f77a82-0d57-4ea5-bfe7-cdfc6c5f795c,99,3.300000,2,0.963595,0.995666,0.7306
75f77a82-0d57-4ea5-bfe7-cdfc6c5f795c,99,3.300000,3,0.195409,0.698663,0.6497
75f77a82-0d57-4ea5-bfe7-cdfc6c5f795c,99,3.300000,4,0.450687,0.963776,0.8385
75f77a82-0d57-4ea5-bfe7-cdfc6c5f795c,99,3.300000,5,0.787260,0.693110,0.4505
75f77a82-0d57-4ea5-bfe7-cdfc6c5f795c,99,3.300000,6,0.654247,0.849712,0.5824
75f77a82-0d57-4ea5-bfe7-cdfc6c5f795c,99,3.300000,7,0.758579,0.771634,0.2766
75f77a82-0d57-4ea5-bfe7-cdfc6c5f795c,99,3.300000,9,0.158127,0.738902,0.2791
75f77a82-0d57-4ea5-bfe7-cdfc6c5f795c,99,3.300000,10,0.731759,0.804502,0.7710
75f77a82-0d57-4ea5-bfe7-cdfc6c5f795c,99,3.300000,11,0.152798,0.906604,0.6122
75f77a82-0d57-4ea5-bfe7-cdfc6c5f795c,99,3.300000,13,0.248185,0.683157,0.2695
75f77a82-0d57-4ea5-bfe7-cdfc6c5f795c,99,3.300000,14,0.068004,0.996314,0.9132
75f77a82-0d57-4ea5-bfe7-cdfc6c5f795c,99,3.300000,15,0.696003,0.852328,0.7067
75f77a82-0d57-4ea5-bfe7-cdfc6c5f795c,99,3.300000,16,0.606646,0.693711,0.1289
75f77a82-0d57-4ea5-bfe7-cdfc6c5f795c,99,3.300000,17,0.384073,0.702927,0.2554
75f77a82-0d57-4ea5-bfe7-cdfc6c5f795c,99,3.300000,18,0.563571,0.618300,0.2468
75f77a82-0d57-4ea5-bfe7-cdfc6c5f795c,99,3.300000,20,0.568755,0.955334,0.8606
75f77a82-0d57-4ea5-bfe7-cdfc6c5f795c,99,3.300000,21,0.219112,0.937130,0.6150
75f77a82-0d57-4ea5-bfe7-cdfc6c5f795c,100,3.333333,1,0.300956,0.998148,0.8729
75f77a82-0d57-4ea5-bfe7-cdfc6c5f795c,100,3.333333,2,0.955188,0.998148,0.8043
75f77a82-0d57-4ea5-bfe7-cdfc6c5f795c,100,3.333333,3,0.197995,0.701031,0.6765
75f77a82-0d57-4ea5-bfe7-cdfc6c5f795c,100,3.333333,4,0.451316,0.960290,0.8352
75f77a82-0d57-4ea5-bfe7-cdfc6c5f795c,100,3.333333,5,0.787497,0.693111,0.4524
75f77a82-0d57-4ea5-bfe7-cdfc6c5f795c,100,3.333333,6,0.656448,0.847399,0.6150
75f77a82-0d57-4ea5-bfe7-cdfc6c5f795c,100,3.333333,7,0.758223,0.771534,0.2849
75f77a82-0d57-4ea5-bfe7-cdfc6c5f795c,100,3.333333,9,0.159768,0.764385,0.5374
75f77a82-0d57-4ea5-bfe7-cdfc6c5f795c,100,3.333333,10,0.732299,0.805902,0.7646
75f77a82-0d57-4ea5-bfe7-cdfc6c5f795c,100,3.333333,11,0.158487,0.904878,0.6265
75f77a82-0d57-4ea5-bfe7-cdfc6c5f795c,100,3.333333,13,0.247290,0.684091,0.2938
75f77a82-0d57-4ea5-bfe7-cdfc6c5f795c,100,3.333333,14,0.069238,0.994517,0.9142
75f77a82-0d57-4ea5-bfe7-cdfc6c5f795c,100,3.333333,15,0.697055,0.839191,0.6728
75f77a82-0d57-4ea5-bfe7-cdfc6c5f795c,100,3.333333,17,0.383827,0.703220,0.2340
75f77a82-0d57-4ea5-bfe7-cdfc6c5f795c,100,3.333333,18,0.563322,0.617539,0.2372
75f77a82-0d57-4ea5-bfe7-cdfc6c5f795c,100,3.333333,20,0.568426,0.955553,0.8609
75f77a82-0d57-4ea5-bfe7-cdfc6c5f795c,100,3.333333,21,0.219061,0.933129,0.5597
75f77a82-0d57-4ea5-bfe7-cdfc6c5f795c,101,3.366667,1,0.300718,0.997580,0.8674
75f77a82-0d57-4ea5-bfe7-cdfc6c5f795c,101,3.366667,2,0.952600,0.996660,0.8276
75f77a82-0d57-4ea5-bfe7-cdfc6c5f795c,101,3.366667,3,0.197290,0.701616,0.6791
75f77a82-0d57-4ea5-bfe7-cdfc6c5f795c,101,3.366667,4,0.452115,0.963527,0.8393
75f77a82-0d57-4ea5-bfe7-cdfc6c5f795c,101,3.366667,5,0.786568,0.693281,0.4564
75f77a82-0d57-4ea5-bfe7-cdfc6c5f795c,101,3.366667,6,0.659268,0.859244,0.6129
75f77a82-0d57-4ea5-bfe7-cdfc6c5f795c,101,3.366667,7,0.757592,0.771824,0.2934
75f77a82-0d57-4ea5-bfe7-cdfc6c5f795c,101,3.366667,9,0.161174,0.759575,0.5712
75f77a82-0d57-4ea5-bfe7-cdfc6c5f795c,101,3.366667,10,0.731474,0.807029,0.7630
75f77a82-0d57-4ea5-bfe7-cdfc6c5f795c,101,3.366667,11,0.156303,0.905109,0.5806
75f77a82-0d57-4ea5-bfe7-cdfc6c5f795c,101,3.366667,13,0.247900,0.687893,0.3822
75f77a82-0d57-4ea5-bfe7-cdfc6c5f795c,101,3.366667,14,0.070295,0.998148,0.9093
75f77a82-0d57-4ea5-bfe7-cdfc6c5f795c,101,3.366667,15,0.697508,0.839764,0.6679
75f77a82-0d57-4ea5-bfe7-cdfc6c5f795c,101,3.366667,17,0.382849,0.699908,0.2766
75f77a82-0d57-4ea5-bfe7-cdfc6c5f795c,101,3.366667,18,0.562699,0.618352,0.2122
75f77a82-0d57-4ea5-bfe7-cdfc6c5f795c,101,3.366667,20,0.568004,0.956962,0.8674
75f77a82-0d57-4ea5-bfe7-cdfc6c5f795c,101,3.366667,21,0.219045,0.924134,0.4365
75f77a82-0d57-4ea5-bfe7-cdfc6c5f795c,102,3.400000,1,0.301678,0.997320,0.8659
75f77a82-0d57-4ea5-bfe7-cdfc6c5f795c,102,3.400000,2,0.951940,0.989788,0.8318
75f77a82-0d57-4ea5-bfe7-cdfc6c5f795c,102,3.400000,3,0.195568,0.707080,0.6796
75f77a82-0d57-4ea5-bfe7-cdfc6c5f795c,102,3.400000,4,0.453761,0.973928,0.8321
75f77a82-0d57-4ea5-bfe7-cdfc6c5f795c,102,3.400000,5,0.785493,0.691815,0.4922
75f77a82-0d57-4ea5-bfe7-cdfc6c5f795c,102,3.400000,6,0.664092,0.870873,0.6742
75f77a82-0d57-4ea5-bfe7-cdfc6c5f795c,102,3.400000,7,0.757226,0.772916,0.3421
75f77a82-0d57-4ea5-bfe7-cdfc6c5f795c,102,3.400000,9,0.163379,0.746015,0.4432
75f77a82-0d57-4ea5-bfe7-cdfc6c5f795c,102,3.400000,10,0.730298,0.804960,0.7332
75f77a82-0d57-4ea5-bfe7-cdfc6c5f795c,102,3.400000,11,0.155410,0.903923,0.5135
75f77a82-0d57-4ea5-bfe7-cdfc6c5f795c,102,3.400000,13,0.247278,0.687416,0.3145
75f77a82-0d57-4ea5-bfe7-cdfc6c5f795c,102,3.400000,14,0.072545,0.998148,0.9068
75f77a82-0d57-4ea5-bfe7-cdfc6c5f795c,102,3.400000,15,0.696923,0.842912,0.6552
75f77a82-0d57-4ea5-bfe7-cdfc6c5f795c,102,3.400000,17,0.382451,0.695415,0.2563
75f77a82-0d57-4ea5-bfe7-cdfc6c5f795c,102,3.400000,18,0.562215,0.617636,0.1878
75f77a82-0d57-4ea5-bfe7-cdfc6c5f795c,102,3.400000,20,0.568084,0.955466,0.8797
75f77a82-0d57-4ea5-bfe7-cdfc6c5f795c,102,3.400000,21,0.219019,0.918173,0.2949
75f77a82-0d57-4ea5-bfe7-cdfc6c5f795c,103,3.433333,1,0.300808,0.997184,0.8786
75f77a82-0d57-4ea5-bfe7-cdfc6c5f795c,103,3.433333,2,0.956059,0.982175,0.8447
75f77a82-0d57-4ea5-bfe7-cdfc6c5f795c,103,3.433333,3,0.188529,0.724275,0.6836
75f77a82-0d57-4ea5-bfe7-cdfc6c5f795c,103,3.433333,4,0.455555,0.984716,0.8374
75f77a82-0d57-4ea5-bfe7-cdfc6c5f795c,103,3.433333,5,0.785369,0.692153,0.5042
75f77a82-0d57-4ea5-bfe7-cdfc6c5f795c,103,3.433333,6,0.663284,0.887952,0.6639
75f77a82-0d57-4ea5-bfe7-cdfc6c5f795c,103,3.433333,7,0.756793,0.774493,0.3782
75f77a82-0d57-4ea5-bfe7-cdfc6c5f795c,103,3.433333,10,0.730345,0.801144,0.7035
75f77a82-0d57-4ea5-bfe7-cdfc6c5f795c,103,3.433333,11,0.155630,0.901802,0.4028
75f77a82-0d57-4ea5-bfe7-cdfc6c5f795c,103,3.433333,13,0.247337,0.687540,0.3564
75f77a82-0d57-4ea5-bfe7-cdfc6c5f795c,103,3.433333,14,0.074256,0.997381,0.9035
75f77a82-0d57-4ea5-bfe7-cdfc6c5f795c,103,3.433333,15,0.697770,0.853816,0.6607
75f77a82-0d57-4ea5-bfe7-cdfc6c5f795c,103,3.433333,17,0.382702,0.697987,0.2864
75f77a82-0d57-4ea5-bfe7-cdfc6c5f795c,103,3.433333,18,0.562138,0.617718,0.2028
75f77a82-0d57-4ea5-bfe7-cdfc6c5f795c,103,3.433333,20,0.568347,0.955824,0.8847
75f77a82-0d57-4ea5-bfe7-cdfc6c5f795c,104,3.466667,1,0.300652,0.998148,0.8849
75f77a82-0d57-4ea5-bfe7-cdfc6c5f795c,104,3.466667,2,0.961015,0.983419,0.8435
75f77a82-0d57-4ea5-bfe7-cdfc6c5f795c,104,3.466667,3,0.192577,0.708434,0.7314
75f77a82-0d57-4ea5-bfe7-cdfc6c5f795c,104,3.466667,4,0.455292,0.976383,0.8343
75f77a82-0d57-4ea5-bfe7-cdfc6c5f795c,104,3.466667,5,0.785789,0.693540,0.5296
75f77a82-0d57-4ea5-bfe7-cdfc6c5f795c,104,3.466667,6,0.664123,0.891626,0.6714
75f77a82-0d57-4ea5-bfe7-cdfc6c5f795c,104,3.466667,7,0.756547,0.775366,0.3505
75f77a82-0d57-4ea5-bfe7-cdfc6c5f795c,104,3.466667,10,0.729802,0.797092,0.6885
75f77a82-0d57-4ea5-bfe7-cdfc6c5f795c,104,3.466667,11,0.157101,0.901843,0.3535
75f77a82-0d57-4ea5-bfe7-cdfc6c5f795c,104,3.466667,13,0.248194,0.686705,0.3557
75f77a82-0d57-4ea5-bfe7-cdfc6c5f795c,104,3.466667,14,0.075292,0.993440,0.9047
75f77a82-0d57-4ea5-bfe7-cdfc6c5f795c,104,3.466667,15,0.698816,0.855816,0.6734
75f77a82-0d57-4ea5-bfe7-cdfc6c5f795c,104,3.466667,17,0.382612,0.709087,0.2631
75f77a82-0d57-4ea5-bfe7-cdfc6c5f795c,104,3.466667,18,0.562278,0.617259,0.2424
75f77a82-0d57-4ea5-bfe7-cdfc6c5f795c,104,3.466667,20,0.568492,0.954643,0.8860
75f77a82-0d57-4ea5-bfe7-cdfc6c5f795c,104,3.466667,22,0.033587,0.995644,0.4972
75f77a82-0d57-4ea5-bfe7-cdfc6c5f795c,105,3.500000,1,0.299770,0.998148,0.8922
75f77a82-0d57-4ea5-bfe7-cdfc6c5f795c,105,3.500000,2,0.965319,0.988870,0.8553
75f77a82-0d57-4ea5-bfe7-cdfc6c5f795c,105,3.500000,3,0.192312,0.708174,0.7011
75f77a82-0d57-4ea5-bfe7-cdfc6c5f795c,105,3.500000,4,0.454399,0.965662,0.8299
75f77a82-0d57-4ea5-bfe7-cdfc6c5f795c,105,3.500000,5,0.785741,0.693760,0.5346
75f77a82-0d57-4ea5-bfe7-cdfc6c5f795c,105,3.500000,6,0.670201,0.922737,0.6724
75f77a82-0d57-4ea5-bfe7-cdfc6c5f795c,105,3.500000,7,0.755485,0.775652,0.4002
75f77a82-0d57-4ea5-bfe7-cdfc6c5f795c,105,3.500000,10,0.729973,0.792267,0.6633
75f77a82-0d57-4ea5-bfe7-cdfc6c5f795c,105,3.500000,11,0.158464,0.901506,0.2861
75f77a82-0d57-4ea5-bfe7-cdfc6c5f795c,105,3.500000,13,0.252217,0.670047,0.3089
75f77a82-0d57-4ea5-bfe7-cdfc6c5f795c,105,3.500000,14,0.076185,0.995697,0.9017
75f77a82-0d57-4ea5-bfe7-cdfc6c5f795c,105,3.500000,15,0.698130,0.864403,0.6724
75f77a82-0d57-4ea5-bfe7-cdfc6c5f795c,105,3.500000,17,0.383899,0.709511,0.3118
75f77a82-0d57-4ea5-bfe7-cdfc6c5f795c,105,3.500000,18,0.561078,0.615833,0.2554
75f77a82-0d57-4ea5-bfe7-cdfc6c5f795c,105,3.500000,20,0.568073,0.955561,0.8907
75f77a82-0d57-4ea5-bfe7-cdfc6c5f795c,105,3.500000,22,0.039443,0.997933,0.7128
75f77a82-0d57-4ea5-bfe7-cdfc6c5f795c,105,3.500000,23,0.343833,0.814685,0.5207
75f77a82-0d57-4ea5-bfe7-cdfc6c5f795c,106,3.533333,1,0.299496,0.998148,0.8764
75f77a82-0d57-4ea5-bfe7-cdfc6c5f795c,106,3.533333,2,0.967330,0.998148,0.8719
75f77a82-0d57-4ea5-bfe7-cdfc6c5f795c,106,3.533333,3,0.190638,0.711143,0.6851
75f77a82-0d57-4ea5-bfe7-cdfc6c5f795c,106,3.533333,4,0.454629,0.959537,0.8033
75f77a82-0d57-4ea5-bfe7-cdfc6c5f795c,106,3.533333,5,0.786067,0.693804,0.5053
75f77a82-0d57-4ea5-bfe7-cdfc6c5f795c,106,3.533333,6,0.670732,0.924816,0.6613
75f77a82-0d57-4ea5-bfe7-cdfc6c5f795c,106,3.533333,7,0.755284,0.776350,0.3126
75f77a82-0d57-4ea5-bfe7-cdfc6c5f795c,106,3.533333,9,0.164353,0.726686,0.1463
75f77a82-0d57-4ea5-bfe7-cdfc6c5f795c,106,3.533333,10,0.732039,0.793684,0.5888
75f77a82-0d57-4ea5-bfe7-cdfc6c5f795c,106,3.533333,11,0.159715,0.901732,0.1251
75f77a82-0d57-4ea5-bfe7-cdfc6c5f795c,106,3.533333,13,0.252555,0.655994,0.3017
75f77a82-0d57-4ea5-bfe7-cdfc6c5f795c,106,3.533333,14,0.078201,0.998109,0.8950
75f77a82-0d57-4ea5-bfe7-cdfc6c5f795c,106,3.533333,15,0.701483,0.857358,0.6132
75f77a82-0d57-4ea5-bfe7-cdfc6c5f795c,106,3.533333,17,0.386477,0.709245,0.2325
75f77a82-0d57-4ea5-bfe7-cdfc6c5f795c,106,3.533333,18,0.559399,0.616544,0.2030
75f77a82-0d57-4ea5-bfe7-cdfc6c5f795c,106,3.533333,20,0.568197,0.955856,0.8908
75f77a82-0d57-4ea5-bfe7-cdfc6c5f795c,106,3.533333,22,0.044032,0.996894,0.8124
75f77a82-0d57-4ea5-bfe7-cdfc6c5f795c,106,3.533333,23,0.347505,0.819876,0.4356
75f77a82-0d57-4ea5-bfe7-cdfc6c5f795c,107,3.566667,1,0.295896,0.998148,0.8604
75f77a82-0d57-4ea5-bfe7-cdfc6c5f795c,107,3.566667,2,0.968217,0.997704,0.8679
75f77a82-0d57-4ea5-bfe7-cdfc6c5f795c,107,3.566667,3,0.189386,0.714617,0.6653
75f77a82-0d57-4ea5-bfe7-cdfc6c5f795c,107,3.566667,4,0.455833,0.965323,0.8228
75f77a82-0d57-4ea5-bfe7-cdfc6c5f795c,107,3.566667,5,0.786393,0.694467,0.5019
75f77a82-0d57-4ea5-bfe7-cdfc6c5f795c,107,3.566667,6,0.672212,0.929422,0.6633
75f77a82-0d57-4ea5-bfe7-cdfc6c5f795c,107,3.566667,7,0.755135,0.776080,0.3410
75f77a82-0d57-4ea5-bfe7-cdfc6c5f795c,107,3.566667,9,0.166076,0.725829,0.2436
75f77a82-0d57-4ea5-bfe7-cdfc6c5f795c,107,3.566667,10,0.731877,0.793351,0.5422
75f77a82-0d57-4ea5-bfe7-cdfc6c5f795c,107,3.566667,13,0.252778,0.654614,0.2740
75f77a82-0d57-4ea5-bfe7-cdfc6c5f795c,107,3.566667,14,0.080813,0.996934,0.8983
75f77a82-0d57-4ea5-bfe7-cdfc6c5f795c,107,3.566667,15,0.696551,0.879101,0.5088
75f77a82-0d57-4ea5-bfe7-cdfc6c5f795c,107,3.566667,17,0.387771,0.708889,0.2944
75f77a82-0d57-4ea5-bfe7-cdfc6c5f795c,107,3.566667,18,0.559383,0.616870,0.1261
75f77a82-0d57-4ea5-bfe7-cdfc6c5f795c,107,3.566667,20,0.568245,0.954891,0.8832
75f77a82-0d57-4ea5-bfe7-cdfc6c5f795c,107,3.566667,22,0.049426,0.997546,0.8098
75f77a82-0d57-4ea5-bfe7-cdfc6c5f795c,107,3.566667,23,0.353363,0.967149,0.4693
75f77a82-0d57-4ea5-bfe7-cdfc6c5f795c,108,3.600000,1,0.293760,0.998148,0.8194
75f77a82-0d57-4ea5-bfe7-cdfc6c5f795c,108,3.600000,2,0.969082,0.998148,0.8687
75f77a82-0d57-4ea5-bfe7-cdfc6c5f795c,108,3.600000,3,0.193237,0.708199,0.6710
75f77a82-0d57-4ea5-bfe7-cdfc6c5f795c,108,3.600000,4,0.458039,0.968074,0.8465
75f77a82-0d57-4ea5-bfe7-cdfc6c5f795c,108,3.600000,5,0.786944,0.693943,0.5194
75f77a82-0d57-4ea5-bfe7-cdfc6c5f795c,108,3.600000,6,0.669742,0.924517,0.6726
75f77a82-0d57-4ea5-bfe7-cdfc6c5f795c,108,3.600000,7,0.756034,0.774553,0.3626
75f77a82-0d57-4ea5-bfe7-cdfc6c5f795c,108,3.600000,10,0.732534,0.796534,0.5465
75f77a82-0d57-4ea5-bfe7-cdfc6c5f795c,108,3.600000,13,0.252462,0.659125,0.2638
75f77a82-0d57-4ea5-bfe7-cdfc6c5f795c,108,3.600000,14,0.081567,0.997469,0.9071
75f77a82-0d57-4ea5-bfe7-cdfc6c5f795c,108,3.600000,15,0.706489,0.848490,0.4598
75f77a82-0d57-4ea5-bfe7-cdfc6c5f795c,108,3.600000,17,0.388098,0.708521,0.3311
75f77a82-0d57-4ea5-bfe7-cdfc6c5f795c,108,3.600000,20,0.568620,0.954399,0.8825
75f77a82-0d57-4ea5-bfe7-cdfc6c5f795c,108,3.600000,22,0.056415,0.996012,0.8222
75f77a82-0d57-4ea5-bfe7-cdfc6c5f795c,108,3.600000,23,0.353504,0.965846,0.5847
75f77a82-0d57-4ea5-bfe7-cdfc6c5f795c,109,3.633333,1,0.291066,0.998148,0.8463
75f77a82-0d57-4ea5-bfe7-cdfc6c5f795c,109,3.633333,2,0.969474,0.998148,0.8660
75f77a82-0d57-4ea5-bfe7-cdfc6c5f795c,109,3.633333,3,0.188922,0.718622,0.6973
75f77a82-0d57-4ea5-bfe7-cdfc6c5f795c,109,3.633333,4,0.458338,0.975766,0.8577
75f77a82-0d57-4ea5-bfe7-cdfc6c5f795c,109,3.633333,5,0.787678,0.693962,0.5158
75f77a82-0d57-4ea5-bfe7-cdfc6c5f795c,109,3.633333,6,0.667515,0.923397,0.6870
75f77a82-0d57-4ea5-bfe7-cdfc6c5f795c,109,3.633333,7,0.756366,0.775412,0.4152
75f77a82-0d57-4ea5-bfe7-cdfc6c5f795c,109,3.633333,10,0.732808,0.800425,0.5400
75f77a82-0d57-4ea5-bfe7-cdfc6c5f795c,109,3.633333,13,0.252705,0.660897,0.2671
75f77a82-0d57-4ea5-bfe7-cdfc6c5f795c,109,3.633333,14,0.082154,0.993764,0.9031
75f77a82-0d57-4ea5-bfe7-cdfc6c5f795c,109,3.633333,15,0.707554,0.832852,0.3930
75f77a82-0d57-4ea5-bfe7-cdfc6c5f795c,109,3.633333,17,0.388210,0.711141,0.3359
75f77a82-0d57-4ea5-bfe7-cdfc6c5f795c,109,3.633333,20,0.568816,0.955042,0.8876
75f77a82-0d57-4ea5-bfe7-cdfc6c5f795c,109,3.633333,22,0.061646,0.996175,0.7206
75f77a82-0d57-4ea5-bfe7-cdfc6c5f795c,109,3.633333,23,0.349925,0.962499,0.6584
75f77a82-0d57-4ea5-bfe7-cdfc6c5f795c,110,3.666667,1,0.290879,0.998148,0.8405
75f77a82-0d57-4ea5-bfe7-cdfc6c5f795c,110,3.666667,2,0.970591,0.998148,0.8722
75f77a82-0d57-4ea5-bfe7-cdfc6c5f795c,110,3.666667,3,0.189477,0.719873,0.6986
75f77a82-0d57-4ea5-bfe7-cdfc6c5f795c,110,3.666667,4,0.459122,0.985290,0.8670
75f77a82-0d57-4ea5-bfe7-cdfc6c5f795c,110,3.666667,5,0.788465,0.693877,0.5543
75f77a82-0d57-4ea5-bfe7-cdfc6c5f795c,110,3.666667,6,0.679011,0.915650,0.7368
75f77a82-0d57-4ea5-bfe7-cdfc6c5f795c,110,3.666667,7,0.757682,0.776121,0.3745
75f77a82-0d57-4ea5-bfe7-cdfc6c5f795c,110,3.666667,10,0.733106,0.799727,0.5619
75f77a82-0d57-4ea5-bfe7-cdfc6c5f795c,110,3.666667,13,0.253315,0.660927,0.2498
75f77a82-0d57-4ea5-bfe7-cdfc6c5f795c,110,3.666667,14,0.083885,0.994386,0.8927
75f77a82-0d57-4ea5-bfe7-cdfc6c5f795c,110,3.666667,17,0.387995,0.703925,0.3128
75f77a82-0d57-4ea5-bfe7-cdfc6c5f795c,110,3.666667,20,0.568742,0.954568,0.8872
75f77a82-0d57-4ea5-bfe7-cdfc6c5f795c,110,3.666667,22,0.065847,0.997247,0.7445
75f77a82-0d57-4ea5-bfe7-cdfc6c5f795c,110,3.666667,23,0.351869,0.963294,0.7322
75f77a82-0d57-4ea5-bfe7-cdfc6c5f795c,111,3.700000,1,0.290813,0.998148,0.8448
75f77a82-0d57-4ea5-bfe7-cdfc6c5f795c,111,3.700000,2,0.971395,0.998148,0.8697
75f77a82-0d57-4ea5-bfe7-cdfc6c5f795c,111,3.700000,3,0.194969,0.719908,0.6621
75f77a82-0d57-4ea5-bfe7-cdfc6c5f795c,111,3.700000,4,0.458360,0.990647,0.8846
75f77a82-0d57-4ea5-bfe7-cdfc6c5f795c,111,3.700000,5,0.788998,0.694128,0.5593
75f77a82-0d57-4ea5-bfe7-cdfc6c5f795c,111,3.700000,6,0.677590,0.920911,0.7290
75f77a82-0d57-4ea5-bfe7-cdfc6c5f795c,111,3.700000,7,0.756849,0.775126,0.3682
75f77a82-0d57-4ea5-bfe7-cdfc6c5f795c,111,3.700000,10,0.732952,0.798523,0.4517
75f77a82-0d57-4ea5-bfe7-cdfc6c5f795c,111,3.700000,13,0.253769,0.660858,0.2451
75f77a82-0d57-4ea5-bfe7-cdfc6c5f795c,111,3.700000,14,0.085310,0.994781,0.8644
75f77a82-0d57-4ea5-bfe7-cdfc6c5f795c,111,3.700000,17,0.388606,0.701976,0.2188
75f77a82-0d57-4ea5-bfe7-cdfc6c5f795c,111,3.700000,20,0.569641,0.955926,0.8886
75f77a82-0d57-4ea5-bfe7-cdfc6c5f795c,111,3.700000,23,0.353116,0.976375,0.7592
75f77a82-0d57-4ea5-bfe7-cdfc6c5f795c,112,3.733333,1,0.291073,0.998148,0.8592
75f77a82-0d57-4ea5-bfe7-cdfc6c5f795c,112,3.733333,2,0.971819,0.998148,0.8711
75f77a82-0d57-4ea5-bfe7-cdfc6c5f795c,112,3.733333,3,0.189930,0.715877,0.6094
75f77a82-0d57-4ea5-bfe7-cdfc6c5f795c,112,3.733333,4,0.459969,0.990805,0.8862
75f77a82-0d57-4ea5-bfe7-cdfc6c5f795c,112,3.733333,5,0.789608,0.694435,0.5656
75f77a82-0d57-4ea5-bfe7-cdfc6c5f795c,112,3.733333,6,0.682088,0.915533,0.7136
75f77a82-0d57-4ea5-bfe7-cdfc6c5f795c,112,3.733333,7,0.757556,0.773700,0.4130
75f77a82-0d57-4ea5-bfe7-cdfc6c5f795c,112,3.733333,10,0.734717,0.787618,0.4288
75f77a82-0d57-4ea5-bfe7-cdfc6c5f795c,112,3.733333,13,0.254573,0.647654,0.1703
75f77a82-0d57-4ea5-bfe7-cdfc6c5f795c,112,3.733333,14,0.085822,0.990882,0.8203
75f77a82-0d57-4ea5-bfe7-cdfc6c5f795c,112,3.733333,20,0.570431,0.957410,0.8982
75f77a82-0d57-4ea5-bfe7-cdfc6c5f795c,112,3.733333,22,0.076692,0.998148,0.4900
75f77a82-0d57-4ea5-bfe7-cdfc6c5f795c,112,3.733333,23,0.359298,0.969753,0.7760
75f77a82-0d57-4ea5-bfe7-cdfc6c5f795c,113,3.766667,1,0.292010,0.998148,0.8542
75f77a82-0d57-4ea5-bfe7-cdfc6c5f795c,113,3.766667,2,0.971791,0.998148,0.8683
75f77a82-0d57-4ea5-bfe7-cdfc6c5f795c,113,3.766667,3,0.181624,0.722066,0.6531
75f77a82-0d57-4ea5-bfe7-cdfc6c5f795c,113,3.766667,4,0.462990,0.995014,0.8804
75f77a82-0d57-4ea5-bfe7-cdfc6c5f795c,113,3.766667,5,0.789644,0.693906,0.5592
75f77a82-0d57-4ea5-bfe7-cdfc6c5f795c,113,3.766667,6,0.686930,0.914729,0.6995
75f77a82-0d57-4ea5-bfe7-cdfc6c5f795c,113,3.766667,7,0.757127,0.773653,0.3831
75f77a82-0d57-4ea5-bfe7-cdfc6c5f795c,113,3.766667,10,0.742641,0.773609,0.3446
75f77a82-0d57-4ea5-bfe7-cdfc6c5f795c,113,3.766667,13,0.252409,0.682588,0.2331
75f77a82-0d57-4ea5-bfe7-cdfc6c5f795c,113,3.766667,14,0.085051,0.934036,0.7378
75f77a82-0d57-4ea5-bfe7-cdfc6c5f795c,113,3.766667,15,0.714558,0.826635,0.3187
75f77a82-0d57-4ea5-bfe7-cdfc6c5f795c,113,3.766667,17,0.390181,0.681220,0.1226
75f77a82-0d57-4ea5-bfe7-cdfc6c5f795c,113,3.766667,20,0.570411,0.956170,0.9004
75f77a82-0d57-4ea5-bfe7-cdfc6c5f795c,113,3.766667,22,0.083055,0.996655,0.7379
75f77a82-0d57-4ea5-bfe7-cdfc6c5f795c,113,3.766667,23,0.360046,0.973923,0.7857
75f77a82-0d57-4ea5-bfe7-cdfc6c5f795c,114,3.800000,1,0.291136,0.998148,0.8513
75f77a82-0d57-4ea5-bfe7-cdfc6c5f795c,114,3.800000,2,0.971593,0.998148,0.8704
75f77a82-0d57-4ea5-bfe7-cdfc6c5f795c,114,3.800000,3,0.179838,0.723709,0.6806
75f77a82-0d57-4ea5-bfe7-cdfc6c5f795c,114,3.800000,4,0.463651,0.994925,0.8759
75f77a82-0d57-4ea5-bfe7-cdfc6c5f795c,114,3.800000,5,0.789591,0.693738,0.5801
75f77a82-0d57-4ea5-bfe7-cdfc6c5f795c,114,3.800000,6,0.665217,0.848412,0.4487
75f77a82-0d57-4ea5-bfe7-cdfc6c5f795c,114,3.800000,7,0.756930,0.771414,0.3724
75f77a82-0d57-4ea5-bfe7-cdfc6c5f795c,114,3.800000,10,0.715424,0.837599,0.4030
75f77a82-0d57-4ea5-bfe7-cdfc6c5f795c,114,3.800000,13,0.252476,0.682450,0.2420
75f77a82-0d57-4ea5-bfe7-cdfc6c5f795c,114,3.800000,14,0.087881,0.839802,0.7674
75f77a82-0d57-4ea5-bfe7-cdfc6c5f795c,114,3.800000,15,0.689837,0.906437,0.6969
75f77a82-0d57-4ea5-bfe7-cdfc6c5f795c,114,3.800000,17,0.389439,0.673224,0.2073
75f77a82-0d57-4ea5-bfe7-cdfc6c5f795c,114,3.800000,20,0.570558,0.957622,0.9002
75f77a82-0d57-4ea5-bfe7-cdfc6c5f795c,114,3.800000,22,0.091352,0.996703,0.7691
75f77a82-0d57-4ea5-bfe7-cdfc6c5f795c,114,3.800000,23,0.362811,0.969884,0.7940
75f77a82-0d57-4ea5-bfe7-cdfc6c5f795c,115,3.833333,1,0.290281,0.998148,0.8442
75f77a82-0d57-4ea5-bfe7-cdfc6c5f795c,115,3.833333,2,0.971302,0.998148,0.8694
75f77a82-0d57-4ea5-bfe7-cdfc6c5f795c,115,3.833333,3,0.215993,0.691656,0.4995
75f77a82-0d57-4ea5-bfe7-cdfc6c5f795c,115,3.833333,4,0.464521,0.995521,0.8675
75f77a82-0d57-4ea5-bfe7-cdfc6c5f795c,115,3.833333,5,0.789488,0.693197,0.6018
75f77a82-0d57-4ea5-bfe7-cdfc6c5f795c,115,3.833333,6,0.691980,0.910990,0.7382
75f77a82-0d57-4ea5-bfe7-cdfc6c5f795c,115,3.833333,7,0.756359,0.772125,0.3378
75f77a82-0d57-4ea5-bfe7-cdfc6c5f795c,115,3.833333,9,0.177967,0.725265,0.7236
75f77a82-0d57-4ea5-bfe7-cdfc6c5f795c,115,3.833333,10,0.740962,0.789054,0.2484
75f77a82-0d57-4ea5-bfe7-cdfc6c5f795c,115,3.833333,13,0.252875,0.682756,0.2848
75f77a82-0d57-4ea5-bfe7-cdfc6c5f795c,115,3.833333,14,0.088603,0.810583,0.8298
75f77a82-0d57-4ea5-bfe7-cdfc6c5f795c,115,3.833333,15,0.664745,0.831987,0.1854
75f77a82-0d57-4ea5-bfe7-cdfc6c5f795c,115,3.833333,17,0.389364,0.668198,0.2302
75f77a82-0d57-4ea5-bfe7-cdfc6c5f795c,115,3.833333,18,0.565531,0.615932,0.1510
75f77a82-0d57-4ea5-bfe7-cdfc6c5f795c,115,3.833333,20,0.570521,0.957633,0.9047
75f77a82-0d57-4ea5-bfe7-cdfc6c5f795c,115,3.833333,22,0.099793,0.996093,0.8241
75f77a82-0d57-4ea5-bfe7-cdfc6c5f795c,115,3.833333,23,0.362618,0.964725,0.7999
75f77a82-0d57-4ea5-bfe7-cdfc6c5f795c,116,3.866667,1,0.290830,0.998148,0.8548
75f77a82-0d57-4ea5-bfe7-cdfc6c5f795c,116,3.866667,2,0.971252,0.998148,0.8694
75f77a82-0d57-4ea5-bfe7-cdfc6c5f795c,116,3.866667,3,0.216519,0.692382,0.6203
75f77a82-0d57-4ea5-bfe7-cdfc6c5f795c,116,3.866667,4,0.467609,0.996237,0.8704
75f77a82-0d57-4ea5-bfe7-cdfc6c5f795c,116,3.866667,5,0.789107,0.693145,0.6088
75f77a82-0d57-4ea5-bfe7-cdfc6c5f795c,116,3.866667,6,0.693396,0.902546,0.7591
75f77a82-0d57-4ea5-bfe7-cdfc6c5f795c,116,3.866667,7,0.756782,0.773684,0.3388
75f77a82-0d57-4ea5-bfe7-cdfc6c5f795c,116,3.866667,9,0.177449,0.718934,0.7092
75f77a82-0d57-4ea5-bfe7-cdfc6c5f795c,116,3.866667,10,0.741072,0.783748,0.2187
75f77a82-0d57-4ea5-bfe7-cdfc6c5f795c,116,3.866667,13,0.253252,0.682590,0.3067
75f77a82-0d57-4ea5-bfe7-cdfc6c5f795c,116,3.866667,14,0.090374,0.842335,0.8077
75f77a82-0d57-4ea5-bfe7-cdfc6c5f795c,116,3.866667,15,0.668906,0.848495,0.1488
75f77a82-0d57-4ea5-bfe7-cdfc6c5f795c,116,3.866667,18,0.566605,0.618784,0.1913
75f77a82-0d57-4ea5-bfe7-cdfc6c5f795c,116,3.866667,20,0.570709,0.959123,0.9046
75f77a82-0d57-4ea5-bfe7-cdfc6c5f795c,116,3.866667,22,0.110009,0.997971,0.8131
75f77a82-0d57-4ea5-bfe7-cdfc6c5f795c,116,3.866667,23,0.364562,0.958943,0.8148
75f77a82-0d57-4ea5-bfe7-cdfc6c5f795c,117,3.900000,1,0.291519,0.998148,0.8631
75f77a82-0d57-4ea5-bfe7-cdfc6c5f795c,117,3.900000,2,0.971215,0.998148,0.8660
75f77a82-0d57-4ea5-bfe7-cdfc6c5f795c,117,3.900000,3,0.218490,0.689502,0.6534
75f77a82-0d57-4ea5-bfe7-cdfc6c5f795c,117,3.900000,4,0.468915,0.996773,0.8771
75f77a82-0d57-4ea5-bfe7-cdfc6c5f795c,117,3.900000,5,0.788886,0.692817,0.5782
75f77a82-0d57-4ea5-bfe7-cdfc6c5f795c,117,3.900000,6,0.687805,0.908475,0.7226
75f77a82-0d57-4ea5-bfe7-cdfc6c5f795c,117,3.900000,7,0.752079,0.778369,0.3537
75f77a82-0d57-4ea5-bfe7-cdfc6c5f795c,117,3.900000,9,0.175980,0.717630,0.7395
75f77a82-0d57-4ea5-bfe7-cdfc6c5f795c,117,3.900000,10,0.720279,0.838448,0.2904
75f77a82-0d57-4ea5-bfe7-cdfc6c5f795c,117,3.900000,13,0.253600,0.686569,0.3123
75f77a82-0d57-4ea5-bfe7-cdfc6c5f795c,117,3.900000,14,0.089724,0.834555,0.8202
75f77a82-0d57-4ea5-bfe7-cdfc6c5f795c,117,3.900000,15,0.666335,0.855378,0.2913
75f77a82-0d57-4ea5-bfe7-cdfc6c5f795c,117,3.900000,18,0.568212,0.618142,0.2684
75f77a82-0d57-4ea5-bfe7-cdfc6c5f795c,117,3.900000,20,0.571031,0.961901,0.9052
75f77a82-0d57-4ea5-bfe7-cdfc6c5f795c,117,3.900000,21,0.223749,0.832483,0.1735
75f77a82-0d57-4ea5-bfe7-cdfc6c5f795c,117,3.900000,22,0.125034,0.998148,0.8592
75f77a82-0d57-4ea5-bfe7-cdfc6c5f795c,117,3.900000,23,0.365461,0.956616,0.8203
75f77a82-0d57-4ea5-bfe7-cdfc6c5f795c,118,3.933333,1,0.293109,0.998148,0.8779
75f77a82-0d57-4ea5-bfe7-cdfc6c5f795c,118,3.933333,2,0.971260,0.998148,0.8657
75f77a82-0d57-4ea5-bfe7-cdfc6c5f795c,118,3.933333,3,0.218317,0.688573,0.5636
75f77a82-0d57-4ea5-bfe7-cdfc6c5f795c,118,3.933333,4,0.469428,0.998148,0.8780
75f77a82-0d57-4ea5-bfe7-cdfc6c5f795c,118,3.933333,5,0.788782,0.692102,0.5670
75f77a82-0d57-4ea5-bfe7-cdfc6c5f795c,118,3.933333,6,0.690148,0.883008,0.7339
75f77a82-0d57-4ea5-bfe7-cdfc6c5f795c,118,3.933333,7,0.751171,0.777993,0.3756
75f77a82-0d57-4ea5-bfe7-cdfc6c5f795c,118,3.933333,9,0.175313,0.721598,0.7631
75f77a82-0d57-4ea5-bfe7-cdfc6c5f795c,118,3.933333,10,0.723493,0.825196,0.2682
75f77a82-0d57-4ea5-bfe7-cdfc6c5f795c,118,3.933333,13,0.253450,0.684577,0.3239
75f77a82-0d57-4ea5-bfe7-cdfc6c5f795c,118,3.933333,14,0.090769,0.939355,0.8335
75f77a82-0d57-4ea5-bfe7-cdfc6c5f795c,118,3.933333,15,0.664066,0.826672,0.4252
75f77a82-0d57-4ea5-bfe7-cdfc6c5f795c,118,3.933333,17,0.394491,0.823504,0.1490
75f77a82-0d57-4ea5-bfe7-cdfc6c5f795c,118,3.933333,18,0.569249,0.614344,0.2737
75f77a82-0d57-4ea5-bfe7-cdfc6c5f795c,118,3.933333,20,0.571356,0.958001,0.9055
75f77a82-0d57-4ea5-bfe7-cdfc6c5f795c,118,3.933333,21,0.223630,0.821596,0.2395
75f77a82-0d57-4ea5-bfe7-cdfc6c5f795c,118,3.933333,22,0.142273,0.998148,0.8570
75f77a82-0d57-4ea5-bfe7-cdfc6c5f795c,118,3.933333,23,0.368003,0.951591,0.8222
75f77a82-0d57-4ea5-bfe7-cdfc6c5f795c,119,3.966667,1,0.297499,0.998148,0.8710
75f77a82-0d57-4ea5-bfe7-cdfc6c5f795c,119,3.966667,2,0.971428,0.998148,0.8688
75f77a82-0d57-4ea5-bfe7-cdfc6c5f795c,119,3.966667,3,0.217805,0.689382,0.5653
75f77a82-0d57-4ea5-bfe7-cdfc6c5f795c,119,3.966667,4,0.470582,0.998148,0.8643
75f77a82-0d57-4ea5-bfe7-cdfc6c5f795c,119,3.966667,5,0.788551,0.692209,0.5419
75f77a82-0d57-4ea5-bfe7-cdfc6c5f795c,119,3.966667,6,0.695342,0.874160,0.7465
75f77a82-0d57-4ea5-bfe7-cdfc6c5f795c,119,3.966667,7,0.751688,0.779010,0.3529
75f77a82-0d57-4ea5-bfe7-cdfc6c5f795c,119,3.966667,9,0.174272,0.720506,0.7516
75f77a82-0d57-4ea5-bfe7-cdfc6c5f795c,119,3.966667,10,0.733801,0.800592,0.1396
75f77a82-0d57-4ea5-bfe7-cdfc6c5f795c,119,3.966667,13,0.253607,0.684876,0.3097
75f77a82-0d57-4ea5-bfe7-cdfc6c5f795c,119,3.966667,14,0.090565,0.989604,0.8484
75f77a82-0d57-4ea5-bfe7-cdfc6c5f795c,119,3.966667,15,0.662841,0.827501,0.5633
75f77a82-0d57-4ea5-bfe7-cdfc6c5f795c,119,3.966667,17,0.395334,0.845124,0.1541
75f77a82-0d57-4ea5-bfe7-cdfc6c5f795c,119,3.966667,18,0.569075,0.615391,0.2422
75f77a82-0d57-4ea5-bfe7-cdfc6c5f795c,119,3.966667,20,0.571783,0.957108,0.9078
75f77a82-0d57-4ea5-bfe7-cdfc6c5f795c,119,3.966667,22,0.159955,0.996979,0.8301
75f77a82-0d57-4ea5-bfe7-cdfc6c5f795c,119,3.966667,23,0.369744,0.951839,0.8231
75f77a82-0d57-4ea5-bfe7-cdfc6c5f795c,120,4.000000,1,0.301111,0.998148,0.8728
75f77a82-0d57-4ea5-bfe7-cdfc6c5f795c,120,4.000000,2,0.971642,0.998148,0.8651
75f77a82-0d57-4ea5-bfe7-cdfc6c5f795c,120,4.000000,3,0.217513,0.690748,0.5888
75f77a82-0d57-4ea5-bfe7-cdfc6c5f795c,120,4.000000,4,0.472866,0.998148,0.8384
75f77a82-0d57-4ea5-bfe7-cdfc6c5f795c,120,4.000000,5,0.788190,0.691720,0.4999
75f77a82-0d57-4ea5-bfe7-cdfc6c5f795c,120,4.000000,6,0.699274,0.874708,0.7478
75f77a82-0d57-4ea5-bfe7-cdfc6c5f795c,120,4.000000,7,0.752358,0.776961,0.3137
75f77a82-0d57-4ea5-bfe7-cdfc6c5f795c,120,4.000000,9,0.172916,0.715452,0.7244
75f77a82-0d57-4ea5-bfe7-cdfc6c5f795c,120,4.000000,13,0.253809,0.685870,0.3163
75f77a82-0d57-4ea5-bfe7-cdfc6c5f795c,120,4.000000,14,0.091223,0.985345,0.8358
75f77a82-0d57-4ea5-bfe7-cdfc6c5f795c,120,4.000000,15,0.661797,0.823047,0.5553
75f77a82-0d57-4ea5-bfe7-cdfc6c5f795c,120,4.000000,18,0.568944,0.616731,0.2630
75f77a82-0d57-4ea5-bfe7-cdfc6c5f795c,120,4.000000,20,0.572048,0.957090,0.9062
75f77a82-0d57-4ea5-bfe7-cdfc6c5f795c,120,4.000000,22,0.167051,0.997491,0.8507
75f77a82-0d57-4ea5-bfe7-cdfc6c5f795c,120,4.000000,23,0.371483,0.951313,0.8340
75f77a82-0d57-4ea5-bfe7-cdfc6c5f795c,121,4.033333,1,0.307847,0.998148,0.8833
75f77a82-0d57-4ea5-bfe7-cdfc6c5f795c,121,4.033333,2,0.971838,0.998148,0.8611
75f77a82-0d57-4ea5-bfe7-cdfc6c5f795c,121,4.033333,3,0.218399,0.691546,0.6640
75f77a82-0d57-4ea5-bfe7-cdfc6c5f795c,121,4.033333,4,0.474890,0.998148,0.8301
75f77a82-0d57-4ea5-bfe7-cdfc6c5f795c,121,4.033333,5,0.788405,0.691770,0.5119
75f77a82-0d57-4ea5-bfe7-cdfc6c5f795c,121,4.033333,6,0.698144,0.870431,0.7463
75f77a82-0d57-4ea5-bfe7-cdfc6c5f795c,121,4.033333,7,0.753182,0.774612,0.3100
75f77a82-0d57-4ea5-bfe7-cdfc6c5f795c,121,4.033333,9,0.172746,0.706989,0.7416
75f77a82-0d57-4ea5-bfe7-cdfc6c5f795c,121,4.033333,13,0.254462,0.684763,0.2839
75f77a82-0d57-4ea5-bfe7-cdfc6c5f795c,121,4.033333,14,0.092283,0.984739,0.8381
75f77a82-0d57-4ea5-bfe7-cdfc6c5f795c,121,4.033333,15,0.659690,0.783656,0.4785
75f77a82-0d57-4ea5-bfe7-cdfc6c5f795c,121,4.033333,18,0.568689,0.616185,0.1882
75f77a82-0d57-4ea5-bfe7-cdfc6c5f795c,121,4.033333,20,0.571843,0.956253,0.9071
75f77a82-0d57-4ea5-bfe7-cdfc6c5f795c,121,4.033333,22,0.180529,0.997429,0.8564
75f77a82-0d57-4ea5-bfe7-cdfc6c5f795c,121,4.033333,23,0.373789,0.951148,0.8474
75f77a82-0d57-4ea5-bfe7-cdfc6c5f795c,122,4.066667,1,0.310846,0.998148,0.8592
75f77a82-0d57-4ea5-bfe7-cdfc6c5f795c,122,4.066667,2,0.972036,0.997767,0.8566
75f77a82-0d57-4ea5-bfe7-cdfc6c5f795c,122,4.066667,3,0.219749,0.690783,0.6923
75f77a82-0d57-4ea5-bfe7-cdfc6c5f795c,122,4.066667,4,0.476899,0.998148,0.8219
75f77a82-0d57-4ea5-bfe7-cdfc6c5f795c,122,4.066667,5,0.788731,0.692256,0.5023
75f77a82-0d57-4ea5-bfe7-cdfc6c5f795c,122,4.066667,6,0.700112,0.865144,0.7732
75f77a82-0d57-4ea5-bfe7-cdfc6c5f795c,122,4.066667,7,0.753669,0.775944,0.3585
75f77a82-0d57-4ea5-bfe7-cdfc6c5f795c,122,4.066667,9,0.171985,0.706720,0.7364
75f77a82-0d57-4ea5-bfe7-cdfc6c5f795c,122,4.066667,13,0.254718,0.683583,0.1990
75f77a82-0d57-4ea5-bfe7-cdfc6c5f795c,122,4.066667,14,0.094233,0.992271,0.8147
75f77a82-0d57-4ea5-bfe7-cdfc6c5f795c,122,4.066667,15,0.658646,0.792714,0.5145
75f77a82-0d57-4ea5-bfe7-cdfc6c5f795c,122,4.066667,18,0.568468,0.615916,0.1682
75f77a82-0d57-4ea5-bfe7-cdfc6c5f795c,122,4.066667,20,0.571457,0.957358,0.9048
75f77a82-0d57-4ea5-bfe7-cdfc6c5f795c,122,4.066667,22,0.194566,0.997952,0.8484
75f77a82-0d57-4ea5-bfe7-cdfc6c5f795c,122,4.066667,23,0.376168,0.953343,0.8563
75f77a82-0d57-4ea5-bfe7-cdfc6c5f795c,123,4.100000,1,0.313849,0.998148,0.8465
75f77a82-0d57-4ea5-bfe7-cdfc6c5f795c,123,4.100000,2,0.972147,0.997723,0.8556
75f77a82-0d57-4ea5-bfe7-cdfc6c5f795c,123,4.100000,3,0.220298,0.690316,0.6957
75f77a82-0d57-4ea5-bfe7-cdfc6c5f795c,123,4.100000,4,0.477982,0.998148,0.8254
75f77a82-0d57-4ea5-bfe7-cdfc6c5f795c,123,4.100000,5,0.788437,0.692351,0.5023
75f77a82-0d57-4ea5-bfe7-cdfc6c5f795c,123,4.100000,6,0.702265,0.863378,0.7896
75f77a82-0d57-4ea5-bfe7-cdfc6c5f795c,123,4.100000,7,0.756492,0.774622,0.2928
75f77a82-0d57-4ea5-bfe7-cdfc6c5f795c,123,4.100000,9,0.170674,0.713774,0.7330
75f77a82-0d57-4ea5-bfe7-cdfc6c5f795c,123,4.100000,13,0.256197,0.678116,0.1750
75f77a82-0d57-4ea5-bfe7-cdfc6c5f795c,123,4.100000,14,0.092792,0.991696,0.8305
75f77a82-0d57-4ea5-bfe7-cdfc6c5f795c,123,4.100000,15,0.658628,0.753818,0.5330
75f77a82-0d57-4ea5-bfe7-cdfc6c5f795c,123,4.100000,18,0.568064,0.618532,0.1836
75f77a82-0d57-4ea5-bfe7-cdfc6c5f795c,123,4.100000,20,0.571401,0.957532,0.9020
75f77a82-0d57-4ea5-bfe7-cdfc6c5f795c,123,4.100000,22,0.213094,0.997813,0.8240
75f77a82-0d57-4ea5-bfe7-cdfc6c5f795c,123,4.100000,23,0.376668,0.953263,0.8587
75f77a82-0d57-4ea5-bfe7-cdfc6c5f795c,124,4.133333,1,0.314569,0.997163,0.8326
75f77a82-0d57-4ea5-bfe7-cdfc6c5f795c,124,4.133333,2,0.972486,0.997518,0.8552
75f77a82-0d57-4ea5-bfe7-cdfc6c5f795c,124,4.133333,3,0.221514,0.688184,0.6708
75f77a82-0d57-4ea5-bfe7-cdfc6c5f795c,124,4.133333,4,0.478790,0.998148,0.8221
75f77a82-0d57-4ea5-bfe7-cdfc6c5f795c,124,4.133333,5,0.788561,0.692092,0.4814
75f77a82-0d57-4ea5-bfe7-cdfc6c5f795c,124,4.133333,6,0.704615,0.865148,0.7679
75f77a82-0d57-4ea5-bfe7-cdfc6c5f795c,124,4.133333,7,0.755945,0.772719,0.2484
75f77a82-0d57-4ea5-bfe7-cdfc6c5f795c,124,4.133333,9,0.169846,0.720634,0.7382
75f77a82-0d57-4ea5-bfe7-cdfc6c5f795c,124,4.133333,13,0.256193,0.673660,0.2381
75f77a82-0d57-4ea5-bfe7-cdfc6c5f795c,124,4.133333,14,0.094289,0.991357,0.8394
75f77a82-0d57-4ea5-bfe7-cdfc6c5f795c,124,4.133333,15,0.656441,0.821014,0.6018
75f77a82-0d57-4ea5-bfe7-cdfc6c5f795c,124,4.133333,20,0.571323,0.956038,0.8976
75f77a82-0d57-4ea5-bfe7-cdfc6c5f795c,124,4.133333,22,0.227533,0.996213,0.8391
75f77a82-0d57-4ea5-bfe7-cdfc6c5f795c,124,4.133333,23,0.377186,0.952756,0.8444
75f77a82-0d57-4ea5-bfe7-cdfc6c5f795c,125,4.166667,1,0.317137,0.987653,0.8121
75f77a82-0d57-4ea5-bfe7-cdfc6c5f795c,125,4.166667,2,0.972802,0.996955,0.8553
75f77a82-0d57-4ea5-bfe7-cdfc6c5f795c,125,4.166667,3,0.220779,0.689226,0.6292
75f77a82-0d57-4ea5-bfe7-cdfc6c5f795c,125,4.166667,4,0.478127,0.998148,0.8462
75f77a82-0d57-4ea5-bfe7-cdfc6c5f795c,125,4.166667,5,0.788353,0.690619,0.4898
75f77a82-0d57-4ea5-bfe7-cdfc6c5f795c,125,4.166667,6,0.706158,0.866395,0.7820
75f77a82-0d57-4ea5-bfe7-cdfc6c5f795c,125,4.166667,7,0.758138,0.768794,0.1906
75f77a82-0d57-4ea5-bfe7-cdfc6c5f795c,125,4.166667,9,0.168523,0.710467,0.7026
75f77a82-0d57-4ea5-bfe7-cdfc6c5f795c,125,4.166667,13,0.256229,0.673928,0.2358
75f77a82-0d57-4ea5-bfe7-cdfc6c5f795c,125,4.166667,14,0.095314,0.989886,0.8474
75f77a82-0d57-4ea5-bfe7-cdfc6c5f795c,125,4.166667,15,0.654288,0.823135,0.6220
75f77a82-0d57-4ea5-bfe7-cdfc6c5f795c,125,4.166667,20,0.571031,0.955160,0.8985
75f77a82-0d57-4ea5-bfe7-cdfc6c5f795c,125,4.166667,22,0.242912,0.996854,0.8552
75f77a82-0d57-4ea5-bfe7-cdfc6c5f795c,125,4.166667,23,0.378378,0.947740,0.8053
75f77a82-0d57-4ea5-bfe7-cdfc6c5f795c,126,4.200000,1,0.317499,0.943429,0.7388
75f77a82-0d57-4ea5-bfe7-cdfc6c5f795c,126,4.200000,2,0.972862,0.997016,0.8498
75f77a82-0d57-4ea5-bfe7-cdfc6c5f795c,126,4.200000,3,0.226761,0.686981,0.5485
75f77a82-0d57-4ea5-bfe7-cdfc6c5f795c,126,4.200000,4,0.478687,0.998148,0.8561
75f77a82-0d57-4ea5-bfe7-cdfc6c5f795c,126,4.200000,5,0.789111,0.694674,0.5147
75f77a82-0d57-4ea5-bfe7-cdfc6c5f795c,126,4.200000,6,0.707553,0.861251,0.8020
75f77a82-0d57-4ea5-bfe7-cdfc6c5f795c,126,4.200000,7,0.761075,0.765635,0.1990
75f77a82-0d57-4ea5-bfe7-cdfc6c5f795c,126,4.200000,9,0.166280,0.706147,0.6770
75f77a82-0d57-4ea5-bfe7-cdfc6c5f795c,126,4.200000,13,0.256515,0.673012,0.2271
75f77a82-0d57-4ea5-bfe7-cdfc6c5f795c,126,4.200000,14,0.096265,0.992152,0.8741
75f77a82-0d57-4ea5-bfe7-cdfc6c5f795c,126,4.200000,15,0.653467,0.827270,0.6400
75f77a82-0d57-4ea5-bfe7-cdfc6c5f795c,126,4.200000,20,0.570440,0.957905,0.8950
75f77a82-0d57-4ea5-bfe7-cdfc6c5f795c,126,4.200000,22,0.261562,0.994125,0.8425
75f77a82-0d57-4ea5-bfe7-cdfc6c5f795c,126,4.200000,23,0.379478,0.942248,0.7887
75f77a82-0d57-4ea5-bfe7-cdfc6c5f795c,127,4.233333,1,0.316683,0.884616,0.5281
75f77a82-0d57-4ea5-bfe7-cdfc6c5f795c,127,4.233333,2,0.972826,0.996972,0.8502
75f77a82-0d57-4ea5-bfe7-cdfc6c5f795c,127,4.233333,3,0.230849,0.684783,0.5311
75f77a82-0d57-4ea5-bfe7-cdfc6c5f795c,127,4.233333,4,0.479579,0.998148,0.8758
75f77a82-0d57-4ea5-bfe7-cdfc6c5f795c,127,4.233333,5,0.788545,0.690979,0.5148
75f77a82-0d57-4ea5-bfe7-cdfc6c5f795c,127,4.233333,6,0.707421,0.864304,0.8029
75f77a82-0d57-4ea5-bfe7-cdfc6c5f795c,127,4.233333,7,0.762046,0.763403,0.2144
75f77a82-0d57-4ea5-bfe7-cdfc6c5f795c,127,4.233333,9,0.162603,0.690550,0.5996
75f77a82-0d57-4ea5-bfe7-cdfc6c5f795c,127,4.233333,13,0.257155,0.672005,0.1760
75f77a82-0d57-4ea5-bfe7-cdfc6c5f795c,127,4.233333,14,0.097606,0.992772,0.8836
75f77a82-0d57-4ea5-bfe7-cdfc6c5f795c,127,4.233333,15,0.650604,0.827823,0.7060
75f77a82-0d57-4ea5-bfe7-cdfc6c5f795c,127,4.233333,20,0.569822,0.957085,0.8946
75f77a82-0d57-4ea5-bfe7-cdfc6c5f795c,127,4.233333,22,0.266705,0.994090,0.8373
75f77a82-0d57-4ea5-bfe7-cdfc6c5f795c,127,4.233333,23,0.381883,0.940873,0.8048
75f77a82-0d57-4ea5-bfe7-cdfc6c5f795c,128,4.266667,1,0.319833,0.888860,0.2450
75f77a82-0d57-4ea5-bfe7-cdfc6c5f795c,128,4.266667,2,0.972816,0.997127,0.8485
75f77a82-0d57-4ea5-bfe7-cdfc6c5f795c,128,4.266667,3,0.231683,0.683274,0.6032
75f77a82-0d57-4ea5-bfe7-cdfc6c5f795c,128,4.266667,4,0.480599,0.998148,0.8787
75f77a82-0d57-4ea5-bfe7-cdfc6c5f795c,128,4.266667,5,0.788542,0.691896,0.5470
75f77a82-0d57-4ea5-bfe7-cdfc6c5f795c,128,4.266667,6,0.709384,0.863321,0.8090
75f77a82-0d57-4ea5-bfe7-cdfc6c5f795c,128,4.266667,7,0.761801,0.762051,0.2926
75f77a82-0d57-4ea5-bfe7-cdfc6c5f795c,128,4.266667,9,0.161235,0.683771,0.5541
75f77a82-0d57-4ea5-bfe7-cdfc6c5f795c,128,4.266667,13,0.257766,0.668789,0.1479
75f77a82-0d57-4ea5-bfe7-cdfc6c5f795c,128,4.266667,14,0.099621,0.993852,0.8826
75f77a82-0d57-4ea5-bfe7-cdfc6c5f795c,128,4.266667,15,0.648977,0.828131,0.6780
75f77a82-0d57-4ea5-bfe7-cdfc6c5f795c,128,4.266667,20,0.569352,0.957910,0.9026
75f77a82-0d57-4ea5-bfe7-cdfc6c5f795c,128,4.266667,22,0.284809,0.996480,0.8380
75f77a82-0d57-4ea5-bfe7-cdfc6c5f795c,128,4.266667,23,0.384929,0.941732,0.8313
75f77a82-0d57-4ea5-bfe7-cdfc6c5f795c,129,4.300000,1,0.304775,0.759591,0.4912
75f77a82-0d57-4ea5-bfe7-cdfc6c5f795c,129,4.300000,2,0.972537,0.996627,0.8424
75f77a82-0d57-4ea5-bfe7-cdfc6c5f795c,129,4.300000,3,0.231699,0.682720,0.5563
75f77a82-0d57-4ea5-bfe7-cdfc6c5f795c,129,4.300000,4,0.480087,0.998148,0.8689
75f77a82-0d57-4ea5-bfe7-cdfc6c5f795c,129,4.300000,5,0.788212,0.692405,0.5443
75f77a82-0d57-4ea5-bfe7-cdfc6c5f795c,129,4.300000,6,0.709165,0.860315,0.8011
75f77a82-0d57-4ea5-bfe7-cdfc6c5f795c,129,4.300000,7,0.767422,0.660035,0.1209
75f77a82-0d57-4ea5-bfe7-cdfc6c5f795c,129,4.300000,9,0.158739,0.676399,0.4862
75f77a82-0d57-4ea5-bfe7-cdfc6c5f795c,129,4.300000,10,0.760534,0.760095,0.2912
75f77a82-0d57-4ea5-bfe7-cdfc6c5f795c,129,4.300000,13,0.260698,0.667744,0.1387
75f77a82-0d57-4ea5-bfe7-cdfc6c5f795c,129,4.300000,14,0.099723,0.993941,0.8819
75f77a82-0d57-4ea5-bfe7-cdfc6c5f795c,129,4.300000,15,0.651023,0.828139,0.7089
75f77a82-0d57-4ea5-bfe7-cdfc6c5f795c,129,4.300000,17,0.386269,0.924682,0.7713
75f77a82-0d57-4ea5-bfe7-cdfc6c5f795c,129,4.300000,20,0.568702,0.957131,0.9028
75f77a82-0d57-4ea5-bfe7-cdfc6c5f795c,129,4.300000,21,0.217777,0.878262,0.3554
75f77a82-0d57-4ea5-bfe7-cdfc6c5f795c,129,4.300000,22,0.207683,0.976326,0.5739
75f77a82-0d57-4ea5-bfe7-cdfc6c5f795c,129,4.300000,23,0.296881,0.996639,0.8376
75f77a82-0d57-4ea5-bfe7-cdfc6c5f795c,130,4.333333,1,0.297628,0.863699,0.7007
75f77a82-0d57-4ea5-bfe7-cdfc6c5f795c,130,4.333333,2,0.972444,0.996683,0.8457
75f77a82-0d57-4ea5-bfe7-cdfc6c5f795c,130,4.333333,3,0.231658,0.682470,0.5512
75f77a82-0d57-4ea5-bfe7-cdfc6c5f795c,130,4.333333,4,0.479202,0.998148,0.8604
75f77a82-0d57-4ea5-bfe7-cdfc6c5f795c,130,4.333333,5,0.788080,0.693273,0.5890
75f77a82-0d57-4ea5-bfe7-cdfc6c5f795c,130,4.333333,6,0.709546,0.856136,0.7788
75f77a82-0d57-4ea5-bfe7-cdfc6c5f795c,130,4.333333,7,0.766842,0.653904,0.1593
75f77a82-0d57-4ea5-bfe7-cdfc6c5f795c,130,4.333333,9,0.156372,0.663218,0.4338
75f77a82-0d57-4ea5-bfe7-cdfc6c5f795c,130,4.333333,10,0.758163,0.761947,0.2932
75f77a82-0d57-4ea5-bfe7-cdfc6c5f795c,130,4.333333,13,0.260840,0.665017,0.1349
75f77a82-0d57-4ea5-bfe7-cdfc6c5f795c,130,4.333333,14,0.100586,0.992139,0.8846
75f77a82-0d57-4ea5-bfe7-cdfc6c5f795c,130,4.333333,15,0.651222,0.826113,0.7836
75f77a82-0d57-4ea5-bfe7-cdfc6c5f795c,130,4.333333,17,0.387693,0.897873,0.6678
75f77a82-0d57-4ea5-bfe7-cdfc6c5f795c,130,4.333333,20,0.567823,0.955687,0.9003
75f77a82-0d57-4ea5-bfe7-cdfc6c5f795c,130,4.333333,21,0.218723,0.887909,0.6326
75f77a82-0d57-4ea5-bfe7-cdfc6c5f795c,130,4.333333,22,0.313516,0.997533,0.8133
75f77a82-0d57-4ea5-bfe7-cdfc6c5f795c,131,4.366667,1,0.296608,0.898456,0.8068
75f77a82-0d57-4ea5-bfe7-cdfc6c5f795c,131,4.366667,2,0.972088,0.997317,0.8421
75f77a82-0d57-4ea5-bfe7-cdfc6c5f795c,131,4.366667,3,0.230604,0.683007,0.5268
75f77a82-0d57-4ea5-bfe7-cdfc6c5f795c,131,4.366667,4,0.479190,0.998148,0.8599
75f77a82-0d57-4ea5-bfe7-cdfc6c5f795c,131,4.366667,5,0.787686,0.693626,0.6040
75f77a82-0d57-4ea5-bfe7-cdfc6c5f795c,131,4.366667,6,0.711114,0.857170,0.7780
75f77a82-0d57-4ea5-bfe7-cdfc6c5f795c,131,4.366667,7,0.766863,0.654231,0.1453
75f77a82-0d57-4ea5-bfe7-cdfc6c5f795c,131,4.366667,9,0.158173,0.681086,0.3386
75f77a82-0d57-4ea5-bfe7-cdfc6c5f795c,131,4.366667,10,0.758346,0.760605,0.2755
75f77a82-0d57-4ea5-bfe7-cdfc6c5f795c,131,4.366667,13,0.261456,0.663217,0.1899
75f77a82-0d57-4ea5-bfe7-cdfc6c5f795c,131,4.366667,14,0.101395,0.993395,0.8864
75f77a82-0d57-4ea5-bfe7-cdfc6c5f795c,131,4.366667,15,0.650053,0.827714,0.7829
75f77a82-0d57-4ea5-bfe7-cdfc6c5f795c,131,4.366667,17,0.390416,0.832163,0.5259
75f77a82-0d57-4ea5-bfe7-cdfc6c5f795c,131,4.366667,18,0.573566,0.608949,0.1374
75f77a82-0d57-4ea5-bfe7-cdfc6c5f795c,131,4.366667,20,0.567082,0.958579,0.8954
75f77a82-0d57-4ea5-bfe7-cdfc6c5f795c,131,4.366667,21,0.219937,0.950856,0.6123
75f77a82-0d57-4ea5-bfe7-cdfc6c5f795c,131,4.366667,22,0.335525,0.996398,0.8292
75f77a82-0d57-4ea5-bfe7-cdfc6c5f795c,132,4.400000,1,0.298221,0.931223,0.8473
75f77a82-0d57-4ea5-bfe7-cdfc6c5f795c,132,4.400000,2,0.971797,0.997254,0.8469
75f77a82-0d57-4ea5-bfe7-cdfc6c5f795c,132,4.400000,3,0.230899,0.682824,0.5516
75f77a82-0d57-4ea5-bfe7-cdfc6c5f795c,132,4.400000,4,0.481646,0.994250,0.8689
75f77a82-0d57-4ea5-bfe7-cdfc6c5f795c,132,4.400000,5,0.788241,0.693778,0.5851
75f77a82-0d57-4ea5-bfe7-cdfc6c5f795c,132,4.400000,6,0.712307,0.855691,0.7636
75f77a82-0d57-4ea5-bfe7-cdfc6c5f795c,132,4.400000,7,0.767219,0.654047,0.1531
75f77a82-0d57-4ea5-bfe7-cdfc6c5f795c,132,4.400000,9,0.158439,0.689542,0.2405
75f77a82-0d57-4ea5-bfe7-cdfc6c5f795c,132,4.400000,10,0.758996,0.757998,0.1670
75f77a82-0d57-4ea5-bfe7-cdfc6c5f795c,132,4.400000,13,0.262136,0.655906,0.3406
75f77a82-0d57-4ea5-bfe7-cdfc6c5f795c,132,4.400000,14,0.101230,0.993765,0.8949
75f77a82-0d57-4ea5-bfe7-cdfc6c5f795c,132,4.400000,15,0.649098,0.829195,0.7762
75f77a82-0d57-4ea5-bfe7-cdfc6c5f795c,132,4.400000,17,0.393273,0.766890,0.2381
75f77a82-0d57-4ea5-bfe7-cdfc6c5f795c,132,4.400000,20,0.566610,0.957287,0.8798
75f77a82-0d57-4ea5-bfe7-cdfc6c5f795c,132,4.400000,21,0.220515,0.946371,0.7257
75f77a82-0d57-4ea5-bfe7-cdfc6c5f795c,132,4.400000,22,0.345199,0.996495,0.8125
75f77a82-0d57-4ea5-bfe7-cdfc6c5f795c,133,4.433333,1,0.299535,0.936015,0.8498
75f77a82-0d57-4ea5-bfe7-cdfc6c5f795c,133,4.433333,2,0.971616,0.997135,0.8443
75f77a82-0d57-4ea5-bfe7-cdfc6c5f795c,133,4.433333,3,0.232611,0.680607,0.5570
75f77a82-0d57-4ea5-bfe7-cdfc6c5f795c,133,4.433333,4,0.481914,0.995399,0.8630
75f77a82-0d57-4ea5-bfe7-cdfc6c5f795c,133,4.433333,5,0.788310,0.692137,0.6236
75f77a82-0d57-4ea5-bfe7-cdfc6c5f795c,133,4.433333,6,0.712412,0.853970,0.7813
75f77a82-0d57-4ea5-bfe7-cdfc6c5f795c,133,4.433333,9,0.144549,0.613899,0.4390
75f77a82-0d57-4ea5-bfe7-cdfc6c5f795c,133,4.433333,10,0.758541,0.757993,0.1981
75f77a82-0d57-4ea5-bfe7-cdfc6c5f795c,133,4.433333,13,0.262186,0.655932,0.3840
75f77a82-0d57-4ea5-bfe7-cdfc6c5f795c,133,4.433333,14,0.101180,0.994329,0.8895
75f77a82-0d57-4ea5-bfe7-cdfc6c5f795c,133,4.433333,15,0.648049,0.818809,0.7446
75f77a82-0d57-4ea5-bfe7-cdfc6c5f795c,133,4.433333,17,0.381631,0.679717,0.1617
75f77a82-0d57-4ea5-bfe7-cdfc6c5f795c,133,4.433333,20,0.566077,0.960715,0.8750
75f77a82-0d57-4ea5-bfe7-cdfc6c5f795c,133,4.433333,21,0.221901,0.939631,0.7054
75f77a82-0d57-4ea5-bfe7-cdfc6c5f795c,133,4.433333,22,0.369546,0.995559,0.7567
75f77a82-0d57-4ea5-bfe7-cdfc6c5f795c,133,4.433333,23,0.394331,0.761503,0.3449
75f77a82-0d57-4ea5-bfe7-cdfc6c5f795c,134,4.466667,1,0.301462,0.963610,0.8439
75f77a82-0d57-4ea5-bfe7-cdfc6c5f795c,134,4.466667,2,0.971308,0.997126,0.8446
75f77a82-0d57-4ea5-bfe7-cdfc6c5f795c,134,4.466667,3,0.233454,0.680731,0.5697
75f77a82-0d57-4ea5-bfe7-cdfc6c5f795c,134,4.466667,4,0.480232,0.994410,0.8368
75f77a82-0d57-4ea5-bfe7-cdfc6c5f795c,134,4.466667,5,0.788923,0.691944,0.6116
75f77a82-0d57-4ea5-bfe7-cdfc6c5f795c,134,4.466667,6,0.712381,0.852480,0.7813
75f77a82-0d57-4ea5-bfe7-cdfc6c5f795c,134,4.466667,9,0.170799,0.630277,0.2419
75f77a82-0d57-4ea5-bfe7-cdfc6c5f795c,134,4.466667,10,0.757187,0.763381,0.1616
75f77a82-0d57-4ea5-bfe7-cdfc6c5f795c,134,4.466667,13,0.262425,0.662136,0.3412
75f77a82-0d57-4ea5-bfe7-cdfc6c5f795c,134,4.466667,14,0.101384,0.994590,0.8931
75f77a82-0d57-4ea5-bfe7-cdfc6c5f795c,134,4.466667,15,0.646239,0.816375,0.7670
75f77a82-0d57-4ea5-bfe7-cdfc6c5f795c,134,4.466667,17,0.382463,0.684184,0.2875
75f77a82-0d57-4ea5-bfe7-cdfc6c5f795c,134,4.466667,20,0.564821,0.960757,0.8656
75f77a82-0d57-4ea5-bfe7-cdfc6c5f795c,134,4.466667,21,0.221240,0.939882,0.6477
75f77a82-0d57-4ea5-bfe7-cdfc6c5f795c,134,4.466667,22,0.380181,0.996927,0.7793
75f77a82-0d57-4ea5-bfe7-cdfc6c5f795c,134,4.466667,23,0.394766,0.755711,0.1540
75f77a82-0d57-4ea5-bfe7-cdfc6c5f795c,135,4.500000,1,0.302394,0.974448,0.8722
75f77a82-0d57-4ea5-bfe7-cdfc6c5f795c,135,4.500000,2,0.971186,0.996852,0.8466
75f77a82-0d57-4ea5-bfe7-cdfc6c5f795c,135,4.500000,3,0.233451,0.680768,0.5521
75f77a82-0d57-4ea5-bfe7-cdfc6c5f795c,135,4.500000,4,0.479100,0.982430,0.8025
75f77a82-0d57-4ea5-bfe7-cdfc6c5f795c,135,4.500000,5,0.789615,0.691015,0.5660
75f77a82-0d57-4ea5-bfe7-cdfc6c5f795c,135,4.500000,6,0.713194,0.852624,0.7942
75f77a82-0d57-4ea5-bfe7-cdfc6c5f795c,135,4.500000,9,0.172496,0.631361,0.2709
75f77a82-0d57-4ea5-bfe7-cdfc6c5f795c,135,4.500000,10,0.758854,0.749800,0.1589
75f77a82-0d57-4ea5-bfe7-cdfc6c5f795c,135,4.500000,13,0.265038,0.660295,0.2832
75f77a82-0d57-4ea5-bfe7-cdfc6c5f795c,135,4.500000,14,0.101726,0.994469,0.8974
75f77a82-0d57-4ea5-bfe7-cdfc6c5f795c,135,4.500000,15,0.646097,0.819484,0.7724
75f77a82-0d57-4ea5-bfe7-cdfc6c5f795c,135,4.500000,17,0.383833,0.688800,0.3431
75f77a82-0d57-4ea5-bfe7-cdfc6c5f795c,135,4.500000,20,0.564274,0.961112,0.8749
75f77a82-0d57-4ea5-bfe7-cdfc6c5f795c,135,4.500000,21,0.217463,0.943111,0.5659
75f77a82-0d57-4ea5-bfe7-cdfc6c5f795c,135,4.500000,22,0.405148,0.996627,0.8008
75f77a82-0d57-4ea5-bfe7-cdfc6c5f795c,135,4.500000,23,0.397186,0.752653,0.1289
75f77a82-0d57-4ea5-bfe7-cdfc6c5f795c,136,4.533333,1,0.303716,0.980580,0.8805
75f77a82-0d57-4ea5-bfe7-cdfc6c5f795c,136,4.533333,2,0.971137,0.996682,0.8422
75f77a82-0d57-4ea5-bfe7-cdfc6c5f795c,136,4.533333,3,0.234168,0.680798,0.5929
75f77a82-0d57-4ea5-bfe7-cdfc6c5f795c,136,4.533333,4,0.474205,0.939894,0.7677
75f77a82-0d57-4ea5-bfe7-cdfc6c5f795c,136,4.533333,5,0.789459,0.694448,0.5499
75f77a82-0d57-4ea5-bfe7-cdfc6c5f795c,136,4.533333,6,0.713529,0.851469,0.7896
75f77a82-0d57-4ea5-bfe7-cdfc6c5f795c,136,4.533333,9,0.176110,0.670088,0.4126
75f77a82-0d57-4ea5-bfe7-cdfc6c5f795c,136,4.533333,10,0.758851,0.746614,0.1462
75f77a82-0d57-4ea5-bfe7-cdfc6c5f795c,136,4.533333,13,0.265191,0.656732,0.3335
75f77a82-0d57-4ea5-bfe7-cdfc6c5f795c,136,4.533333,14,0.102251,0.994320,0.8970
75f77a82-0d57-4ea5-bfe7-cdfc6c5f795c,136,4.533333,15,0.645051,0.817678,0.7517
75f77a82-0d57-4ea5-bfe7-cdfc6c5f795c,136,4.533333,17,0.385761,0.691943,0.4030
75f77a82-0d57-4ea5-bfe7-cdfc6c5f795c,136,4.533333,18,0.573822,0.610245,0.1487
75f77a82-0d57-4ea5-bfe7-cdfc6c5f795c,136,4.533333,20,0.563075,0.959171,0.8751
75f77a82-0d57-4ea5-bfe7-cdfc6c5f795c,136,4.533333,21,0.218532,0.939370,0.5568
75f77a82-0d57-4ea5-bfe7-cdfc6c5f795c,136,4.533333,22,0.425483,0.995080,0.7696
75f77a82-0d57-4ea5-bfe7-cdfc6c5f795c,136,4.533333,23,0.395639,0.767133,0.1363
75f77a82-0d57-4ea5-bfe7-cdfc6c5f795c,137,4.566667,1,0.307169,0.995294,0.8952
75f77a82-0d57-4ea5-bfe7-cdfc6c5f795c,137,4.566667,2,0.971095,0.997169,0.8444
75f77a82-0d57-4ea5-bfe7-cdfc6c5f795c,137,4.566667,3,0.234284,0.680383,0.5955
75f77a82-0d57-4ea5-bfe7-cdfc6c5f795c,137,4.566667,4,0.468742,0.948357,0.7551
75f77a82-0d57-4ea5-bfe7-cdfc6c5f795c,137,4.566667,5,0.789329,0.691886,0.5466
75f77a82-0d57-4ea5-bfe7-cdfc6c5f795c,137,4.566667,6,0.713678,0.850237,0.8068
75f77a82-0d57-4ea5-bfe7-cdfc6c5f795c,137,4.566667,9,0.173352,0.659809,0.4090
75f77a82-0d57-4ea5-bfe7-cdfc6c5f795c,137,4.566667,13,0.265088,0.653687,0.3766
75f77a82-0d57-4ea5-bfe7-cdfc6c5f795c,137,4.566667,14,0.102701,0.994356,0.8954
75f77a82-0d57-4ea5-bfe7-cdfc6c5f795c,137,4.566667,15,0.642511,0.813296,0.7378
75f77a82-0d57-4ea5-bfe7-cdfc6c5f795c,137,4.566667,17,0.387807,0.692208,0.4455
75f77a82-0d57-4ea5-bfe7-cdfc6c5f795c,137,4.566667,18,0.574000,0.609031,0.1376
75f77a82-0d57-4ea5-bfe7-cdfc6c5f795c,137,4.566667,20,0.563203,0.959215,0.8687
75f77a82-0d57-4ea5-bfe7-cdfc6c5f795c,137,4.566667,21,0.218037,0.939003,0.6257
75f77a82-0d57-4ea5-bfe7-cdfc6c5f795c,137,4.566667,22,0.440117,0.996420,0.7949
75f77a82-0d57-4ea5-bfe7-cdfc6c5f795c,138,4.600000,1,0.309498,0.998148,0.8995
75f77a82-0d57-4ea5-bfe7-cdfc6c5f795c,138,4.600000,2,0.971179,0.997039,0.8541
75f77a82-0d57-4ea5-bfe7-cdfc6c5f795c,138,4.600000,3,0.235000,0.679397,0.6277
75f77a82-0d57-4ea5-bfe7-cdfc6c5f795c,138,4.600000,4,0.457607,0.861274,0.5638
75f77a82-0d57-4ea5-bfe7-cdfc6c5f795c,138,4.600000,5,0.788911,0.692970,0.6039
75f77a82-0d57-4ea5-bfe7-cdfc6c5f795c,138,4.600000,6,0.715837,0.851186,0.8112
75f77a82-0d57-4ea5-bfe7-cdfc6c5f795c,138,4.600000,9,0.173234,0.668182,0.4737
75f77a82-0d57-4ea5-bfe7-cdfc6c5f795c,138,4.600000,10,0.755704,0.746719,0.1232
75f77a82-0d57-4ea5-bfe7-cdfc6c5f795c,138,4.600000,13,0.264164,0.650021,0.4451
75f77a82-0d57-4ea5-bfe7-cdfc6c5f795c,138,4.600000,14,0.103470,0.994202,0.8981
75f77a82-0d57-4ea5-bfe7-cdfc6c5f795c,138,4.600000,15,0.642696,0.813034,0.7799
75f77a82-0d57-4ea5-bfe7-cdfc6c5f795c,138,4.600000,17,0.388230,0.696043,0.3975
75f77a82-0d57-4ea5-bfe7-cdfc6c5f795c,138,4.600000,18,0.574373,0.608457,0.1428
75f77a82-0d57-4ea5-bfe7-cdfc6c5f795c,138,4.600000,20,0.562816,0.956271,0.8563
75f77a82-0d57-4ea5-bfe7-cdfc6c5f795c,138,4.600000,21,0.219880,0.940240,0.6273
75f77a82-0d57-4ea5-bfe7-cdfc6c5f795c,138,4.600000,22,0.457131,0.996609,0.8068
75f77a82-0d57-4ea5-bfe7-cdfc6c5f795c,138,4.600000,23,0.391366,0.824544,0.1325
75f77a82-0d57-4ea5-bfe7-cdfc6c5f795c,139,4.633333,1,0.309821,0.998148,0.8989
75f77a82-0d57-4ea5-bfe7-cdfc6c5f795c,139,4.633333,2,0.971296,0.997780,0.8593
75f77a82-0d57-4ea5-bfe7-cdfc6c5f795c,139,4.633333,3,0.236191,0.679474,0.6302
75f77a82-0d57-4ea5-bfe7-cdfc6c5f795c,139,4.633333,4,0.449214,0.842245,0.6571
75f77a82-0d57-4ea5-bfe7-cdfc6c5f795c,139,4.633333,5,0.787819,0.692881,0.6221
75f77a82-0d57-4ea5-bfe7-cdfc6c5f795c,139,4.633333,6,0.716011,0.850684,0.7962
75f77a82-0d57-4ea5-bfe7-cdfc6c5f795c,139,4.633333,9,0.170130,0.633628,0.4082
75f77a82-0d57-4ea5-bfe7-cdfc6c5f795c,139,4.633333,10,0.747142,0.805959,0.1420
75f77a82-0d57-4ea5-bfe7-cdfc6c5f795c,139,4.633333,13,0.263670,0.651001,0.4754
75f77a82-0d57-4ea5-bfe7-cdfc6c5f795c,139,4.633333,14,0.103850,0.994251,0.8939
75f77a82-0d57-4ea5-bfe7-cdfc6c5f795c,139,4.633333,15,0.641356,0.813277,0.8018
75f77a82-0d57-4ea5-bfe7-cdfc6c5f795c,139,4.633333,17,0.389198,0.700143,0.3709
75f77a82-0d57-4ea5-bfe7-cdfc6c5f795c,139,4.633333,18,0.574541,0.608718,0.1345
75f77a82-0d57-4ea5-bfe7-cdfc6c5f795c,139,4.633333,20,0.562172,0.935342,0.8229
75f77a82-0d57-4ea5-bfe7-cdfc6c5f795c,139,4.633333,21,0.220523,0.940382,0.5238
75f77a82-0d57-4ea5-bfe7-cdfc6c5f795c,139,4.633333,22,0.470381,0.997579,0.8499
75f77a82-0d57-4ea5-bfe7-cdfc6c5f795c,140,4.666667,1,0.309840,0.998148,0.9026
75f77a82-0d57-4ea5-bfe7-cdfc6c5f795c,140,4.666667,2,0.971602,0.997731,0.8590
75f77a82-0d57-4ea5-bfe7-cdfc6c5f795c,140,4.666667,3,0.237232,0.679254,0.6422
75f77a82-0d57-4ea5-bfe7-cdfc6c5f795c,140,4.666667,4,0.448036,0.933144,0.6133
75f77a82-0d57-4ea5-bfe7-cdfc6c5f795c,140,4.666667,5,0.787638,0.691427,0.6466
75f77a82-0d57-4ea5-bfe7-cdfc6c5f795c,140,4.666667,6,0.715314,0.849524,0.7904
75f77a82-0d57-4ea5-bfe7-cdfc6c5f795c,140,4.666667,9,0.169183,0.632225,0.4281
75f77a82-0d57-4ea5-bfe7-cdfc6c5f795c,140,4.666667,10,0.746142,0.808357,0.3040
75f77a82-0d57-4ea5-bfe7-cdfc6c5f795c,140,4.666667,13,0.262516,0.650101,0.4818
75f77a82-0d57-4ea5-bfe7-cdfc6c5f795c,140,4.666667,14,0.104013,0.994084,0.8887
75f77a82-0d57-4ea5-bfe7-cdfc6c5f795c,140,4.666667,15,0.640282,0.813887,0.8079
75f77a82-0d57-4ea5-bfe7-cdfc6c5f795c,140,4.666667,17,0.390747,0.703278,0.3102
75f77a82-0d57-4ea5-bfe7-cdfc6c5f795c,140,4.666667,18,0.575076,0.608086,0.1378
75f77a82-0d57-4ea5-bfe7-cdfc6c5f795c,140,4.666667,20,0.562190,0.925826,0.7564
75f77a82-0d57-4ea5-bfe7-cdfc6c5f795c,140,4.666667,21,0.219258,0.937061,0.5100
75f77a82-0d57-4ea5-bfe7-cdfc6c5f795c,140,4.666667,22,0.486477,0.997743,0.8498
75f77a82-0d57-4ea5-bfe7-cdfc6c5f795c,140,4.666667,23,0.397679,0.910740,0.1743
75f77a82-0d57-4ea5-bfe7-cdfc6c5f795c,141,4.700000,1,0.310860,0.997618,0.9001
75f77a82-0d57-4ea5-bfe7-cdfc6c5f795c,141,4.700000,2,0.971963,0.997273,0.8561
75f77a82-0d57-4ea5-bfe7-cdfc6c5f795c,141,4.700000,3,0.238393,0.679261,0.6111
75f77a82-0d57-4ea5-bfe7-cdfc6c5f795c,141,4.700000,4,0.456345,0.934244,0.6988
75f77a82-0d57-4ea5-bfe7-cdfc6c5f795c,141,4.700000,5,0.787677,0.690641,0.6707
75f77a82-0d57-4ea5-bfe7-cdfc6c5f795c,141,4.700000,6,0.712518,0.848401,0.7834
75f77a82-0d57-4ea5-bfe7-cdfc6c5f795c,141,4.700000,9,0.169233,0.632779,0.4534
75f77a82-0d57-4ea5-bfe7-cdfc6c5f795c,141,4.700000,10,0.746690,0.814162,0.3249
75f77a82-0d57-4ea5-bfe7-cdfc6c5f795c,141,4.700000,13,0.261166,0.646530,0.4890
75f77a82-0d57-4ea5-bfe7-cdfc6c5f795c,141,4.700000,14,0.105058,0.993626,0.8846
75f77a82-0d57-4ea5-bfe7-cdfc6c5f795c,141,4.700000,15,0.640350,0.806205,0.7994
75f77a82-0d57-4ea5-bfe7-cdfc6c5f795c,141,4.700000,17,0.391153,0.709276,0.2893
75f77a82-0d57-4ea5-bfe7-cdfc6c5f795c,141,4.700000,20,0.561931,0.989116,0.7030
75f77a82-0d57-4ea5-bfe7-cdfc6c5f795c,141,4.700000,21,0.220020,0.936622,0.5096
75f77a82-0d57-4ea5-bfe7-cdfc6c5f795c,141,4.700000,22,0.493965,0.998148,0.7804
75f77a82-0d57-4ea5-bfe7-cdfc6c5f795c,141,4.700000,23,0.394095,0.893692,0.2516
75f77a82-0d57-4ea5-bfe7-cdfc6c5f795c,142,4.733333,1,0.310669,0.993040,0.8967
75f77a82-0d57-4ea5-bfe7-cdfc6c5f795c,142,4.733333,2,0.972545,0.996975,0.8541
75f77a82-0d57-4ea5-bfe7-cdfc6c5f795c,142,4.733333,3,0.239914,0.678470,0.5915
75f77a82-0d57-4ea5-bfe7-cdfc6c5f795c,142,4.733333,4,0.456638,0.935385,0.7183
75f77a82-0d57-4ea5-bfe7-cdfc6c5f795c,142,4.733333,5,0.788197,0.693052,0.6973
75f77a82-0d57-4ea5-bfe7-cdfc6c5f795c,142,4.733333,6,0.710600,0.848590,0.7823
75f77a82-0d57-4ea5-bfe7-cdfc6c5f795c,142,4.733333,9,0.168839,0.631798,0.4626
75f77a82-0d57-4ea5-bfe7-cdfc6c5f795c,142,4.733333,10,0.746460,0.816274,0.5168
75f77a82-0d57-4ea5-bfe7-cdfc6c5f795c,142,4.733333,13,0.260537,0.647914,0.4878
75f77a82-0d57-4ea5-bfe7-cdfc6c5f795c,142,4.733333,14,0.106121,0.993770,0.8792
75f77a82-0d57-4ea5-bfe7-cdfc6c5f795c,142,4.733333,15,0.639963,0.801169,0.8049
75f77a82-0d57-4ea5-bfe7-cdfc6c5f795c,142,4.733333,17,0.391210,0.711429,0.2956
75f77a82-0d57-4ea5-bfe7-cdfc6c5f795c,142,4.733333,20,0.563105,0.825807,0.7613
75f77a82-0d57-4ea5-bfe7-cdfc6c5f795c,142,4.733333,21,0.222022,0.936838,0.4557
75f77a82-0d57-4ea5-bfe7-cdfc6c5f795c,142,4.733333,22,0.513105,0.998148,0.8405
75f77a82-0d57-4ea5-bfe7-cdfc6c5f795c,142,4.733333,23,0.394861,0.904779,0.1830
75f77a82-0d57-4ea5-bfe7-cdfc6c5f795c,143,4.766667,1,0.309858,0.992803,0.8882
75f77a82-0d57-4ea5-bfe7-cdfc6c5f795c,143,4.766667,2,0.973084,0.996900,0.8460
75f77a82-0d57-4ea5-bfe7-cdfc6c5f795c,143,4.766667,3,0.240317,0.678037,0.5831
75f77a82-0d57-4ea5-bfe7-cdfc6c5f795c,143,4.766667,4,0.448104,0.940078,0.6826
75f77a82-0d57-4ea5-bfe7-cdfc6c5f795c,143,4.766667,5,0.788997,0.691664,0.6685
75f77a82-0d57-4ea5-bfe7-cdfc6c5f795c,143,4.766667,6,0.711017,0.849645,0.7752
75f77a82-0d57-4ea5-bfe7-cdfc6c5f795c,143,4.766667,9,0.168583,0.631493,0.4727
75f77a82-0d57-4ea5-bfe7-cdfc6c5f795c,143,4.766667,10,0.746723,0.820752,0.5251
75f77a82-0d57-4ea5-bfe7-cdfc6c5f795c,143,4.766667,13,0.259538,0.646833,0.4643
75f77a82-0d57-4ea5-bfe7-cdfc6c5f795c,143,4.766667,14,0.106755,0.993762,0.8802
75f77a82-0d57-4ea5-bfe7-cdfc6c5f795c,143,4.766667,15,0.639145,0.803058,0.7817
75f77a82-0d57-4ea5-bfe7-cdfc6c5f795c,143,4.766667,17,0.390446,0.710856,0.4108
75f77a82-0d57-4ea5-bfe7-cdfc6c5f795c,143,4.766667,20,0.562815,0.791472,0.5741
75f77a82-0d57-4ea5-bfe7-cdfc6c5f795c,143,4.766667,21,0.223423,0.935954,0.4170
75f77a82-0d57-4ea5-bfe7-cdfc6c5f795c,143,4.766667,22,0.529491,0.998148,0.8066
75f77a82-0d57-4ea5-bfe7-cdfc6c5f795c,143,4.766667,23,0.393866,0.893120,0.1569
75f77a82-0d57-4ea5-bfe7-cdfc6c5f795c,144,4.800000,1,0.309986,0.993952,0.8906
75f77a82-0d57-4ea5-bfe7-cdfc6c5f795c,144,4.800000,2,0.973479,0.997395,0.8345
75f77a82-0d57-4ea5-bfe7-cdfc6c5f795c,144,4.800000,3,0.244253,0.677673,0.5455
75f77a82-0d57-4ea5-bfe7-cdfc6c5f795c,144,4.800000,4,0.451009,0.950766,0.8102
75f77a82-0d57-4ea5-bfe7-cdfc6c5f795c,144,4.800000,5,0.789174,0.691955,0.6476
75f77a82-0d57-4ea5-bfe7-cdfc6c5f795c,144,4.800000,6,0.710883,0.848789,0.7796
75f77a82-0d57-4ea5-bfe7-cdfc6c5f795c,144,4.800000,7,0.770631,0.680937,0.1342
75f77a82-0d57-4ea5-bfe7-cdfc6c5f795c,144,4.800000,9,0.168611,0.631197,0.4686
75f77a82-0d57-4ea5-bfe7-cdfc6c5f795c,144,4.800000,10,0.746660,0.815640,0.4471
75f77a82-0d57-4ea5-bfe7-cdfc6c5f795c,144,4.800000,13,0.258755,0.644683,0.4407
75f77a82-0d57-4ea5-bfe7-cdfc6c5f795c,144,4.800000,14,0.106980,0.993727,0.8839
75f77a82-0d57-4ea5-bfe7-cdfc6c5f795c,144,4.800000,15,0.638695,0.794706,0.7766
75f77a82-0d57-4ea5-bfe7-cdfc6c5f795c,144,4.800000,17,0.390091,0.710581,0.3931
75f77a82-0d57-4ea5-bfe7-cdfc6c5f795c,144,4.800000,20,0.562557,0.720202,0.7080
75f77a82-0d57-4ea5-bfe7-cdfc6c5f795c,144,4.800000,21,0.224293,0.934715,0.4150
75f77a82-0d57-4ea5-bfe7-cdfc6c5f795c,144,4.800000,22,0.541982,0.998148,0.8449
75f77a82-0d57-4ea5-bfe7-cdfc6c5f795c,145,4.833333,1,0.309315,0.993898,0.8884
75f77a82-0d57-4ea5-bfe7-cdfc6c5f795c,145,4.833333,2,0.973912,0.997650,0.8348
75f77a82-0d57-4ea5-bfe7-cdfc6c5f795c,145,4.833333,3,0.246690,0.678075,0.6931
75f77a82-0d57-4ea5-bfe7-cdfc6c5f795c,145,4.833333,4,0.450832,0.947707,0.8437
75f77a82-0d57-4ea5-bfe7-cdfc6c5f795c,145,4.833333,5,0.790036,0.692994,0.6593
75f77a82-0d57-4ea5-bfe7-cdfc6c5f795c,145,4.833333,6,0.679607,0.807397,0.4302
75f77a82-0d57-4ea5-bfe7-cdfc6c5f795c,145,4.833333,7,0.747813,0.815076,0.4061
75f77a82-0d57-4ea5-bfe7-cdfc6c5f795c,145,4.833333,9,0.168684,0.631268,0.4501
75f77a82-0d57-4ea5-bfe7-cdfc6c5f795c,145,4.833333,10,0.714981,0.848316,0.7885
75f77a82-0d57-4ea5-bfe7-cdfc6c5f795c,145,4.833333,13,0.257580,0.639437,0.1590
75f77a82-0d57-4ea5-bfe7-cdfc6c5f795c,145,4.833333,14,0.108071,0.993339,0.8813
75f77a82-0d57-4ea5-bfe7-cdfc6c5f795c,145,4.833333,15,0.638264,0.796287,0.7641
75f77a82-0d57-4ea5-bfe7-cdfc6c5f795c,145,4.833333,17,0.389556,0.711304,0.3334
75f77a82-0d57-4ea5-bfe7-cdfc6c5f795c,145,4.833333,20,0.561136,0.716034,0.7714
75f77a82-0d57-4ea5-bfe7-cdfc6c5f795c,145,4.833333,21,0.225835,0.931995,0.5090
75f77a82-0d57-4ea5-bfe7-cdfc6c5f795c,145,4.833333,22,0.553816,0.998148,0.8419
75f77a82-0d57-4ea5-bfe7-cdfc6c5f795c,146,4.866667,1,0.307989,0.994563,0.8840
75f77a82-0d57-4ea5-bfe7-cdfc6c5f795c,146,4.866667,2,0.974108,0.997629,0.8357
75f77a82-0d57-4ea5-bfe7-cdfc6c5f795c,146,4.866667,3,0.246771,0.678243,0.7043
75f77a82-0d57-4ea5-bfe7-cdfc6c5f795c,146,4.866667,4,0.455225,0.944649,0.8522
75f77a82-0d57-4ea5-bfe7-cdfc6c5f795c,146,4.866667,5,0.789996,0.692051,0.6631
75f77a82-0d57-4ea5-bfe7-cdfc6c5f795c,146,4.866667,6,0.714090,0.849780,0.7692
75f77a82-0d57-4ea5-bfe7-cdfc6c5f795c,146,4.866667,7,0.762582,0.773069,0.1219
75f77a82-0d57-4ea5-bfe7-cdfc6c5f795c,146,4.866667,9,0.168598,0.631621,0.4512
75f77a82-0d57-4ea5-bfe7-cdfc6c5f795c,146,4.866667,10,0.748599,0.813953,0.4332
75f77a82-0d57-4ea5-bfe7-cdfc6c5f795c,146,4.866667,14,0.109170,0.992704,0.8741
75f77a82-0d57-4ea5-bfe7-cdfc6c5f795c,146,4.866667,15,0.637709,0.814758,0.7483
75f77a82-0d57-4ea5-bfe7-cdfc6c5f795c,146,4.866667,17,0.388762,0.714664,0.4154
75f77a82-0d57-4ea5-bfe7-cdfc6c5f795c,146,4.866667,20,0.559720,0.723480,0.7373
75f77a82-0d57-4ea5-bfe7-cdfc6c5f795c,146,4.866667,21,0.227691,0.931645,0.6186
75f77a82-0d57-4ea5-bfe7-cdfc6c5f795c,146,4.866667,22,0.562916,0.998148,0.8284
75f77a82-0d57-4ea5-bfe7-cdfc6c5f795c,147,4.900000,1,0.307904,0.978774,0.8759
75f77a82-0d57-4ea5-bfe7-cdfc6c5f795c,147,4.900000,2,0.974339,0.997344,0.8376
75f77a82-0d57-4ea5-bfe7-cdfc6c5f795c,147,4.900000,3,0.247829,0.679731,0.7176
75f77a82-0d57-4ea5-bfe7-cdfc6c5f795c,147,4.900000,4,0.455534,0.959429,0.8662
75f77a82-0d57-4ea5-bfe7-cdfc6c5f795c,147,4.900000,5,0.788924,0.690200,0.6490
75f77a82-0d57-4ea5-bfe7-cdfc6c5f795c,147,4.900000,6,0.715502,0.849347,0.7623
75f77a82-0d57-4ea5-bfe7-cdfc6c5f795c,147,4.900000,7,0.769040,0.675222,0.2448
75f77a82-0d57-4ea5-bfe7-cdfc6c5f795c,147,4.900000,9,0.168462,0.631602,0.4323
75f77a82-0d57-4ea5-bfe7-cdfc6c5f795c,147,4.900000,10,0.749282,0.818403,0.4504
75f77a82-0d57-4ea5-bfe7-cdfc6c5f795c,147,4.900000,14,0.109617,0.992042,0.8644
75f77a82-0d57-4ea5-bfe7-cdfc6c5f795c,147,4.900000,15,0.638058,0.807073,0.7751
75f77a82-0d57-4ea5-bfe7-cdfc6c5f795c,147,4.900000,17,0.388352,0.713560,0.4608
75f77a82-0d57-4ea5-bfe7-cdfc6c5f795c,147,4.900000,20,0.560618,0.737316,0.8164
75f77a82-0d57-4ea5-bfe7-cdfc6c5f795c,147,4.900000,21,0.227785,0.930938,0.6289
75f77a82-0d57-4ea5-bfe7-cdfc6c5f795c,147,4.900000,22,0.571198,0.998148,0.8485
75f77a82-0d57-4ea5-bfe7-cdfc6c5f795c,148,4.933333,1,0.307133,0.984773,0.8872
75f77a82-0d57-4ea5-bfe7-cdfc6c5f795c,148,4.933333,2,0.974490,0.996814,0.8406
75f77a82-0d57-4ea5-bfe7-cdfc6c5f795c,148,4.933333,3,0.248961,0.681631,0.7158
75f77a82-0d57-4ea5-bfe7-cdfc6c5f795c,148,4.933333,4,0.457959,0.981095,0.8845
75f77a82-0d57-4ea5-bfe7-cdfc6c5f795c,148,4.933333,5,0.788616,0.689954,0.5927
75f77a82-0d57-4ea5-bfe7-cdfc6c5f795c,148,4.933333,6,0.718086,0.850225,0.7585
75f77a82-0d57-4ea5-bfe7-cdfc6c5f795c,148,4.933333,7,0.769493,0.674970,0.2187
75f77a82-0d57-4ea5-bfe7-cdfc6c5f795c,148,4.933333,9,0.168153,0.629954,0.4423
75f77a82-0d57-4ea5-bfe7-cdfc6c5f795c,148,4.933333,10,0.751387,0.818805,0.3795
75f77a82-0d57-4ea5-bfe7-cdfc6c5f795c,148,4.933333,14,0.109257,0.991855,0.8711
75f77a82-0d57-4ea5-bfe7-cdfc6c5f795c,148,4.933333,15,0.637985,0.800602,0.7865
75f77a82-0d57-4ea5-bfe7-cdfc6c5f795c,148,4.933333,17,0.388099,0.714384,0.4240
75f77a82-0d57-4ea5-bfe7-cdfc6c5f795c,148,4.933333,20,0.558916,0.760312,0.7997
75f77a82-0d57-4ea5-bfe7-cdfc6c5f795c,148,4.933333,21,0.228219,0.929891,0.7016
75f77a82-0d57-4ea5-bfe7-cdfc6c5f795c,148,4.933333,22,0.595484,0.998148,0.7769
75f77a82-0d57-4ea5-bfe7-cdfc6c5f795c,149,4.966667,1,0.306599,0.981463,0.8956
75f77a82-0d57-4ea5-bfe7-cdfc6c5f795c,149,4.966667,2,0.974642,0.997225,0.8385
75f77a82-0d57-4ea5-bfe7-cdfc6c5f795c,149,4.966667,3,0.249674,0.681632,0.6578
75f77a82-0d57-4ea5-bfe7-cdfc6c5f795c,149,4.966667,4,0.459903,0.984941,0.8893
75f77a82-0d57-4ea5-bfe7-cdfc6c5f795c,149,4.966667,5,0.789359,0.689653,0.5643
75f77a82-0d57-4ea5-bfe7-cdfc6c5f795c,149,4.966667,6,0.719061,0.862059,0.7492
75f77a82-0d57-4ea5-bfe7-cdfc6c5f795c,149,4.966667,7,0.769835,0.677695,0.2832
75f77a82-0d57-4ea5-bfe7-cdfc6c5f795c,149,4.966667,9,0.168916,0.630827,0.4149
75f77a82-0d57-4ea5-bfe7-cdfc6c5f795c,149,4.966667,10,0.755412,0.817527,0.3209
75f77a82-0d57-4ea5-bfe7-cdfc6c5f795c,149,4.966667,14,0.109510,0.992015,0.8687
75f77a82-0d57-4ea5-bfe7-cdfc6c5f795c,149,4.966667,15,0.637692,0.773385,0.7385
75f77a82-0d57-4ea5-bfe7-cdfc6c5f795c,149,4.966667,17,0.388702,0.715324,0.4002
75f77a82-0d57-4ea5-bfe7-cdfc6c5f795c,149,4.966667,20,0.559794,0.780033,0.8157
75f77a82-0d57-4ea5-bfe7-cdfc6c5f795c,149,4.966667,21,0.228405,0.929120,0.6969
75f77a82-0d57-4ea5-bfe7-cdfc6c5f795c,149,4.966667,22,0.605356,0.998148,0.8154
75f77a82-0d57-4ea5-bfe7-cdfc6c5f795c,150,5.000000,1,0.306107,0.984581,0.9006
75f77a82-0d57-4ea5-bfe7-cdfc6c5f795c,150,5.000000,2,0.974670,0.996332,0.8388
75f77a82-0d57-4ea5-bfe7-cdfc6c5f795c,150,5.000000,3,0.247943,0.684718,0.7207
75f77a82-0d57-4ea5-bfe7-cdfc6c5f795c,150,5.000000,4,0.462305,0.988415,0.8857
75f77a82-0d57-4ea5-bfe7-cdfc6c5f795c,150,5.000000,5,0.789172,0.689726,0.5324
75f77a82-0d57-4ea5-bfe7-cdfc6c5f795c,150,5.000000,6,0.722694,0.850047,0.7705
75f77a82-0d57-4ea5-bfe7-cdfc6c5f795c,150,5.000000,7,0.770497,0.677027,0.2554
75f77a82-0d57-4ea5-bfe7-cdfc6c5f795c,150,5.000000,9,0.169880,0.631124,0.3916
75f77a82-0d57-4ea5-bfe7-cdfc6c5f795c,150,5.000000,10,0.756474,0.817253,0.2912
75f77a82-0d57-4ea5-bfe7-cdfc6c5f795c,150,5.000000,14,0.109401,0.992081,0.8665
75f77a82-0d57-4ea5-bfe7-cdfc6c5f795c,150,5.000000,15,0.637367,0.728062,0.8085
75f77a82-0d57-4ea5-bfe7-cdfc6c5f795c,150,5.000000,17,0.388260,0.717643,0.3898
75f77a82-0d57-4ea5-bfe7-cdfc6c5f795c,150,5.000000,20,0.562154,0.802891,0.8233
75f77a82-0d57-4ea5-bfe7-cdfc6c5f795c,150,5.000000,21,0.228888,0.929095,0.6798
75f77a82-0d57-4ea5-bfe7-cdfc6c5f795c,150,5.000000,22,0.613995,0.998148,0.8162
75f77a82-0d57-4ea5-bfe7-cdfc6c5f795c,151,5.033333,1,0.306095,0.984838,0.9012
75f77a82-0d57-4ea5-bfe7-cdfc6c5f795c,151,5.033333,2,0.974664,0.996001,0.8325
75f77a82-0d57-4ea5-bfe7-cdfc6c5f795c,151,5.033333,3,0.249498,0.683268,0.6853
75f77a82-0d57-4ea5-bfe7-cdfc6c5f795c,151,5.033333,4,0.461633,0.988004,0.8844
75f77a82-0d57-4ea5-bfe7-cdfc6c5f795c,151,5.033333,5,0.789764,0.689209,0.5506
75f77a82-0d57-4ea5-bfe7-cdfc6c5f795c,151,5.033333,6,0.724751,0.844031,0.7911
75f77a82-0d57-4ea5-bfe7-cdfc6c5f795c,151,5.033333,7,0.770974,0.675339,0.3153
75f77a82-0d57-4ea5-bfe7-cdfc6c5f795c,151,5.033333,9,0.170675,0.630668,0.3853
75f77a82-0d57-4ea5-bfe7-cdfc6c5f795c,151,5.033333,10,0.757159,0.816333,0.3121
75f77a82-0d57-4ea5-bfe7-cdfc6c5f795c,151,5.033333,14,0.110196,0.992182,0.8643
75f77a82-0d57-4ea5-bfe7-cdfc6c5f795c,151,5.033333,15,0.637336,0.726788,0.8531
75f77a82-0d57-4ea5-bfe7-cdfc6c5f795c,151,5.033333,17,0.387267,0.713588,0.3655
75f77a82-0d57-4ea5-bfe7-cdfc6c5f795c,151,5.033333,20,0.561888,0.807056,0.6932
75f77a82-0d57-4ea5-bfe7-cdfc6c5f795c,151,5.033333,21,0.229136,0.929451,0.6099
75f77a82-0d57-4ea5-bfe7-cdfc6c5f795c,151,5.033333,22,0.622705,0.998148,0.8381
75f77a82-0d57-4ea5-bfe7-cdfc6c5f795c,152,5.066667,1,0.306075,0.983395,0.9009
75f77a82-0d57-4ea5-bfe7-cdfc6c5f795c,152,5.066667,2,0.974665,0.994949,0.8247
75f77a82-0d57-4ea5-bfe7-cdfc6c5f795c,152,5.066667,3,0.246701,0.685225,0.7534
75f77a82-0d57-4ea5-bfe7-cdfc6c5f795c,152,5.066667,4,0.462512,0.989090,0.8814
75f77a82-0d57-4ea5-bfe7-cdfc6c5f795c,152,5.066667,5,0.790146,0.689165,0.4806
75f77a82-0d57-4ea5-bfe7-cdfc6c5f795c,152,5.066667,6,0.680276,0.723922,0.4787
75f77a82-0d57-4ea5-bfe7-cdfc6c5f795c,152,5.066667,7,0.771026,0.675661,0.3064
75f77a82-0d57-4ea5-bfe7-cdfc6c5f795c,152,5.066667,9,0.171075,0.628868,0.2652
75f77a82-0d57-4ea5-bfe7-cdfc6c5f795c,152,5.066667,10,0.727102,0.842533,0.7669
75f77a82-0d57-4ea5-bfe7-cdfc6c5f795c,152,5.066667,14,0.112178,0.992493,0.8570
75f77a82-0d57-4ea5-bfe7-cdfc6c5f795c,152,5.066667,15,0.636844,0.730016,0.8564
75f77a82-0d57-4ea5-bfe7-cdfc6c5f795c,152,5.066667,17,0.387184,0.715445,0.3624
75f77a82-0d57-4ea5-bfe7-cdfc6c5f795c,152,5.066667,20,0.563735,0.947717,0.7394
75f77a82-0d57-4ea5-bfe7-cdfc6c5f795c,152,5.066667,21,0.230646,0.925955,0.5327
75f77a82-0d57-4ea5-bfe7-cdfc6c5f795c,152,5.066667,22,0.635703,0.998148,0.8012
75f77a82-0d57-4ea5-bfe7-cdfc6c5f795c,153,5.100000,1,0.306081,0.981132,0.9041
75f77a82-0d57-4ea5-bfe7-cdfc6c5f795c,153,5.100000,2,0.974389,0.993664,0.8224
75f77a82-0d57-4ea5-bfe7-cdfc6c5f795c,153,5.100000,3,0.247011,0.685477,0.7580
75f77a82-0d57-4ea5-bfe7-cdfc6c5f795c,153,5.100000,4,0.461692,0.989063,0.8788
75f77a82-0d57-4ea5-bfe7-cdfc6c5f795c,153,5.100000,5,0.789845,0.688437,0.4922
75f77a82-0d57-4ea5-bfe7-cdfc6c5f795c,153,5.100000,6,0.722888,0.838116,0.7439
75f77a82-0d57-4ea5-bfe7-cdfc6c5f795c,153,5.100000,7,0.771538,0.675486,0.2949
75f77a82-0d57-4ea5-bfe7-cdfc6c5f795c,153,5.100000,10,0.754675,0.815743,0.2420
75f77a82-0d57-4ea5-bfe7-cdfc6c5f795c,153,5.100000,14,0.113860,0.994184,0.8504
75f77a82-0d57-4ea5-bfe7-cdfc6c5f795c,153,5.100000,15,0.636811,0.734589,0.8540
75f77a82-0d57-4ea5-bfe7-cdfc6c5f795c,153,5.100000,17,0.387069,0.712153,0.3863
75f77a82-0d57-4ea5-bfe7-cdfc6c5f795c,153,5.100000,20,0.565204,0.967448,0.8676
75f77a82-0d57-4ea5-bfe7-cdfc6c5f795c,153,5.100000,21,0.231994,0.925062,0.5186
75f77a82-0d57-4ea5-bfe7-cdfc6c5f795c,153,5.100000,22,0.648434,0.998148,0.8287
75f77a82-0d57-4ea5-bfe7-cdfc6c5f795c,154,5.133333,1,0.306287,0.982755,0.9074
75f77a82-0d57-4ea5-bfe7-cdfc6c5f795c,154,5.133333,2,0.974441,0.992940,0.8084
75f77a82-0d57-4ea5-bfe7-cdfc6c5f795c,154,5.133333,3,0.246143,0.684706,0.7822
75f77a82-0d57-4ea5-bfe7-cdfc6c5f795c,154,5.133333,4,0.460549,0.988263,0.8896
75f77a82-0d57-4ea5-bfe7-cdfc6c5f795c,154,5.133333,5,0.790087,0.686247,0.5294
75f77a82-0d57-4ea5-bfe7-cdfc6c5f795c,154,5.133333,6,0.682146,0.728130,0.4316
75f77a82-0d57-4ea5-bfe7-cdfc6c5f795c,154,5.133333,7,0.771003,0.673460,0.2459
75f77a82-0d57-4ea5-bfe7-cdfc6c5f795c,154,5.133333,10,0.722650,0.821443,0.7684
75f77a82-0d57-4ea5-bfe7-cdfc6c5f795c,154,5.133333,14,0.114492,0.994010,0.8486
75f77a82-0d57-4ea5-bfe7-cdfc6c5f795c,154,5.133333,15,0.636642,0.741338,0.8598
75f77a82-0d57-4ea5-bfe7-cdfc6c5f795c,154,5.133333,17,0.386944,0.712961,0.3999
75f77a82-0d57-4ea5-bfe7-cdfc6c5f795c,154,5.133333,20,0.567462,0.971024,0.8934
75f77a82-0d57-4ea5-bfe7-cdfc6c5f795c,154,5.133333,21,0.232674,0.925446,0.4422
75f77a82-0d57-4ea5-bfe7-cdfc6c5f795c,154,5.133333,22,0.660990,0.997884,0.8176
75f77a82-0d57-4ea5-bfe7-cdfc6c5f795c,155,5.166667,1,0.306465,0.984654,0.9098
75f77a82-0d57-4ea5-bfe7-cdfc6c5f795c,155,5.166667,2,0.974281,0.992692,0.8048
75f77a82-0d57-4ea5-bfe7-cdfc6c5f795c,155,5.166667,3,0.245059,0.684819,0.7486
75f77a82-0d57-4ea5-bfe7-cdfc6c5f795c,155,5.166667,4,0.460999,0.986100,0.8882
75f77a82-0d57-4ea5-bfe7-cdfc6c5f795c,155,5.166667,5,0.790099,0.685939,0.5244
75f77a82-0d57-4ea5-bfe7-cdfc6c5f795c,155,5.166667,6,0.680210,0.730825,0.4230
75f77a82-0d57-4ea5-bfe7-cdfc6c5f795c,155,5.166667,7,0.770357,0.674421,0.1596
75f77a82-0d57-4ea5-bfe7-cdfc6c5f795c,155,5.166667,10,0.720650,0.818139,0.7892
75f77a82-0d57-4ea5-bfe7-cdfc6c5f795c,155,5.166667,14,0.114439,0.995324,0.8552
75f77a82-0d57-4ea5-bfe7-cdfc6c5f795c,155,5.166667,15,0.636815,0.758379,0.8477
75f77a82-0d57-4ea5-bfe7-cdfc6c5f795c,155,5.166667,17,0.386982,0.712955,0.3905
75f77a82-0d57-4ea5-bfe7-cdfc6c5f795c,155,5.166667,20,0.567480,0.967732,0.9036
75f77a82-0d57-4ea5-bfe7-cdfc6c5f795c,155,5.166667,21,0.233361,0.926190,0.3930
75f77a82-0d57-4ea5-bfe7-cdfc6c5f795c,155,5.166667,22,0.679322,0.998148,0.8379
75f77a82-0d57-4ea5-bfe7-cdfc6c5f795c,156,5.200000,1,0.307149,0.981521,0.9131
75f77a82-0d57-4ea5-bfe7-cdfc6c5f795c,156,5.200000,2,0.974531,0.991575,0.7926
75f77a82-0d57-4ea5-bfe7-cdfc6c5f795c,156,5.200000,3,0.244019,0.685068,0.7298
75f77a82-0d57-4ea5-bfe7-cdfc6c5f795c,156,5.200000,4,0.460982,0.986637,0.8900
75f77a82-0d57-4ea5-bfe7-cdfc6c5f795c,156,5.200000,5,0.790267,0.684876,0.5238
75f77a82-0d57-4ea5-bfe7-cdfc6c5f795c,156,5.200000,6,0.679921,0.733721,0.4330
75f77a82-0d57-4ea5-bfe7-cdfc6c5f795c,156,5.200000,7,0.767924,0.670622,0.1465
75f77a82-0d57-4ea5-bfe7-cdfc6c5f795c,156,5.200000,10,0.719698,0.809478,0.7864
75f77a82-0d57-4ea5-bfe7-cdfc6c5f795c,156,5.200000,14,0.116236,0.995566,0.8592
75f77a82-0d57-4ea5-bfe7-cdfc6c5f795c,156,5.200000,15,0.636684,0.767552,0.8359
75f77a82-0d57-4ea5-bfe7-cdfc6c5f795c,156,5.200000,17,0.386763,0.712529,0.3829
75f77a82-0d57-4ea5-bfe7-cdfc6c5f795c,156,5.200000,20,0.568666,0.964155,0.9059
75f77a82-0d57-4ea5-bfe7-cdfc6c5f795c,156,5.200000,21,0.234720,0.922800,0.4518
75f77a82-0d57-4ea5-bfe7-cdfc6c5f795c,156,5.200000,22,0.690818,0.998148,0.7867
75f77a82-0d57-4ea5-bfe7-cdfc6c5f795c,157,5.233333,1,0.307564,0.982590,0.9105
75f77a82-0d57-4ea5-bfe7-cdfc6c5f795c,157,5.233333,2,0.974505,0.991003,0.7842
75f77a82-0d57-4ea5-bfe7-cdfc6c5f795c,157,5.233333,3,0.245294,0.686103,0.7024
75f77a82-0d57-4ea5-bfe7-cdfc6c5f795c,157,5.233333,4,0.460909,0.985581,0.8829
75f77a82-0d57-4ea5-bfe7-cdfc6c5f795c,157,5.233333,5,0.790171,0.683039,0.5090
75f77a82-0d57-4ea5-bfe7-cdfc6c5f795c,157,5.233333,6,0.679716,0.737371,0.4041
75f77a82-0d57-4ea5-bfe7-cdfc6c5f795c,157,5.233333,7,0.766169,0.675737,0.1584
75f77a82-0d57-4ea5-bfe7-cdfc6c5f795c,157,5.233333,10,0.720542,0.770545,0.8156
75f77a82-0d57-4ea5-bfe7-cdfc6c5f795c,157,5.233333,14,0.114652,0.995390,0.8720
75f77a82-0d57-4ea5-bfe7-cdfc6c5f795c,157,5.233333,15,0.636432,0.780667,0.8221
75f77a82-0d57-4ea5-bfe7-cdfc6c5f795c,157,5.233333,17,0.386558,0.711779,0.3512
75f77a82-0d57-4ea5-bfe7-cdfc6c5f795c,157,5.233333,20,0.569997,0.958610,0.9023
75f77a82-0d57-4ea5-bfe7-cdfc6c5f795c,157,5.233333,21,0.235955,0.922861,0.4659
75f77a82-0d57-4ea5-bfe7-cdfc6c5f795c,157,5.233333,22,0.707418,0.998148,0.8380
75f77a82-0d57-4ea5-bfe7-cdfc6c5f795c,158,5.266667,1,0.308049,0.983174,0.9042
75f77a82-0d57-4ea5-bfe7-cdfc6c5f795c,158,5.266667,2,0.974448,0.990968,0.7770
75f77a82-0d57-4ea5-bfe7-cdfc6c5f795c,158,5.266667,3,0.245591,0.687433,0.6590
75f77a82-0d57-4ea5-bfe7-cdfc6c5f795c,158,5.266667,4,0.461049,0.986187,0.8780
75f77a82-0d57-4ea5-bfe7-cdfc6c5f795c,158,5.266667,5,0.789801,0.683031,0.4790
75f77a82-0d57-4ea5-bfe7-cdfc6c5f795c,158,5.266667,6,0.678837,0.737119,0.4477
75f77a82-0d57-4ea5-bfe7-cdfc6c5f795c,158,5.266667,7,0.766341,0.696039,0.1201
75f77a82-0d57-4ea5-bfe7-cdfc6c5f795c,158,5.266667,10,0.722548,0.751370,0.8027
75f77a82-0d57-4ea5-bfe7-cdfc6c5f795c,158,5.266667,14,0.116822,0.995246,0.8715
75f77a82-0d57-4ea5-bfe7-cdfc6c5f795c,158,5.266667,15,0.636118,0.912952,0.7452
75f77a82-0d57-4ea5-bfe7-cdfc6c5f795c,158,5.266667,17,0.386483,0.710881,0.3066
75f77a82-0d57-4ea5-bfe7-cdfc6c5f795c,158,5.266667,20,0.570689,0.958985,0.9041
75f77a82-0d57-4ea5-bfe7-cdfc6c5f795c,158,5.266667,21,0.236439,0.920345,0.3057
75f77a82-0d57-4ea5-bfe7-cdfc6c5f795c,158,5.266667,22,0.719505,0.998148,0.8162
75f77a82-0d57-4ea5-bfe7-cdfc6c5f795c,159,5.300000,1,0.308398,0.986398,0.9087
75f77a82-0d57-4ea5-bfe7-cdfc6c5f795c,159,5.300000,2,0.974564,0.991743,0.7746
75f77a82-0d57-4ea5-bfe7-cdfc6c5f795c,159,5.300000,3,0.245632,0.687864,0.6453
75f77a82-0d57-4ea5-bfe7-cdfc6c5f795c,159,5.300000,4,0.460326,0.984457,0.8697
75f77a82-0d57-4ea5-bfe7-cdfc6c5f795c,159,5.300000,5,0.789638,0.682077,0.4794
75f77a82-0d57-4ea5-bfe7-cdfc6c5f795c,159,5.300000,6,0.678394,0.745996,0.4857
75f77a82-0d57-4ea5-bfe7-cdfc6c5f795c,159,5.300000,10,0.721158,0.752021,0.8203
75f77a82-0d57-4ea5-bfe7-cdfc6c5f795c,159,5.300000,14,0.119922,0.995301,0.8786
75f77a82-0d57-4ea5-bfe7-cdfc6c5f795c,159,5.300000,15,0.635498,0.924419,0.8464
75f77a82-0d57-4ea5-bfe7-cdfc6c5f795c,159,5.300000,17,0.386385,0.710078,0.2926
75f77a82-0d57-4ea5-bfe7-cdfc6c5f795c,159,5.300000,18,0.562787,0.614693,0.1856
75f77a82-0d57-4ea5-bfe7-cdfc6c5f795c,159,5.300000,20,0.571644,0.957289,0.9034
75f77a82-0d57-4ea5-bfe7-cdfc6c5f795c,159,5.300000,22,0.735870,0.997570,0.8555
75f77a82-0d57-4ea5-bfe7-cdfc6c5f795c,160,5.333333,1,0.309155,0.976632,0.9069
75f77a82-0d57-4ea5-bfe7-cdfc6c5f795c,160,5.333333,2,0.974700,0.990759,0.7676
75f77a82-0d57-4ea5-bfe7-cdfc6c5f795c,160,5.333333,3,0.244695,0.686011,0.6581
75f77a82-0d57-4ea5-bfe7-cdfc6c5f795c,160,5.333333,4,0.460978,0.984328,0.8647
75f77a82-0d57-4ea5-bfe7-cdfc6c5f795c,160,5.333333,5,0.789514,0.683285,0.4341
75f77a82-0d57-4ea5-bfe7-cdfc6c5f795c,160,5.333333,6,0.678205,0.756880,0.4601
75f77a82-0d57-4ea5-bfe7-cdfc6c5f795c,160,5.333333,7,0.766718,0.636515,0.1266
75f77a82-0d57-4ea5-bfe7-cdfc6c5f795c,160,5.333333,10,0.723542,0.758577,0.8007
75f77a82-0d57-4ea5-bfe7-cdfc6c5f795c,160,5.333333,14,0.120426,0.995599,0.8749
75f77a82-0d57-4ea5-bfe7-cdfc6c5f795c,160,5.333333,15,0.635487,0.840918,0.7723
75f77a82-0d57-4ea5-bfe7-cdfc6c5f795c,160,5.333333,17,0.386284,0.709733,0.3164
75f77a82-0d57-4ea5-bfe7-cdfc6c5f795c,160,5.333333,18,0.563906,0.614889,0.1531
75f77a82-0d57-4ea5-bfe7-cdfc6c5f795c,160,5.333333,20,0.572667,0.957934,0.9020
75f77a82-0d57-4ea5-bfe7-cdfc6c5f795c,160,5.333333,22,0.749649,0.998148,0.8551
75f77a82-0d57-4ea5-bfe7-cdfc6c5f795c,161,5.366667,1,0.310061,0.965389,0.9069
75f77a82-0d57-4ea5-bfe7-cdfc6c5f795c,161,5.366667,2,0.974902,0.991658,0.7524
75f77a82-0d57-4ea5-bfe7-cdfc6c5f795c,161,5.366667,3,0.242541,0.687881,0.5932
75f77a82-0d57-4ea5-bfe7-cdfc6c5f795c,161,5.366667,4,0.460176,0.984617,0.8635
75f77a82-0d57-4ea5-bfe7-cdfc6c5f795c,161,5.366667,5,0.789022,0.690174,0.3815
75f77a82-0d57-4ea5-bfe7-cdfc6c5f795c,161,5.366667,6,0.677614,0.779261,0.4291
75f77a82-0d57-4ea5-bfe7-cdfc6c5f795c,161,5.366667,10,0.724334,0.782971,0.7788
75f77a82-0d57-4ea5-bfe7-cdfc6c5f795c,161,5.366667,13,0.243909,0.847849,0.1221
75f77a82-0d57-4ea5-bfe7-cdfc6c5f795c,161,5.366667,14,0.121564,0.994374,0.8715
75f77a82-0d57-4ea5-bfe7-cdfc6c5f795c,161,5.366667,15,0.634580,0.817307,0.7777
75f77a82-0d57-4ea5-bfe7-cdfc6c5f795c,161,5.366667,17,0.386439,0.712097,0.3322
75f77a82-0d57-4ea5-bfe7-cdfc6c5f795c,161,5.366667,18,0.564254,0.614435,0.1248
75f77a82-0d57-4ea5-bfe7-cdfc6c5f795c,161,5.366667,20,0.575255,0.957293,0.9017
75f77a82-0d57-4ea5-bfe7-cdfc6c5f795c,161,5.366667,22,0.763288,0.998148,0.8005
75f77a82-0d57-4ea5-bfe7-cdfc6c5f795c,162,5.400000,1,0.311740,0.959678,0.9065
75f77a82-0d57-4ea5-bfe7-cdfc6c5f795c,162,5.400000,2,0.975183,0.991915,0.7501
75f77a82-0d57-4ea5-bfe7-cdfc6c5f795c,162,5.400000,3,0.242516,0.687765,0.6316
75f77a82-0d57-4ea5-bfe7-cdfc6c5f795c,162,5.400000,4,0.459333,0.982824,0.8663
75f77a82-0d57-4ea5-bfe7-cdfc6c5f795c,162,5.400000,5,0.788803,0.692100,0.3713
75f77a82-0d57-4ea5-bfe7-cdfc6c5f795c,162,5.400000,6,0.676084,0.821969,0.4422
75f77a82-0d57-4ea5-bfe7-cdfc6c5f795c,162,5.400000,10,0.721990,0.810985,0.8115
75f77a82-0d57-4ea5-bfe7-cdfc6c5f795c,162,5.400000,13,0.244160,0.849232,0.1359
75f77a82-0d57-4ea5-bfe7-cdfc6c5f795c,162,5.400000,14,0.121617,0.994237,0.8625
75f77a82-0d57-4ea5-bfe7-cdfc6c5f795c,162,5.400000,15,0.633884,0.845982,0.7719
75f77a82-0d57-4ea5-bfe7-cdfc6c5f795c,162,5.400000,17,0.386258,0.714134,0.3482
75f77a82-0d57-4ea5-bfe7-cdfc6c5f795c,162,5.400000,18,0.563970,0.615122,0.1332
75f77a82-0d57-4ea5-bfe7-cdfc6c5f795c,162,5.400000,20,0.575226,0.956925,0.9053
75f77a82-0d57-4ea5-bfe7-cdfc6c5f795c,162,5.400000,22,0.760701,0.997768,0.7519
75f77a82-0d57-4ea5-bfe7-cdfc6c5f795c,163,5.433333,1,0.313233,0.957301,0.9016
75f77a82-0d57-4ea5-bfe7-cdfc6c5f795c,163,5.433333,2,0.975599,0.991246,0.7371
75f77a82-0d57-4ea5-bfe7-cdfc6c5f795c,163,5.433333,3,0.240880,0.693136,0.5995
75f77a82-0d57-4ea5-bfe7-cdfc6c5f795c,163,5.433333,4,0.458485,0.984488,0.8525
75f77a82-0d57-4ea5-bfe7-cdfc6c5f795c,163,5.433333,5,0.787680,0.691361,0.3896
75f77a82-0d57-4ea5-bfe7-cdfc6c5f795c,163,5.433333,6,0.680487,0.807668,0.4377
75f77a82-0d57-4ea5-bfe7-cdfc6c5f795c,163,5.433333,7,0.767313,0.636818,0.1302
75f77a82-0d57-4ea5-bfe7-cdfc6c5f795c,163,5.433333,10,0.724781,0.808293,0.8099
75f77a82-0d57-4ea5-bfe7-cdfc6c5f795c,163,5.433333,13,0.244590,0.862957,0.1274
75f77a82-0d57-4ea5-bfe7-cdfc6c5f795c,163,5.433333,14,0.134828,0.994705,0.7940
75f77a82-0d57-4ea5-bfe7-cdfc6c5f795c,163,5.433333,15,0.633856,0.817726,0.8025
75f77a82-0d57-4ea5-bfe7-cdfc6c5f795c,163,5.433333,17,0.386240,0.715804,0.3325
75f77a82-0d57-4ea5-bfe7-cdfc6c5f795c,163,5.433333,18,0.563692,0.616116,0.1445
75f77a82-0d57-4ea5-bfe7-cdfc6c5f795c,163,5.433333,20,0.575311,0.957564,0.9005
75f77a82-0d57-4ea5-bfe7-cdfc6c5f795c,163,5.433333,22,0.766381,0.997695,0.7608
75f77a82-0d57-4ea5-bfe7-cdfc6c5f795c,164,5.466667,1,0.315286,0.957263,0.8882
75f77a82-0d57-4ea5-bfe7-cdfc6c5f795c,164,5.466667,2,0.976173,0.993641,0.7401
75f77a82-0d57-4ea5-bfe7-cdfc6c5f795c,164,5.466667,3,0.240330,0.692523,0.5591
75f77a82-0d57-4ea5-bfe7-cdfc6c5f795c,164,5.466667,4,0.457702,0.985442,0.8494
75f77a82-0d57-4ea5-bfe7-cdfc6c5f795c,164,5.466667,5,0.787984,0.691955,0.4350
75f77a82-0d57-4ea5-bfe7-cdfc6c5f795c,164,5.466667,6,0.675409,0.821605,0.4221
75f77a82-0d57-4ea5-bfe7-cdfc6c5f795c,164,5.466667,7,0.767580,0.635677,0.2295
75f77a82-0d57-4ea5-bfe7-cdfc6c5f795c,164,5.466667,10,0.723640,0.815124,0.8193
75f77a82-0d57-4ea5-bfe7-cdfc6c5f795c,164,5.466667,13,0.244139,0.859089,0.1452
75f77a82-0d57-4ea5-bfe7-cdfc6c5f795c,164,5.466667,14,0.136795,0.993962,0.8076
75f77a82-0d57-4ea5-bfe7-cdfc6c5f795c,164,5.466667,15,0.634212,0.821673,0.8307
75f77a82-0d57-4ea5-bfe7-cdfc6c5f795c,164,5.466667,17,0.386032,0.717364,0.3047
75f77a82-0d57-4ea5-bfe7-cdfc6c5f795c,164,5.466667,18,0.563546,0.616005,0.1338
75f77a82-0d57-4ea5-bfe7-cdfc6c5f795c,164,5.466667,20,0.575995,0.957930,0.9024
75f77a82-0d57-4ea5-bfe7-cdfc6c5f795c,164,5.466667,22,0.781067,0.997077,0.7480
75f77a82-0d57-4ea5-bfe7-cdfc6c5f795c,165,5.500000,1,0.316981,0.958813,0.8849
75f77a82-0d57-4ea5-bfe7-cdfc6c5f795c,165,5.500000,2,0.976273,0.994511,0.7377
75f77a82-0d57-4ea5-bfe7-cdfc6c5f795c,165,5.500000,3,0.236610,0.688990,0.5469
75f77a82-0d57-4ea5-bfe7-cdfc6c5f795c,165,5.500000,4,0.456881,0.987649,0.8504
75f77a82-0d57-4ea5-bfe7-cdfc6c5f795c,165,5.500000,5,0.787681,0.692401,0.4369
75f77a82-0d57-4ea5-bfe7-cdfc6c5f795c,165,5.500000,6,0.675965,0.822070,0.4774
75f77a82-0d57-4ea5-bfe7-cdfc6c5f795c,165,5.500000,7,0.769077,0.642217,0.2845
75f77a82-0d57-4ea5-bfe7-cdfc6c5f795c,165,5.500000,10,0.725791,0.825935,0.8097
75f77a82-0d57-4ea5-bfe7-cdfc6c5f795c,165,5.500000,14,0.136785,0.992905,0.8023
75f77a82-0d57-4ea5-bfe7-cdfc6c5f795c,165,5.500000,15,0.634875,0.822201,0.8715
75f77a82-0d57-4ea5-bfe7-cdfc6c5f795c,165,5.500000,17,0.386358,0.716968,0.2834
75f77a82-0d57-4ea5-bfe7-cdfc6c5f795c,165,5.500000,18,0.563798,0.615886,0.1545
75f77a82-0d57-4ea5-bfe7-cdfc6c5f795c,165,5.500000,20,0.576575,0.956825,0.9039
75f77a82-0d57-4ea5-bfe7-cdfc6c5f795c,165,5.500000,22,0.796389,0.997740,0.8153
75f77a82-0d57-4ea5-bfe7-cdfc6c5f795c,166,5.533333,1,0.318649,0.953761,0.8937
75f77a82-0d57-4ea5-bfe7-cdfc6c5f795c,166,5.533333,2,0.976365,0.992693,0.7238
75f77a82-0d57-4ea5-bfe7-cdfc6c5f795c,166,5.533333,3,0.236006,0.687604,0.5239
75f77a82-0d57-4ea5-bfe7-cdfc6c5f795c,166,5.533333,4,0.456121,0.986106,0.8602
75f77a82-0d57-4ea5-bfe7-cdfc6c5f795c,166,5.533333,5,0.789062,0.693256,0.4386
75f77a82-0d57-4ea5-bfe7-cdfc6c5f795c,166,5.533333,6,0.680126,0.811353,0.4662
75f77a82-0d57-4ea5-bfe7-cdfc6c5f795c,166,5.533333,7,0.770296,0.653765,0.2919
75f77a82-0d57-4ea5-bfe7-cdfc6c5f795c,166,5.533333,10,0.726089,0.830000,0.8079
75f77a82-0d57-4ea5-bfe7-cdfc6c5f795c,166,5.533333,14,0.138968,0.992580,0.7936
75f77a82-0d57-4ea5-bfe7-cdfc6c5f795c,166,5.533333,15,0.634289,0.821521,0.8584
75f77a82-0d57-4ea5-bfe7-cdfc6c5f795c,166,5.533333,17,0.386528,0.716126,0.3112
75f77a82-0d57-4ea5-bfe7-cdfc6c5f795c,166,5.533333,18,0.564100,0.615226,0.1531
75f77a82-0d57-4ea5-bfe7-cdfc6c5f795c,166,5.533333,20,0.576564,0.955024,0.9059
75f77a82-0d57-4ea5-bfe7-cdfc6c5f795c,166,5.533333,22,0.808330,0.997115,0.8434
75f77a82-0d57-4ea5-bfe7-cdfc6c5f795c,167,5.566667,1,0.322563,0.950133,0.9054
75f77a82-0d57-4ea5-bfe7-cdfc6c5f795c,167,5.566667,2,0.976330,0.992667,0.7157
75f77a82-0d57-4ea5-bfe7-cdfc6c5f795c,167,5.566667,3,0.239184,0.687496,0.5463
75f77a82-0d57-4ea5-bfe7-cdfc6c5f795c,167,5.566667,4,0.455325,0.987274,0.8604
75f77a82-0d57-4ea5-bfe7-cdfc6c5f795c,167,5.566667,5,0.789836,0.694880,0.3940
75f77a82-0d57-4ea5-bfe7-cdfc6c5f795c,167,5.566667,6,0.670955,0.813109,0.4589
75f77a82-0d57-4ea5-bfe7-cdfc6c5f795c,167,5.566667,7,0.771437,0.684057,0.2728
75f77a82-0d57-4ea5-bfe7-cdfc6c5f795c,167,5.566667,10,0.726519,0.831898,0.8141
75f77a82-0d57-4ea5-bfe7-cdfc6c5f795c,167,5.566667,14,0.149588,0.992213,0.7618
75f77a82-0d57-4ea5-bfe7-cdfc6c5f795c,167,5.566667,15,0.633994,0.823971,0.8578
75f77a82-0d57-4ea5-bfe7-cdfc6c5f795c,167,5.566667,17,0.386520,0.715047,0.3144
75f77a82-0d57-4ea5-bfe7-cdfc6c5f795c,167,5.566667,18,0.563401,0.616992,0.1682
75f77a82-0d57-4ea5-bfe7-cdfc6c5f795c,167,5.566667,20,0.577784,0.952142,0.9049
75f77a82-0d57-4ea5-bfe7-cdfc6c5f795c,167,5.566667,22,0.818495,0.996828,0.8372
75f77a82-0d57-4ea5-bfe7-cdfc6c5f795c,167,5.566667,24,0.051574,0.841829,0.5367
75f77a82-0d57-4ea5-bfe7-cdfc6c5f795c,168,5.600000,1,0.323825,0.949449,0.9097
75f77a82-0d57-4ea5-bfe7-cdfc6c5f795c,168,5.600000,2,0.976208,0.991868,0.6956
75f77a82-0d57-4ea5-bfe7-cdfc6c5f795c,168,5.600000,3,0.236946,0.684945,0.4814
75f77a82-0d57-4ea5-bfe7-cdfc6c5f795c,168,5.600000,4,0.455519,0.988411,0.8623
75f77a82-0d57-4ea5-bfe7-cdfc6c5f795c,168,5.600000,5,0.790623,0.690610,0.3466
75f77a82-0d57-4ea5-bfe7-cdfc6c5f795c,168,5.600000,6,0.670087,0.812815,0.4769
75f77a82-0d57-4ea5-bfe7-cdfc6c5f795c,168,5.600000,7,0.771830,0.680903,0.2981
75f77a82-0d57-4ea5-bfe7-cdfc6c5f795c,168,5.600000,10,0.726596,0.836709,0.8064
75f77a82-0d57-4ea5-bfe7-cdfc6c5f795c,168,5.600000,14,0.154599,0.992562,0.7739
75f77a82-0d57-4ea5-bfe7-cdfc6c5f795c,168,5.600000,15,0.633627,0.827039,0.8013
75f77a82-0d57-4ea5-bfe7-cdfc6c5f795c,168,5.600000,17,0.386672,0.712287,0.2981
75f77a82-0d57-4ea5-bfe7-cdfc6c5f795c,168,5.600000,18,0.563039,0.617401,0.1577
75f77a82-0d57-4ea5-bfe7-cdfc6c5f795c,168,5.600000,20,0.578677,0.956132,0.9060
75f77a82-0d57-4ea5-bfe7-cdfc6c5f795c,168,5.600000,22,0.822578,0.996776,0.8636
75f77a82-0d57-4ea5-bfe7-cdfc6c5f795c,168,5.600000,24,0.051998,0.840415,0.5334
75f77a82-0d57-4ea5-bfe7-cdfc6c5f795c,169,5.633333,1,0.325931,0.947926,0.9121
75f77a82-0d57-4ea5-bfe7-cdfc6c5f795c,169,5.633333,2,0.976032,0.990583,0.6686
75f77a82-0d57-4ea5-bfe7-cdfc6c5f795c,169,5.633333,3,0.233812,0.680870,0.4931
75f77a82-0d57-4ea5-bfe7-cdfc6c5f795c,169,5.633333,4,0.456086,0.990421,0.8625
75f77a82-0d57-4ea5-bfe7-cdfc6c5f795c,169,5.633333,5,0.790653,0.687641,0.3144
75f77a82-0d57-4ea5-bfe7-cdfc6c5f795c,169,5.633333,6,0.669534,0.811181,0.4322
75f77a82-0d57-4ea5-bfe7-cdfc6c5f795c,169,5.633333,7,0.772989,0.682758,0.3003
75f77a82-0d57-4ea5-bfe7-cdfc6c5f795c,169,5.633333,10,0.727548,0.840209,0.7908
75f77a82-0d57-4ea5-bfe7-cdfc6c5f795c,169,5.633333,14,0.156949,0.993174,0.7822
75f77a82-0d57-4ea5-bfe7-cdfc6c5f795c,169,5.633333,15,0.632440,0.840815,0.7576
75f77a82-0d57-4ea5-bfe7-cdfc6c5f795c,169,5.633333,17,0.386591,0.712800,0.2771
75f77a82-0d57-4ea5-bfe7-cdfc6c5f795c,169,5.633333,18,0.563710,0.618460,0.1246
75f77a82-0d57-4ea5-bfe7-cdfc6c5f795c,169,5.633333,20,0.580703,0.957559,0.9066
75f77a82-0d57-4ea5-bfe7-cdfc6c5f795c,169,5.633333,22,0.836111,0.997106,0.8631
75f77a82-0d57-4ea5-bfe7-cdfc6c5f795c,169,5.633333,24,0.051488,0.841888,0.5347
75f77a82-0d57-4ea5-bfe7-cdfc6c5f795c,170,5.666667,1,0.329150,0.948428,0.9141
75f77a82-0d57-4ea5-bfe7-cdfc6c5f795c,170,5.666667,2,0.976451,0.986660,0.6430
75f77a82-0d57-4ea5-bfe7-cdfc6c5f795c,170,5.666667,3,0.231871,0.679333,0.4581
75f77a82-0d57-4ea5-bfe7-cdfc6c5f795c,170,5.666667,4,0.456136,0.989516,0.8650
75f77a82-0d57-4ea5-bfe7-cdfc6c5f795c,170,5.666667,5,0.790311,0.684257,0.3397
75f77a82-0d57-4ea5-bfe7-cdfc6c5f795c,170,5.666667,6,0.669598,0.811924,0.4443
75f77a82-0d57-4ea5-bfe7-cdfc6c5f795c,170,5.666667,7,0.775089,0.682236,0.3938
75f77a82-0d57-4ea5-bfe7-cdfc6c5f795c,170,5.666667,10,0.728865,0.840043,0.8033
75f77a82-0d57-4ea5-bfe7-cdfc6c5f795c,170,5.666667,13,0.224680,0.631927,0.1468
75f77a82-0d57-4ea5-bfe7-cdfc6c5f795c,170,5.666667,14,0.171863,0.994931,0.7608
75f77a82-0d57-4ea5-bfe7-cdfc6c5f795c,170,5.666667,15,0.631745,0.825179,0.7756
75f77a82-0d57-4ea5-bfe7-cdfc6c5f795c,170,5.666667,17,0.387174,0.711552,0.2409
75f77a82-0d57-4ea5-bfe7-cdfc6c5f795c,170,5.666667,20,0.582589,0.957527,0.9116
75f77a82-0d57-4ea5-bfe7-cdfc6c5f795c,170,5.666667,22,0.845152,0.996473,0.8717
75f77a82-0d57-4ea5-bfe7-cdfc6c5f795c,170,5.666667,24,0.050542,0.843855,0.5485
75f77a82-0d57-4ea5-bfe7-cdfc6c5f795c,171,5.700000,1,0.330946,0.948402,0.9110
75f77a82-0d57-4ea5-bfe7-cdfc6c5f795c,171,5.700000,2,0.975931,0.988489,0.6582
75f77a82-0d57-4ea5-bfe7-cdfc6c5f795c,171,5.700000,3,0.234188,0.677855,0.4618
75f77a82-0d57-4ea5-bfe7-cdfc6c5f795c,171,5.700000,4,0.455969,0.989452,0.8624
75f77a82-0d57-4ea5-bfe7-cdfc6c5f795c,171,5.700000,5,0.790042,0.680217,0.2606
75f77a82-0d57-4ea5-bfe7-cdfc6c5f795c,171,5.700000,6,0.670557,0.810407,0.3689
75f77a82-0d57-4ea5-bfe7-cdfc6c5f795c,171,5.700000,7,0.776233,0.679605,0.3960
75f77a82-0d57-4ea5-bfe7-cdfc6c5f795c,171,5.700000,10,0.730117,0.839055,0.7801
75f77a82-0d57-4ea5-bfe7-cdfc6c5f795c,171,5.700000,14,0.179762,0.995951,0.7751
75f77a82-0d57-4ea5-bfe7-cdfc6c5f795c,171,5.700000,15,0.631391,0.821113,0.8090
75f77a82-0d57-4ea5-bfe7-cdfc6c5f795c,171,5.700000,17,0.387214,0.711394,0.2612
75f77a82-0d57-4ea5-bfe7-cdfc6c5f795c,171,5.700000,20,0.584497,0.957991,0.9134
75f77a82-0d57-4ea5-bfe7-cdfc6c5f795c,171,5.700000,22,0.853337,0.996258,0.8637
75f77a82-0d57-4ea5-bfe7-cdfc6c5f795c,171,5.700000,24,0.050561,0.845277,0.5666
75f77a82-0d57-4ea5-bfe7-cdfc6c5f795c,172,5.733333,1,0.332129,0.947702,0.9085
75f77a82-0d57-4ea5-bfe7-cdfc6c5f795c,172,5.733333,2,0.976176,0.993767,0.6376
75f77a82-0d57-4ea5-bfe7-cdfc6c5f795c,172,5.733333,3,0.234370,0.676114,0.4310
75f77a82-0d57-4ea5-bfe7-cdfc6c5f795c,172,5.733333,4,0.456988,0.989869,0.8541
75f77a82-0d57-4ea5-bfe7-cdfc6c5f795c,172,5.733333,5,0.790325,0.675663,0.2213
75f77a82-0d57-4ea5-bfe7-cdfc6c5f795c,172,5.733333,6,0.677378,0.800907,0.3947
75f77a82-0d57-4ea5-bfe7-cdfc6c5f795c,172,5.733333,7,0.776931,0.678217,0.3888
75f77a82-0d57-4ea5-bfe7-cdfc6c5f795c,172,5.733333,10,0.731043,0.838511,0.8035
75f77a82-0d57-4ea5-bfe7-cdfc6c5f795c,172,5.733333,14,0.178861,0.992097,0.7779
75f77a82-0d57-4ea5-bfe7-cdfc6c5f795c,172,5.733333,15,0.630812,0.814847,0.7952
75f77a82-0d57-4ea5-bfe7-cdfc6c5f795c,172,5.733333,17,0.387934,0.712426,0.2237
75f77a82-0d57-4ea5-bfe7-cdfc6c5f795c,172,5.733333,20,0.586060,0.957924,0.9132
75f77a82-0d57-4ea5-bfe7-cdfc6c5f795c,172,5.733333,22,0.860065,0.996771,0.8720
75f77a82-0d57-4ea5-bfe7-cdfc6c5f795c,172,5.733333,24,0.047007,0.846360,0.5562
75f77a82-0d57-4ea5-bfe7-cdfc6c5f795c,173,5.766667,1,0.334046,0.948747,0.9081
75f77a82-0d57-4ea5-bfe7-cdfc6c5f795c,173,5.766667,2,0.975605,0.988238,0.6175
75f77a82-0d57-4ea5-bfe7-cdfc6c5f795c,173,5.766667,3,0.239199,0.666133,0.4479
75f77a82-0d57-4ea5-bfe7-cdfc6c5f795c,173,5.766667,4,0.456549,0.990939,0.8598
75f77a82-0d57-4ea5-bfe7-cdfc6c5f795c,173,5.766667,5,0.789499,0.680223,0.1738
75f77a82-0d57-4ea5-bfe7-cdfc6c5f795c,173,5.766667,6,0.677472,0.802736,0.4372
75f77a82-0d57-4ea5-bfe7-cdfc6c5f795c,173,5.766667,7,0.777699,0.681079,0.3838
75f77a82-0d57-4ea5-bfe7-cdfc6c5f795c,173,5.766667,10,0.730786,0.839381,0.8052
75f77a82-0d57-4ea5-bfe7-cdfc6c5f795c,173,5.766667,14,0.185849,0.994066,0.7927
75f77a82-0d57-4ea5-bfe7-cdfc6c5f795c,173,5.766667,15,0.630278,0.807476,0.8081
75f77a82-0d57-4ea5-bfe7-cdfc6c5f795c,173,5.766667,17,0.388746,0.700080,0.1448
75f77a82-0d57-4ea5-bfe7-cdfc6c5f795c,173,5.766667,18,0.567407,0.615586,0.1962
75f77a82-0d57-4ea5-bfe7-cdfc6c5f795c,173,5.766667,20,0.586843,0.958717,0.9123
75f77a82-0d57-4ea5-bfe7-cdfc6c5f795c,173,5.766667,22,0.865050,0.996460,0.8666
75f77a82-0d57-4ea5-bfe7-cdfc6c5f795c,173,5.766667,24,0.049849,0.849751,0.6505
75f77a82-0d57-4ea5-bfe7-cdfc6c5f795c,174,5.800000,1,0.335243,0.948130,0.9095
75f77a82-0d57-4ea5-bfe7-cdfc6c5f795c,174,5.800000,2,0.975817,0.989172,0.5841
75f77a82-0d57-4ea5-bfe7-cdfc6c5f795c,174,5.800000,3,0.240709,0.663867,0.2541
75f77a82-0d57-4ea5-bfe7-cdfc6c5f795c,174,5.800000,4,0.456677,0.991312,0.8587
75f77a82-0d57-4ea5-bfe7-cdfc6c5f795c,174,5.800000,5,0.789518,0.680955,0.1265
75f77a82-0d57-4ea5-bfe7-cdfc6c5f795c,174,5.800000,6,0.677691,0.800489,0.3822
75f77a82-0d57-4ea5-bfe7-cdfc6c5f795c,174,5.800000,7,0.778664,0.682230,0.3457
75f77a82-0d57-4ea5-bfe7-cdfc6c5f795c,174,5.800000,10,0.731227,0.840450,0.8065
75f77a82-0d57-4ea5-bfe7-cdfc6c5f795c,174,5.800000,14,0.180155,0.995047,0.8049
75f77a82-0d57-4ea5-bfe7-cdfc6c5f795c,174,5.800000,15,0.629687,0.801451,0.7506
75f77a82-0d57-4ea5-bfe7-cdfc6c5f795c,174,5.800000,20,0.588714,0.959533,0.9101
75f77a82-0d57-4ea5-bfe7-cdfc6c5f795c,174,5.800000,22,0.867541,0.996595,0.8713
75f77a82-0d57-4ea5-bfe7-cdfc6c5f795c,174,5.800000,24,0.051732,0.849321,0.6528
75f77a82-0d57-4ea5-bfe7-cdfc6c5f795c,175,5.833333,1,0.335743,0.950601,0.9079
75f77a82-0d57-4ea5-bfe7-cdfc6c5f795c,175,5.833333,2,0.975055,0.986076,0.5707
75f77a82-0d57-4ea5-bfe7-cdfc6c5f795c,175,5.833333,3,0.243128,0.663468,0.1502
75f77a82-0d57-4ea5-bfe7-cdfc6c5f795c,175,5.833333,4,0.458705,0.991948,0.8615
75f77a82-0d57-4ea5-bfe7-cdfc6c5f795c,175,5.833333,6,0.671741,0.804953,0.3804
75f77a82-0d57-4ea5-bfe7-cdfc6c5f795c,175,5.833333,7,0.780208,0.684446,0.4257
75f77a82-0d57-4ea5-bfe7-cdfc6c5f795c,175,5.833333,10,0.730950,0.842521,0.8118
75f77a82-0d57-4ea5-bfe7-cdfc6c5f795c,175,5.833333,14,0.183220,0.993752,0.8063
75f77a82-0d57-4ea5-bfe7-cdfc6c5f795c,175,5.833333,15,0.628546,0.801129,0.7315
75f77a82-0d57-4ea5-bfe7-cdfc6c5f795c,175,5.833333,20,0.590386,0.958886,0.9131
75f77a82-0d57-4ea5-bfe7-cdfc6c5f795c,175,5.833333,22,0.871637,0.997381,0.8677
75f77a82-0d57-4ea5-bfe7-cdfc6c5f795c,175,5.833333,24,0.051938,0.850906,0.6316
75f77a82-0d57-4ea5-bfe7-cdfc6c5f795c,176,5.866667,1,0.336315,0.949822,0.9056
75f77a82-0d57-4ea5-bfe7-cdfc6c5f795c,176,5.866667,2,0.974302,0.990714,0.5857
75f77a82-0d57-4ea5-bfe7-cdfc6c5f795c,176,5.866667,4,0.459227,0.991328,0.8557
75f77a82-0d57-4ea5-bfe7-cdfc6c5f795c,176,5.866667,6,0.677942,0.805982,0.3766
75f77a82-0d57-4ea5-bfe7-cdfc6c5f795c,176,5.866667,7,0.781300,0.687021,0.4573
75f77a82-0d57-4ea5-bfe7-cdfc6c5f795c,176,5.866667,10,0.731468,0.843106,0.8161
75f77a82-0d57-4ea5-bfe7-cdfc6c5f795c,176,5.866667,14,0.182555,0.994508,0.8189
75f77a82-0d57-4ea5-bfe7-cdfc6c5f795c,176,5.866667,15,0.627289,0.803842,0.6966
75f77a82-0d57-4ea5-bfe7-cdfc6c5f795c,176,5.866667,17,0.386207,0.681993,0.1688
75f77a82-0d57-4ea5-bfe7-cdfc6c5f795c,176,5.866667,20,0.591342,0.957522,0.9150
75f77a82-0d57-4ea5-bfe7-cdfc6c5f795c,176,5.866667,22,0.873930,0.997733,0.8737
75f77a82-0d57-4ea5-bfe7-cdfc6c5f795c,176,5.866667,24,0.052264,0.850761,0.6357
75f77a82-0d57-4ea5-bfe7-cdfc6c5f795c,177,5.900000,1,0.336766,0.950725,0.9024
75f77a82-0d57-4ea5-bfe7-cdfc6c5f795c,177,5.900000,2,0.973985,0.966874,0.5113
75f77a82-0d57-4ea5-bfe7-cdfc6c5f795c,177,5.900000,4,0.459578,0.992262,0.8572
75f77a82-0d57-4ea5-bfe7-cdfc6c5f795c,177,5.900000,6,0.678055,0.805956,0.3931
75f77a82-0d57-4ea5-bfe7-cdfc6c5f795c,177,5.900000,7,0.781429,0.686092,0.4850
75f77a82-0d57-4ea5-bfe7-cdfc6c5f795c,177,5.900000,10,0.731077,0.843261,0.8211
75f77a82-0d57-4ea5-bfe7-cdfc6c5f795c,177,5.900000,14,0.195245,0.995383,0.7881
75f77a82-0d57-4ea5-bfe7-cdfc6c5f795c,177,5.900000,15,0.627536,0.807241,0.7158
75f77a82-0d57-4ea5-bfe7-cdfc6c5f795c,177,5.900000,17,0.385626,0.684524,0.1874
75f77a82-0d57-4ea5-bfe7-cdfc6c5f795c,177,5.900000,20,0.592629,0.957300,0.9195
75f77a82-0d57-4ea5-bfe7-cdfc6c5f795c,177,5.900000,22,0.876907,0.997363,0.8827
75f77a82-0d57-4ea5-bfe7-cdfc6c5f795c,177,5.900000,24,0.046272,0.850127,0.6564
75f77a82-0d57-4ea5-bfe7-cdfc6c5f795c,178,5.933333,1,0.337127,0.954111,0.9042
75f77a82-0d57-4ea5-bfe7-cdfc6c5f795c,178,5.933333,2,0.975380,0.960075,0.5326
75f77a82-0d57-4ea5-bfe7-cdfc6c5f795c,178,5.933333,4,0.459401,0.992406,0.8678
75f77a82-0d57-4ea5-bfe7-cdfc6c5f795c,178,5.933333,6,0.677185,0.804945,0.3934
75f77a82-0d57-4ea5-bfe7-cdfc6c5f795c,178,5.933333,7,0.781069,0.686520,0.5418
75f77a82-0d57-4ea5-bfe7-cdfc6c5f795c,178,5.933333,10,0.730144,0.843486,0.8307
75f77a82-0d57-4ea5-bfe7-cdfc6c5f795c,178,5.933333,14,0.193693,0.997928,0.8145
75f77a82-0d57-4ea5-bfe7-cdfc6c5f795c,178,5.933333,15,0.627114,0.801119,0.7143
75f77a82-0d57-4ea5-bfe7-cdfc6c5f795c,178,5.933333,17,0.386565,0.682053,0.1603
75f77a82-0d57-4ea5-bfe7-cdfc6c5f795c,178,5.933333,20,0.593445,0.956615,0.9146
75f77a82-0d57-4ea5-bfe7-cdfc6c5f795c,178,5.933333,22,0.877581,0.998098,0.8765
75f77a82-0d57-4ea5-bfe7-cdfc6c5f795c,178,5.933333,24,0.054463,0.848691,0.6149
75f77a82-0d57-4ea5-bfe7-cdfc6c5f795c,179,5.966667,1,0.337510,0.955217,0.9029
75f77a82-0d57-4ea5-bfe7-cdfc6c5f795c,179,5.966667,2,0.975938,0.942117,0.5464
75f77a82-0d57-4ea5-bfe7-cdfc6c5f795c,179,5.966667,4,0.458414,0.991592,0.8761
75f77a82-0d57-4ea5-bfe7-cdfc6c5f795c,179,5.966667,6,0.676060,0.804704,0.4263
75f77a82-0d57-4ea5-bfe7-cdfc6c5f795c,179,5.966667,7,0.780993,0.685272,0.5365
75f77a82-0d57-4ea5-bfe7-cdfc6c5f795c,179,5.966667,10,0.729648,0.844328,0.8382
75f77a82-0d57-4ea5-bfe7-cdfc6c5f795c,179,5.966667,14,0.193422,0.998148,0.8287
75f77a82-0d57-4ea5-bfe7-cdfc6c5f795c,179,5.966667,15,0.626518,0.795481,0.7024
75f77a82-0d57-4ea5-bfe7-cdfc6c5f795c,179,5.966667,17,0.386406,0.685345,0.1445
75f77a82-0d57-4ea5-bfe7-cdfc6c5f795c,179,5.966667,18,0.567388,0.621351,0.1609
75f77a82-0d57-4ea5-bfe7-cdfc6c5f795c,179,5.966667,20,0.594171,0.959497,0.9167
75f77a82-0d57-4ea5-bfe7-cdfc6c5f795c,179,5.966667,22,0.884789,0.998148,0.8811
75f77a82-0d57-4ea5-bfe7-cdfc6c5f795c,179,5.966667,24,0.054340,0.852484,0.5991
75f77a82-0d57-4ea5-bfe7-cdfc6c5f795c,180,6.000000,1,0.338282,0.956495,0.9032
75f77a82-0d57-4ea5-bfe7-cdfc6c5f795c,180,6.000000,2,0.974990,0.791104,0.6806
75f77a82-0d57-4ea5-bfe7-cdfc6c5f795c,180,6.000000,4,0.458832,0.992305,0.8761
75f77a82-0d57-4ea5-bfe7-cdfc6c5f795c,180,6.000000,6,0.678129,0.810082,0.4664
75f77a82-0d57-4ea5-bfe7-cdfc6c5f795c,180,6.000000,7,0.780997,0.687761,0.5240
75f77a82-0d57-4ea5-bfe7-cdfc6c5f795c,180,6.000000,10,0.730471,0.843046,0.8444
75f77a82-0d57-4ea5-bfe7-cdfc6c5f795c,180,6.000000,14,0.195391,0.998148,0.8260
75f77a82-0d57-4ea5-bfe7-cdfc6c5f795c,180,6.000000,15,0.626130,0.792275,0.6338
75f77a82-0d57-4ea5-bfe7-cdfc6c5f795c,180,6.000000,17,0.384372,0.678744,0.1337
75f77a82-0d57-4ea5-bfe7-cdfc6c5f795c,180,6.000000,18,0.565005,0.623305,0.1479
75f77a82-0d57-4ea5-bfe7-cdfc6c5f795c,180,6.000000,20,0.595239,0.959068,0.9177
75f77a82-0d57-4ea5-bfe7-cdfc6c5f795c,180,6.000000,22,0.889169,0.998148,0.8820
75f77a82-0d57-4ea5-bfe7-cdfc6c5f795c,180,6.000000,24,0.055510,0.853662,0.5849
75f77a82-0d57-4ea5-bfe7-cdfc6c5f795c,181,6.033333,1,0.338679,0.958041,0.8987
75f77a82-0d57-4ea5-bfe7-cdfc6c5f795c,181,6.033333,2,0.974224,0.783190,0.7198
75f77a82-0d57-4ea5-bfe7-cdfc6c5f795c,181,6.033333,4,0.460901,0.993032,0.8717
75f77a82-0d57-4ea5-bfe7-cdfc6c5f795c,181,6.033333,6,0.677404,0.811248,0.5006
75f77a82-0d57-4ea5-bfe7-cdfc6c5f795c,181,6.033333,7,0.781548,0.689671,0.5544
75f77a82-0d57-4ea5-bfe7-cdfc6c5f795c,181,6.033333,10,0.730118,0.844846,0.8511
75f77a82-0d57-4ea5-bfe7-cdfc6c5f795c,181,6.033333,14,0.199242,0.991832,0.8275
75f77a82-0d57-4ea5-bfe7-cdfc6c5f795c,181,6.033333,15,0.619985,0.784328,0.5539
75f77a82-0d57-4ea5-bfe7-cdfc6c5f795c,181,6.033333,18,0.564219,0.624427,0.1634
75f77a82-0d57-4ea5-bfe7-cdfc6c5f795c,181,6.033333,20,0.595721,0.957606,0.9178
75f77a82-0d57-4ea5-bfe7-cdfc6c5f795c,181,6.033333,22,0.896544,0.998148,0.8741
75f77a82-0d57-4ea5-bfe7-cdfc6c5f795c,181,6.033333,24,0.056374,0.854369,0.6194
75f77a82-0d57-4ea5-bfe7-cdfc6c5f795c,182,6.066667,1,0.339205,0.959289,0.8966
75f77a82-0d57-4ea5-bfe7-cdfc6c5f795c,182,6.066667,2,0.972619,0.783888,0.7493
75f77a82-0d57-4ea5-bfe7-cdfc6c5f795c,182,6.066667,4,0.461592,0.991576,0.8705
75f77a82-0d57-4ea5-bfe7-cdfc6c5f795c,182,6.066667,6,0.677273,0.811871,0.5321
75f77a82-0d57-4ea5-bfe7-cdfc6c5f795c,182,6.066667,7,0.781076,0.690898,0.5149
75f77a82-0d57-4ea5-bfe7-cdfc6c5f795c,182,6.066667,10,0.730265,0.842442,0.8532
75f77a82-0d57-4ea5-bfe7-cdfc6c5f795c,182,6.066667,14,0.199454,0.992992,0.8327
75f77a82-0d57-4ea5-bfe7-cdfc6c5f795c,182,6.066667,15,0.608606,0.772921,0.5899
75f77a82-0d57-4ea5-bfe7-cdfc6c5f795c,182,6.066667,18,0.563757,0.619109,0.1643
75f77a82-0d57-4ea5-bfe7-cdfc6c5f795c,182,6.066667,20,0.597218,0.958025,0.9040
75f77a82-0d57-4ea5-bfe7-cdfc6c5f795c,182,6.066667,22,0.900614,0.998148,0.8714
75f77a82-0d57-4ea5-bfe7-cdfc6c5f795c,182,6.066667,24,0.057659,0.859562,0.6406
75f77a82-0d57-4ea5-bfe7-cdfc6c5f795c,183,6.100000,1,0.339746,0.962102,0.8936
75f77a82-0d57-4ea5-bfe7-cdfc6c5f795c,183,6.100000,2,0.973683,0.780769,0.7755
75f77a82-0d57-4ea5-bfe7-cdfc6c5f795c,183,6.100000,4,0.461034,0.989861,0.8706
75f77a82-0d57-4ea5-bfe7-cdfc6c5f795c,183,6.100000,6,0.676569,0.809904,0.5257
75f77a82-0d57-4ea5-bfe7-cdfc6c5f795c,183,6.100000,7,0.781095,0.690539,0.5303
75f77a82-0d57-4ea5-bfe7-cdfc6c5f795c,183,6.100000,10,0.730034,0.843180,0.8516
75f77a82-0d57-4ea5-bfe7-cdfc6c5f795c,183,6.100000,14,0.199319,0.995058,0.8509
75f77a82-0d57-4ea5-bfe7-cdfc6c5f795c,183,6.100000,15,0.603303,0.760610,0.6044
75f77a82-0d57-4ea5-bfe7-cdfc6c5f795c,183,6.100000,18,0.563705,0.620299,0.2169
75f77a82-0d57-4ea5-bfe7-cdfc6c5f795c,183,6.100000,20,0.599910,0.956212,0.8844
75f77a82-0d57-4ea5-bfe7-cdfc6c5f795c,183,6.100000,22,0.904768,0.998148,0.8668
75f77a82-0d57-4ea5-bfe7-cdfc6c5f795c,183,6.100000,24,0.057816,0.859634,0.6051
75f77a82-0d57-4ea5-bfe7-cdfc6c5f795c,184,6.133333,1,0.340471,0.965706,0.8899
75f77a82-0d57-4ea5-bfe7-cdfc6c5f795c,184,6.133333,2,0.973077,0.771374,0.8281
75f77a82-0d57-4ea5-bfe7-cdfc6c5f795c,184,6.133333,4,0.460480,0.988970,0.8789
75f77a82-0d57-4ea5-bfe7-cdfc6c5f795c,184,6.133333,6,0.677502,0.811595,0.4902
75f77a82-0d57-4ea5-bfe7-cdfc6c5f795c,184,6.133333,7,0.781384,0.688321,0.4885
75f77a82-0d57-4ea5-bfe7-cdfc6c5f795c,184,6.133333,10,0.729715,0.843278,0.8506
75f77a82-0d57-4ea5-bfe7-cdfc6c5f795c,184,6.133333,14,0.201371,0.995400,0.8490
75f77a82-0d57-4ea5-bfe7-cdfc6c5f795c,184,6.133333,15,0.600097,0.747097,0.6239
75f77a82-0d57-4ea5-bfe7-cdfc6c5f795c,184,6.133333,17,0.385033,0.674675,0.1428
75f77a82-0d57-4ea5-bfe7-cdfc6c5f795c,184,6.133333,18,0.564249,0.621896,0.1895
75f77a82-0d57-4ea5-bfe7-cdfc6c5f795c,184,6.133333,20,0.603195,0.950520,0.8783
75f77a82-0d57-4ea5-bfe7-cdfc6c5f795c,184,6.133333,22,0.909074,0.997940,0.8729
75f77a82-0d57-4ea5-bfe7-cdfc6c5f795c,184,6.133333,24,0.058220,0.859060,0.6465
75f77a82-0d57-4ea5-bfe7-cdfc6c5f795c,185,6.166667,1,0.340840,0.966886,0.8788
75f77a82-0d57-4ea5-bfe7-cdfc6c5f795c,185,6.166667,2,0.972976,0.774480,0.8238
75f77a82-0d57-4ea5-bfe7-cdfc6c5f795c,185,6.166667,4,0.462293,0.990691,0.8813
75f77a82-0d57-4ea5-bfe7-cdfc6c5f795c,185,6.166667,6,0.678176,0.812762,0.4554
75f77a82-0d57-4ea5-bfe7-cdfc6c5f795c,185,6.166667,7,0.781804,0.688218,0.5048
75f77a82-0d57-4ea5-bfe7-cdfc6c5f795c,185,6.166667,10,0.729182,0.843602,0.8441
75f77a82-0d57-4ea5-bfe7-cdfc6c5f795c,185,6.166667,14,0.202861,0.996146,0.8529
75f77a82-0d57-4ea5-bfe7-cdfc6c5f795c,185,6.166667,15,0.591635,0.744572,0.6644
75f77a82-0d57-4ea5-bfe7-cdfc6c5f795c,185,6.166667,17,0.385502,0.678998,0.2523
75f77a82-0d57-4ea5-bfe7-cdfc6c5f795c,185,6.166667,18,0.563886,0.622182,0.2032
75f77a82-0d57-4ea5-bfe7-cdfc6c5f795c,185,6.166667,20,0.604835,0.951106,0.8755
75f77a82-0d57-4ea5-bfe7-cdfc6c5f795c,185,6.166667,22,0.911432,0.998140,0.8744
75f77a82-0d57-4ea5-bfe7-cdfc6c5f795c,185,6.166667,24,0.058092,0.858989,0.6465
75f77a82-0d57-4ea5-bfe7-cdfc6c5f795c,186,6.200000,1,0.341430,0.966953,0.8771
75f77a82-0d57-4ea5-bfe7-cdfc6c5f795c,186,6.200000,2,0.972632,0.769267,0.8245
75f77a82-0d57-4ea5-bfe7-cdfc6c5f795c,186,6.200000,4,0.461364,0.991698,0.8930
75f77a82-0d57-4ea5-bfe7-cdfc6c5f795c,186,6.200000,6,0.678750,0.815037,0.3905
75f77a82-0d57-4ea5-bfe7-cdfc6c5f795c,186,6.200000,7,0.782512,0.688841,0.4977
75f77a82-0d57-4ea5-bfe7-cdfc6c5f795c,186,6.200000,10,0.728530,0.845010,0.8333
75f77a82-0d57-4ea5-bfe7-cdfc6c5f795c,186,6.200000,14,0.203287,0.995781,0.8456
75f77a82-0d57-4ea5-bfe7-cdfc6c5f795c,186,6.200000,15,0.588975,0.745650,0.6766
75f77a82-0d57-4ea5-bfe7-cdfc6c5f795c,186,6.200000,17,0.387147,0.742883,0.3045
75f77a82-0d57-4ea5-bfe7-cdfc6c5f795c,186,6.200000,18,0.564088,0.627685,0.2011
75f77a82-0d57-4ea5-bfe7-cdfc6c5f795c,186,6.200000,20,0.608629,0.948539,0.8780
75f77a82-0d57-4ea5-bfe7-cdfc6c5f795c,186,6.200000,22,0.916706,0.997789,0.8915
75f77a82-0d57-4ea5-bfe7-cdfc6c5f795c,186,6.200000,24,0.057792,0.860159,0.6655
75f77a82-0d57-4ea5-bfe7-cdfc6c5f795c,187,6.233333,1,0.341911,0.964356,0.8784
75f77a82-0d57-4ea5-bfe7-cdfc6c5f795c,187,6.233333,2,0.972793,0.754775,0.8550
75f77a82-0d57-4ea5-bfe7-cdfc6c5f795c,187,6.233333,4,0.461934,0.991678,0.8851
75f77a82-0d57-4ea5-bfe7-cdfc6c5f795c,187,6.233333,6,0.681039,0.813971,0.3739
75f77a82-0d57-4ea5-bfe7-cdfc6c5f795c,187,6.233333,7,0.783530,0.688585,0.5086
75f77a82-0d57-4ea5-bfe7-cdfc6c5f795c,187,6.233333,10,0.727721,0.847416,0.8306
75f77a82-0d57-4ea5-bfe7-cdfc6c5f795c,187,6.233333,14,0.205407,0.995527,0.8270
75f77a82-0d57-4ea5-bfe7-cdfc6c5f795c,187,6.233333,15,0.587191,0.747683,0.7174
75f77a82-0d57-4ea5-bfe7-cdfc6c5f795c,187,6.233333,17,0.386209,0.681529,0.2584
75f77a82-0d57-4ea5-bfe7-cdfc6c5f795c,187,6.233333,18,0.563108,0.621416,0.2159
75f77a82-0d57-4ea5-bfe7-cdfc6c5f795c,187,6.233333,20,0.611992,0.955938,0.8972
75f77a82-0d57-4ea5-bfe7-cdfc6c5f795c,187,6.233333,22,0.919987,0.997275,0.9006
75f77a82-0d57-4ea5-bfe7-cdfc6c5f795c,187,6.233333,24,0.061659,0.862470,0.6750
75f77a82-0d57-4ea5-bfe7-cdfc6c5f795c,188,6.266667,1,0.343145,0.962602,0.8760
75f77a82-0d57-4ea5-bfe7-cdfc6c5f795c,188,6.266667,2,0.972701,0.757101,0.8664
75f77a82-0d57-4ea5-bfe7-cdfc6c5f795c,188,6.266667,4,0.460894,0.984368,0.8891
75f77a82-0d57-4ea5-bfe7-cdfc6c5f795c,188,6.266667,6,0.683109,0.824058,0.3405
75f77a82-0d57-4ea5-bfe7-cdfc6c5f795c,188,6.266667,7,0.785063,0.688670,0.5002
75f77a82-0d57-4ea5-bfe7-cdfc6c5f795c,188,6.266667,10,0.727497,0.848422,0.8233
75f77a82-0d57-4ea5-bfe7-cdfc6c5f795c,188,6.266667,14,0.207206,0.993555,0.8295
75f77a82-0d57-4ea5-bfe7-cdfc6c5f795c,188,6.266667,15,0.586620,0.750343,0.7056
75f77a82-0d57-4ea5-bfe7-cdfc6c5f795c,188,6.266667,17,0.386896,0.745033,0.2625
75f77a82-0d57-4ea5-bfe7-cdfc6c5f795c,188,6.266667,18,0.563731,0.625397,0.2030
75f77a82-0d57-4ea5-bfe7-cdfc6c5f795c,188,6.266667,20,0.615361,0.952134,0.9016
75f77a82-0d57-4ea5-bfe7-cdfc6c5f795c,188,6.266667,22,0.920674,0.997480,0.9082
75f77a82-0d57-4ea5-bfe7-cdfc6c5f795c,188,6.266667,24,0.065248,0.870159,0.6479
75f77a82-0d57-4ea5-bfe7-cdfc6c5f795c,189,6.300000,1,0.343734,0.964099,0.8686
75f77a82-0d57-4ea5-bfe7-cdfc6c5f795c,189,6.300000,2,0.972654,0.758857,0.8758
75f77a82-0d57-4ea5-bfe7-cdfc6c5f795c,189,6.300000,4,0.459511,0.981875,0.8909
75f77a82-0d57-4ea5-bfe7-cdfc6c5f795c,189,6.300000,6,0.679544,0.811729,0.3693
75f77a82-0d57-4ea5-bfe7-cdfc6c5f795c,189,6.300000,7,0.785221,0.689051,0.4936
75f77a82-0d57-4ea5-bfe7-cdfc6c5f795c,189,6.300000,10,0.727449,0.848859,0.8157
75f77a82-0d57-4ea5-bfe7-cdfc6c5f795c,189,6.300000,14,0.207376,0.993111,0.8266
75f77a82-0d57-4ea5-bfe7-cdfc6c5f795c,189,6.300000,15,0.586349,0.754394,0.7387
75f77a82-0d57-4ea5-bfe7-cdfc6c5f795c,189,6.300000,17,0.387147,0.686972,0.3016
75f77a82-0d57-4ea5-bfe7-cdfc6c5f795c,189,6.300000,18,0.563151,0.626524,0.2398
75f77a82-0d57-4ea5-bfe7-cdfc6c5f795c,189,6.300000,20,0.619448,0.949771,0.9048
75f77a82-0d57-4ea5-bfe7-cdfc6c5f795c,189,6.300000,22,0.924081,0.997782,0.9013
75f77a82-0d57-4ea5-bfe7-cdfc6c5f795c,189,6.300000,24,0.066448,0.882631,0.6640
75f77a82-0d57-4ea5-bfe7-cdfc6c5f795c,190,6.333333,1,0.343745,0.966617,0.8685
75f77a82-0d57-4ea5-bfe7-cdfc6c5f795c,190,6.333333,2,0.972628,0.759888,0.8738
75f77a82-0d57-4ea5-bfe7-cdfc6c5f795c,190,6.333333,4,0.458636,0.982135,0.8921
75f77a82-0d57-4ea5-bfe7-cdfc6c5f795c,190,6.333333,6,0.678601,0.822351,0.4855
75f77a82-0d57-4ea5-bfe7-cdfc6c5f795c,190,6.333333,7,0.785696,0.688154,0.5301
75f77a82-0d57-4ea5-bfe7-cdfc6c5f795c,190,6.333333,10,0.727003,0.849905,0.8222
75f77a82-0d57-4ea5-bfe7-cdfc6c5f795c,190,6.333333,14,0.206774,0.994343,0.8317
75f77a82-0d57-4ea5-bfe7-cdfc6c5f795c,190,6.333333,15,0.585994,0.758601,0.7812
75f77a82-0d57-4ea5-bfe7-cdfc6c5f795c,190,6.333333,17,0.387658,0.690739,0.3528
75f77a82-0d57-4ea5-bfe7-cdfc6c5f795c,190,6.333333,18,0.562889,0.622502,0.2646
75f77a82-0d57-4ea5-bfe7-cdfc6c5f795c,190,6.333333,20,0.624823,0.950005,0.9079
75f77a82-0d57-4ea5-bfe7-cdfc6c5f795c,190,6.333333,22,0.928458,0.998148,0.8928
75f77a82-0d57-4ea5-bfe7-cdfc6c5f795c,190,6.333333,24,0.066179,0.895869,0.6819
75f77a82-0d57-4ea5-bfe7-cdfc6c5f795c,191,6.366667,1,0.343918,0.966132,0.8628
75f77a82-0d57-4ea5-bfe7-cdfc6c5f795c,191,6.366667,2,0.972988,0.762754,0.8615
75f77a82-0d57-4ea5-bfe7-cdfc6c5f795c,191,6.366667,4,0.460094,0.989142,0.8952
75f77a82-0d57-4ea5-bfe7-cdfc6c5f795c,191,6.366667,6,0.677709,0.777724,0.5155
75f77a82-0d57-4ea5-bfe7-cdfc6c5f795c,191,6.366667,7,0.785995,0.686756,0.5091
75f77a82-0d57-4ea5-bfe7-cdfc6c5f795c,191,6.366667,10,0.727759,0.850840,0.8204
75f77a82-0d57-4ea5-bfe7-cdfc6c5f795c,191,6.366667,14,0.208112,0.995021,0.8147
75f77a82-0d57-4ea5-bfe7-cdfc6c5f795c,191,6.366667,15,0.584940,0.765211,0.7596
75f77a82-0d57-4ea5-bfe7-cdfc6c5f795c,191,6.366667,17,0.387942,0.702188,0.3423
75f77a82-0d57-4ea5-bfe7-cdfc6c5f795c,191,6.366667,18,0.563491,0.620854,0.2271
75f77a82-0d57-4ea5-bfe7-cdfc6c5f795c,191,6.366667,20,0.630435,0.947161,0.8974
75f77a82-0d57-4ea5-bfe7-cdfc6c5f795c,191,6.366667,22,0.935605,0.998148,0.8947
75f77a82-0d57-4ea5-bfe7-cdfc6c5f795c,191,6.366667,24,0.067102,0.908956,0.7240
75f77a82-0d57-4ea5-bfe7-cdfc6c5f795c,192,6.400000,1,0.343772,0.966526,0.8521
75f77a82-0d57-4ea5-bfe7-cdfc6c5f795c,192,6.400000,2,0.973447,0.762217,0.8539
75f77a82-0d57-4ea5-bfe7-cdfc6c5f795c,192,6.400000,4,0.459836,0.983238,0.8949
75f77a82-0d57-4ea5-bfe7-cdfc6c5f795c,192,6.400000,5,0.774328,0.657378,0.2155
75f77a82-0d57-4ea5-bfe7-cdfc6c5f795c,192,6.400000,6,0.679220,0.826438,0.5592
75f77a82-0d57-4ea5-bfe7-cdfc6c5f795c,192,6.400000,7,0.786781,0.686415,0.5466
75f77a82-0d57-4ea5-bfe7-cdfc6c5f795c,192,6.400000,10,0.726610,0.849559,0.8275
75f77a82-0d57-4ea5-bfe7-cdfc6c5f795c,192,6.400000,14,0.211392,0.995566,0.8331
75f77a82-0d57-4ea5-bfe7-cdfc6c5f795c,192,6.400000,15,0.583459,0.768756,0.7630
75f77a82-0d57-4ea5-bfe7-cdfc6c5f795c,192,6.400000,17,0.387646,0.690662,0.3737
75f77a82-0d57-4ea5-bfe7-cdfc6c5f795c,192,6.400000,18,0.562924,0.621109,0.2721
75f77a82-0d57-4ea5-bfe7-cdfc6c5f795c,192,6.400000,20,0.635135,0.946754,0.8994
75f77a82-0d57-4ea5-bfe7-cdfc6c5f795c,192,6.400000,22,0.938664,0.997340,0.8861
75f77a82-0d57-4ea5-bfe7-cdfc6c5f795c,192,6.400000,24,0.068117,0.914149,0.7074
75f77a82-0d57-4ea5-bfe7-cdfc6c5f795c,193,6.433333,1,0.343504,0.966334,0.8230
75f77a82-0d57-4ea5-bfe7-cdfc6c5f795c,193,6.433333,2,0.974059,0.764941,0.8340
75f77a82-0d57-4ea5-bfe7-cdfc6c5f795c,193,6.433333,4,0.458829,0.983071,0.8982
75f77a82-0d57-4ea5-bfe7-cdfc6c5f795c,193,6.433333,5,0.775660,0.676947,0.2782
75f77a82-0d57-4ea5-bfe7-cdfc6c5f795c,193,6.433333,6,0.679720,0.743182,0.5601
75f77a82-0d57-4ea5-bfe7-cdfc6c5f795c,193,6.433333,7,0.786409,0.686408,0.5007
75f77a82-0d57-4ea5-bfe7-cdfc6c5f795c,193,6.433333,10,0.726595,0.847109,0.8309
75f77a82-0d57-4ea5-bfe7-cdfc6c5f795c,193,6.433333,14,0.214390,0.997604,0.8327
75f77a82-0d57-4ea5-bfe7-cdfc6c5f795c,193,6.433333,15,0.583806,0.775046,0.7335
75f77a82-0d57-4ea5-bfe7-cdfc6c5f795c,193,6.433333,17,0.387876,0.688498,0.3877
75f77a82-0d57-4ea5-bfe7-cdfc6c5f795c,193,6.433333,18,0.562208,0.620559,0.3376
75f77a82-0d57-4ea5-bfe7-cdfc6c5f795c,193,6.433333,20,0.637710,0.949843,0.9056
75f77a82-0d57-4ea5-bfe7-cdfc6c5f795c,193,6.433333,22,0.943770,0.997025,0.8872
75f77a82-0d57-4ea5-bfe7-cdfc6c5f795c,193,6.433333,24,0.067250,0.927888,0.7141
75f77a82-0d57-4ea5-bfe7-cdfc6c5f795c,194,6.466667,1,0.341595,0.971178,0.8197
75f77a82-0d57-4ea5-bfe7-cdfc6c5f795c,194,6.466667,2,0.974165,0.768601,0.7896
75f77a82-0d57-4ea5-bfe7-cdfc6c5f795c,194,6.466667,4,0.459411,0.990679,0.9005
75f77a82-0d57-4ea5-bfe7-cdfc6c5f795c,194,6.466667,6,0.680205,0.740810,0.5744
75f77a82-0d57-4ea5-bfe7-cdfc6c5f795c,194,6.466667,7,0.783866,0.686326,0.4893
75f77a82-0d57-4ea5-bfe7-cdfc6c5f795c,194,6.466667,10,0.726523,0.845536,0.8409
75f77a82-0d57-4ea5-bfe7-cdfc6c5f795c,194,6.466667,14,0.219190,0.992281,0.7951
75f77a82-0d57-4ea5-bfe7-cdfc6c5f795c,194,6.466667,15,0.584679,0.784123,0.7084
75f77a82-0d57-4ea5-bfe7-cdfc6c5f795c,194,6.466667,17,0.387883,0.696532,0.3428
75f77a82-0d57-4ea5-bfe7-cdfc6c5f795c,194,6.466667,18,0.561595,0.620377,0.3307
75f77a82-0d57-4ea5-bfe7-cdfc6c5f795c,194,6.466667,20,0.642823,0.955090,0.9053
75f77a82-0d57-4ea5-bfe7-cdfc6c5f795c,194,6.466667,22,0.947246,0.996987,0.8832
75f77a82-0d57-4ea5-bfe7-cdfc6c5f795c,194,6.466667,24,0.067567,0.925973,0.7187
75f77a82-0d57-4ea5-bfe7-cdfc6c5f795c,195,6.500000,1,0.339569,0.971938,0.8038
75f77a82-0d57-4ea5-bfe7-cdfc6c5f795c,195,6.500000,2,0.972921,0.778235,0.7322
75f77a82-0d57-4ea5-bfe7-cdfc6c5f795c,195,6.500000,4,0.460257,0.992087,0.9054
75f77a82-0d57-4ea5-bfe7-cdfc6c5f795c,195,6.500000,6,0.680739,0.739997,0.5962
75f77a82-0d57-4ea5-bfe7-cdfc6c5f795c,195,6.500000,7,0.782732,0.686710,0.5621
75f77a82-0d57-4ea5-bfe7-cdfc6c5f795c,195,6.500000,10,0.725850,0.844633,0.8392
75f77a82-0d57-4ea5-bfe7-cdfc6c5f795c,195,6.500000,13,0.162576,0.721056,0.5529
75f77a82-0d57-4ea5-bfe7-cdfc6c5f795c,195,6.500000,14,0.227104,0.992452,0.7770
75f77a82-0d57-4ea5-bfe7-cdfc6c5f795c,195,6.500000,15,0.582798,0.798104,0.6766
75f77a82-0d57-4ea5-bfe7-cdfc6c5f795c,195,6.500000,17,0.387871,0.705805,0.3313
75f77a82-0d57-4ea5-bfe7-cdfc6c5f795c,195,6.500000,18,0.560621,0.621260,0.3269
75f77a82-0d57-4ea5-bfe7-cdfc6c5f795c,195,6.500000,20,0.648535,0.966198,0.8959
75f77a82-0d57-4ea5-bfe7-cdfc6c5f795c,195,6.500000,22,0.949945,0.998148,0.8487
75f77a82-0d57-4ea5-bfe7-cdfc6c5f795c,195,6.500000,24,0.067078,0.932351,0.7567
75f77a82-0d57-4ea5-bfe7-cdfc6c5f795c,196,6.533333,1,0.337948,0.969981,0.7719
75f77a82-0d57-4ea5-bfe7-cdfc6c5f795c,196,6.533333,2,0.973569,0.791515,0.7704
75f77a82-0d57-4ea5-bfe7-cdfc6c5f795c,196,6.533333,4,0.461520,0.992553,0.9089
75f77a82-0d57-4ea5-bfe7-cdfc6c5f795c,196,6.533333,6,0.681892,0.739458,0.5918
75f77a82-0d57-4ea5-bfe7-cdfc6c5f795c,196,6.533333,7,0.782194,0.687310,0.6393
75f77a82-0d57-4ea5-bfe7-cdfc6c5f795c,196,6.533333,10,0.723804,0.845263,0.8340
75f77a82-0d57-4ea5-bfe7-cdfc6c5f795c,196,6.533333,13,0.162337,0.724845,0.5399
75f77a82-0d57-4ea5-bfe7-cdfc6c5f795c,196,6.533333,14,0.220810,0.989505,0.7869
75f77a82-0d57-4ea5-bfe7-cdfc6c5f795c,196,6.533333,15,0.580587,0.807661,0.7120
75f77a82-0d57-4ea5-bfe7-cdfc6c5f795c,196,6.533333,17,0.387890,0.705771,0.3492
75f77a82-0d57-4ea5-bfe7-cdfc6c5f795c,196,6.533333,18,0.559156,0.623289,0.3576
75f77a82-0d57-4ea5-bfe7-cdfc6c5f795c,196,6.533333,20,0.651607,0.984753,0.9085
75f77a82-0d57-4ea5-bfe7-cdfc6c5f795c,196,6.533333,22,0.961118,0.998105,0.7623
75f77a82-0d57-4ea5-bfe7-cdfc6c5f795c,196,6.533333,24,0.067031,0.889789,0.7276
75f77a82-0d57-4ea5-bfe7-cdfc6c5f795c,197,6.566667,1,0.335939,0.943641,0.7662
75f77a82-0d57-4ea5-bfe7-cdfc6c5f795c,197,6.566667,2,0.974965,0.808388,0.7128
75f77a82-0d57-4ea5-bfe7-cdfc6c5f795c,197,6.566667,4,0.462344,0.993176,0.9080
75f77a82-0d57-4ea5-bfe7-cdfc6c5f795c,197,6.566667,6,0.682083,0.741556,0.5536
75f77a82-0d57-4ea5-bfe7-cdfc6c5f795c,197,6.566667,7,0.783021,0.687669,0.6511
75f77a82-0d57-4ea5-bfe7-cdfc6c5f795c,197,6.566667,10,0.722811,0.845045,0.8285
75f77a82-0d57-4ea5-bfe7-cdfc6c5f795c,197,6.566667,13,0.161741,0.731166,0.5767
75f77a82-0d57-4ea5-bfe7-cdfc6c5f795c,197,6.566667,14,0.218807,0.990981,0.8118
75f77a82-0d57-4ea5-bfe7-cdfc6c5f795c,197,6.566667,15,0.580447,0.859854,0.7001
75f77a82-0d57-4ea5-bfe7-cdfc6c5f795c,197,6.566667,17,0.387729,0.703519,0.3183
75f77a82-0d57-4ea5-bfe7-cdfc6c5f795c,197,6.566667,18,0.559895,0.623732,0.3286
75f77a82-0d57-4ea5-bfe7-cdfc6c5f795c,197,6.566667,20,0.654233,0.981529,0.9122
75f77a82-0d57-4ea5-bfe7-cdfc6c5f795c,197,6.566667,22,0.968473,0.996078,0.6287
75f77a82-0d57-4ea5-bfe7-cdfc6c5f795c,197,6.566667,24,0.062759,0.881532,0.6813
75f77a82-0d57-4ea5-bfe7-cdfc6c5f795c,198,6.600000,1,0.335159,0.947157,0.7529
75f77a82-0d57-4ea5-bfe7-cdfc6c5f795c,198,6.600000,4,0.463080,0.992867,0.9082
75f77a82-0d57-4ea5-bfe7-cdfc6c5f795c,198,6.600000,5,0.761184,0.803050,0.3014
75f77a82-0d57-4ea5-bfe7-cdfc6c5f795c,198,6.600000,6,0.682356,0.737223,0.5535
75f77a82-0d57-4ea5-bfe7-cdfc6c5f795c,198,6.600000,7,0.783209,0.687491,0.6438
75f77a82-0d57-4ea5-bfe7-cdfc6c5f795c,198,6.600000,10,0.722267,0.845527,0.8379
75f77a82-0d57-4ea5-bfe7-cdfc6c5f795c,198,6.600000,13,0.159729,0.732078,0.5812
75f77a82-0d57-4ea5-bfe7-cdfc6c5f795c,198,6.600000,14,0.224974,0.994207,0.8047
75f77a82-0d57-4ea5-bfe7-cdfc6c5f795c,198,6.600000,15,0.579419,0.892971,0.7233
75f77a82-0d57-4ea5-bfe7-cdfc6c5f795c,198,6.600000,17,0.388142,0.715858,0.3344
75f77a82-0d57-4ea5-bfe7-cdfc6c5f795c,198,6.600000,18,0.560403,0.624513,0.3123
75f77a82-0d57-4ea5-bfe7-cdfc6c5f795c,198,6.600000,20,0.658091,0.985519,0.9120
75f77a82-0d57-4ea5-bfe7-cdfc6c5f795c,198,6.600000,22,0.973281,0.998148,0.6674
75f77a82-0d57-4ea5-bfe7-cdfc6c5f795c,198,6.600000,24,0.064427,0.889967,0.6616
75f77a82-0d57-4ea5-bfe7-cdfc6c5f795c,199,6.633333,1,0.334828,0.927940,0.7269
75f77a82-0d57-4ea5-bfe7-cdfc6c5f795c,199,6.633333,4,0.464295,0.992710,0.9067
75f77a82-0d57-4ea5-bfe7-cdfc6c5f795c,199,6.633333,5,0.762080,0.699177,0.1451
75f77a82-0d57-4ea5-bfe7-cdfc6c5f795c,199,6.633333,6,0.681555,0.736807,0.5678
75f77a82-0d57-4ea5-bfe7-cdfc6c5f795c,199,6.633333,7,0.783549,0.686864,0.6822
75f77a82-0d57-4ea5-bfe7-cdfc6c5f795c,199,6.633333,10,0.721794,0.845291,0.8399
75f77a82-0d57-4ea5-bfe7-cdfc6c5f795c,199,6.633333,13,0.161581,0.731513,0.5858
75f77a82-0d57-4ea5-bfe7-cdfc6c5f795c,199,6.633333,14,0.227614,0.994217,0.7758
75f77a82-0d57-4ea5-bfe7-cdfc6c5f795c,199,6.633333,15,0.579146,0.889738,0.7453
75f77a82-0d57-4ea5-bfe7-cdfc6c5f795c,199,6.633333,17,0.387748,0.715344,0.3675
75f77a82-0d57-4ea5-bfe7-cdfc6c5f795c,199,6.633333,18,0.559513,0.625323,0.2722
75f77a82-0d57-4ea5-bfe7-cdfc6c5f795c,199,6.633333,20,0.659779,0.988460,0.9116
75f77a82-0d57-4ea5-bfe7-cdfc6c5f795c,199,6.633333,22,0.979742,0.998148,0.7192
75f77a82-0d57-4ea5-bfe7-cdfc6c5f795c,199,6.633333,24,0.057504,0.883156,0.5895
75f77a82-0d57-4ea5-bfe7-cdfc6c5f795c,199,6.633333,25,0.093181,0.914803,0.6565
75f77a82-0d57-4ea5-bfe7-cdfc6c5f795c,200,6.666667,1,0.332734,0.908052,0.7204
75f77a82-0d57-4ea5-bfe7-cdfc6c5f795c,200,6.666667,4,0.465050,0.990606,0.9048
75f77a82-0d57-4ea5-bfe7-cdfc6c5f795c,200,6.666667,5,0.762540,0.690676,0.1357
75f77a82-0d57-4ea5-bfe7-cdfc6c5f795c,200,6.666667,6,0.681435,0.738232,0.5886
75f77a82-0d57-4ea5-bfe7-cdfc6c5f795c,200,6.666667,7,0.783811,0.686250,0.6740
75f77a82-0d57-4ea5-bfe7-cdfc6c5f795c,200,6.666667,10,0.721504,0.845248,0.8459
75f77a82-0d57-4ea5-bfe7-cdfc6c5f795c,200,6.666667,13,0.161740,0.732242,0.5719
75f77a82-0d57-4ea5-bfe7-cdfc6c5f795c,200,6.666667,14,0.227457,0.994204,0.8042
75f77a82-0d57-4ea5-bfe7-cdfc6c5f795c,200,6.666667,15,0.579706,0.843154,0.7635
75f77a82-0d57-4ea5-bfe7-cdfc6c5f795c,200,6.666667,17,0.387088,0.717960,0.3889
75f77a82-0d57-4ea5-bfe7-cdfc6c5f795c,200,6.666667,18,0.560414,0.625223,0.1922
75f77a82-0d57-4ea5-bfe7-cdfc6c5f795c,200,6.666667,20,0.659802,0.990199,0.9117
75f77a82-0d57-4ea5-bfe7-cdfc6c5f795c,200,6.666667,22,0.982364,0.984832,0.7132
75f77a82-0d57-4ea5-bfe7-cdfc6c5f795c,200,6.666667,24,0.056275,0.888098,0.5792
75f77a82-0d57-4ea5-bfe7-cdfc6c5f795c,200,6.666667,25,0.097139,0.914831,0.6855
75f77a82-0d57-4ea5-bfe7-cdfc6c5f795c,201,6.700000,1,0.331488,0.896402,0.7534
75f77a82-0d57-4ea5-bfe7-cdfc6c5f795c,201,6.700000,4,0.465780,0.989930,0.9059
75f77a82-0d57-4ea5-bfe7-cdfc6c5f795c,201,6.700000,5,0.762883,0.801237,0.1657
75f77a82-0d57-4ea5-bfe7-cdfc6c5f795c,201,6.700000,6,0.681952,0.737129,0.6055
75f77a82-0d57-4ea5-bfe7-cdfc6c5f795c,201,6.700000,7,0.784412,0.686132,0.6911
75f77a82-0d57-4ea5-bfe7-cdfc6c5f795c,201,6.700000,10,0.721321,0.845708,0.8437
75f77a82-0d57-4ea5-bfe7-cdfc6c5f795c,201,6.700000,13,0.160177,0.739903,0.5847
75f77a82-0d57-4ea5-bfe7-cdfc6c5f795c,201,6.700000,14,0.229655,0.993042,0.7951
75f77a82-0d57-4ea5-bfe7-cdfc6c5f795c,201,6.700000,15,0.580325,0.843118,0.7843
75f77a82-0d57-4ea5-bfe7-cdfc6c5f795c,201,6.700000,17,0.387353,0.722830,0.4645
75f77a82-0d57-4ea5-bfe7-cdfc6c5f795c,201,6.700000,20,0.658047,0.992644,0.9160
75f77a82-0d57-4ea5-bfe7-cdfc6c5f795c,201,6.700000,22,0.983792,0.949449,0.6821
75f77a82-0d57-4ea5-bfe7-cdfc6c5f795c,201,6.700000,24,0.055222,0.870134,0.5873
75f77a82-0d57-4ea5-bfe7-cdfc6c5f795c,201,6.700000,25,0.098673,0.912494,0.7128
75f77a82-0d57-4ea5-bfe7-cdfc6c5f795c,202,6.733333,1,0.329837,0.895334,0.7688
75f77a82-0d57-4ea5-bfe7-cdfc6c5f795c,202,6.733333,4,0.466512,0.990177,0.9069
75f77a82-0d57-4ea5-bfe7-cdfc6c5f795c,202,6.733333,5,0.763319,0.807590,0.1288
75f77a82-0d57-4ea5-bfe7-cdfc6c5f795c,202,6.733333,6,0.682251,0.736687,0.6324
75f77a82-0d57-4ea5-bfe7-cdfc6c5f795c,202,6.733333,7,0.784054,0.685827,0.6360
75f77a82-0d57-4ea5-bfe7-cdfc6c5f795c,202,6.733333,10,0.720943,0.845380,0.8420
75f77a82-0d57-4ea5-bfe7-cdfc6c5f795c,202,6.733333,13,0.160009,0.751905,0.5892
75f77a82-0d57-4ea5-bfe7-cdfc6c5f795c,202,6.733333,14,0.231806,0.990742,0.7995
75f77a82-0d57-4ea5-bfe7-cdfc6c5f795c,202,6.733333,15,0.580994,0.880234,0.7851
75f77a82-0d57-4ea5-bfe7-cdfc6c5f795c,202,6.733333,17,0.387725,0.725198,0.4784
75f77a82-0d57-4ea5-bfe7-cdfc6c5f795c,202,6.733333,20,0.656445,0.997252,0.9196
75f77a82-0d57-4ea5-bfe7-cdfc6c5f795c,202,6.733333,22,0.985155,0.933532,0.6873
75f77a82-0d57-4ea5-bfe7-cdfc6c5f795c,202,6.733333,24,0.059899,0.882487,0.5918
75f77a82-0d57-4ea5-bfe7-cdfc6c5f795c,202,6.733333,25,0.103769,0.911245,0.7068
75f77a82-0d57-4ea5-bfe7-cdfc6c5f795c,203,6.766667,1,0.327972,0.897424,0.7540
75f77a82-0d57-4ea5-bfe7-cdfc6c5f795c,203,6.766667,4,0.466435,0.991874,0.9112
75f77a82-0d57-4ea5-bfe7-cdfc6c5f795c,203,6.766667,5,0.764576,0.812027,0.1480
75f77a82-0d57-4ea5-bfe7-cdfc6c5f795c,203,6.766667,6,0.681567,0.736132,0.6089
75f77a82-0d57-4ea5-bfe7-cdfc6c5f795c,203,6.766667,7,0.785598,0.685786,0.5899
75f77a82-0d57-4ea5-bfe7-cdfc6c5f795c,203,6.766667,10,0.720705,0.843198,0.8413
75f77a82-0d57-4ea5-bfe7-cdfc6c5f795c,203,6.766667,13,0.160250,0.746488,0.6094
75f77a82-0d57-4ea5-bfe7-cdfc6c5f795c,203,6.766667,14,0.230686,0.992771,0.7965
75f77a82-0d57-4ea5-bfe7-cdfc6c5f795c,203,6.766667,15,0.580979,0.836180,0.7989
75f77a82-0d57-4ea5-bfe7-cdfc6c5f795c,203,6.766667,17,0.388099,0.716143,0.4520
75f77a82-0d57-4ea5-bfe7-cdfc6c5f795c,203,6.766667,20,0.656016,0.998148,0.9214
75f77a82-0d57-4ea5-bfe7-cdfc6c5f795c,203,6.766667,22,0.987140,0.943398,0.5148
75f77a82-0d57-4ea5-bfe7-cdfc6c5f795c,203,6.766667,24,0.068103,0.896434,0.7007
75f77a82-0d57-4ea5-bfe7-cdfc6c5f795c,203,6.766667,25,0.108026,0.908085,0.6880
75f77a82-0d57-4ea5-bfe7-cdfc6c5f795c,204,6.800000,1,0.326936,0.901715,0.7643
75f77a82-0d57-4ea5-bfe7-cdfc6c5f795c,204,6.800000,4,0.466128,0.992522,0.9077
75f77a82-0d57-4ea5-bfe7-cdfc6c5f795c,204,6.800000,5,0.767419,0.680398,0.1531
75f77a82-0d57-4ea5-bfe7-cdfc6c5f795c,204,6.800000,6,0.681439,0.731696,0.6120
75f77a82-0d57-4ea5-bfe7-cdfc6c5f795c,204,6.800000,7,0.778394,0.682255,0.5678
75f77a82-0d57-4ea5-bfe7-cdfc6c5f795c,204,6.800000,10,0.720249,0.841763,0.8494
75f77a82-0d57-4ea5-bfe7-cdfc6c5f795c,204,6.800000,13,0.160403,0.753497,0.5888
75f77a82-0d57-4ea5-bfe7-cdfc6c5f795c,204,6.800000,14,0.232364,0.993468,0.8162
75f77a82-0d57-4ea5-bfe7-cdfc6c5f795c,204,6.800000,15,0.580931,0.902015,0.7959
75f77a82-0d57-4ea5-bfe7-cdfc6c5f795c,204,6.800000,17,0.388649,0.714698,0.4645
75f77a82-0d57-4ea5-bfe7-cdfc6c5f795c,204,6.800000,20,0.655899,0.988546,0.9161
75f77a82-0d57-4ea5-bfe7-cdfc6c5f795c,204,6.800000,22,0.988556,0.945816,0.3317
75f77a82-0d57-4ea5-bfe7-cdfc6c5f795c,204,6.800000,24,0.067762,0.897720,0.6809
75f77a82-0d57-4ea5-bfe7-cdfc6c5f795c,204,6.800000,25,0.107818,0.911842,0.7207
75f77a82-0d57-4ea5-bfe7-cdfc6c5f795c,205,6.833333,1,0.326114,0.901193,0.7515
75f77a82-0d57-4ea5-bfe7-cdfc6c5f795c,205,6.833333,4,0.466219,0.992307,0.9051
75f77a82-0d57-4ea5-bfe7-cdfc6c5f795c,205,6.833333,5,0.765822,0.811093,0.1206
75f77a82-0d57-4ea5-bfe7-cdfc6c5f795c,205,6.833333,6,0.681861,0.728453,0.5974
75f77a82-0d57-4ea5-bfe7-cdfc6c5f795c,205,6.833333,7,0.775340,0.680037,0.6049
75f77a82-0d57-4ea5-bfe7-cdfc6c5f795c,205,6.833333,10,0.720318,0.841574,0.8498
75f77a82-0d57-4ea5-bfe7-cdfc6c5f795c,205,6.833333,13,0.161402,0.750716,0.6051
75f77a82-0d57-4ea5-bfe7-cdfc6c5f795c,205,6.833333,14,0.232729,0.995150,0.8300
75f77a82-0d57-4ea5-bfe7-cdfc6c5f795c,205,6.833333,15,0.580744,0.937689,0.8496
75f77a82-0d57-4ea5-bfe7-cdfc6c5f795c,205,6.833333,17,0.389008,0.711732,0.4893
75f77a82-0d57-4ea5-bfe7-cdfc6c5f795c,205,6.833333,20,0.656378,0.980846,0.9177
75f77a82-0d57-4ea5-bfe7-cdfc6c5f795c,205,6.833333,24,0.067328,0.883545,0.6375
75f77a82-0d57-4ea5-bfe7-cdfc6c5f795c,205,6.833333,25,0.108576,0.909868,0.7363
75f77a82-0d57-4ea5-bfe7-cdfc6c5f795c,206,6.866667,1,0.325470,0.893063,0.7847
75f77a82-0d57-4ea5-bfe7-cdfc6c5f795c,206,6.866667,4,0.466865,0.993083,0.9050
75f77a82-0d57-4ea5-bfe7-cdfc6c5f795c,206,6.866667,6,0.681990,0.727377,0.5794
75f77a82-0d57-4ea5-bfe7-cdfc6c5f795c,206,6.866667,7,0.774448,0.679290,0.5834
75f77a82-0d57-4ea5-bfe7-cdfc6c5f795c,206,6.866667,10,0.720657,0.841837,0.8516
75f77a82-0d57-4ea5-bfe7-cdfc6c5f795c,206,6.866667,13,0.162465,0.752689,0.6217
75f77a82-0d57-4ea5-bfe7-cdfc6c5f795c,206,6.866667,14,0.231840,0.995022,0.8494
75f77a82-0d57-4ea5-bfe7-cdfc6c5f795c,206,6.866667,15,0.580538,0.944253,0.8564
75f77a82-0d57-4ea5-bfe7-cdfc6c5f795c,206,6.866667,17,0.388881,0.712135,0.5260
75f77a82-0d57-4ea5-bfe7-cdfc6c5f795c,206,6.866667,20,0.656606,0.980233,0.9144
75f77a82-0d57-4ea5-bfe7-cdfc6c5f795c,206,6.866667,24,0.067355,0.883320,0.6890
75f77a82-0d57-4ea5-bfe7-cdfc6c5f795c,206,6.866667,25,0.107690,0.907657,0.7605
75f77a82-0d57-4ea5-bfe7-cdfc6c5f795c,207,6.900000,1,0.323312,0.890037,0.7543
75f77a82-0d57-4ea5-bfe7-cdfc6c5f795c,207,6.900000,4,0.467747,0.992649,0.9041
75f77a82-0d57-4ea5-bfe7-cdfc6c5f795c,207,6.900000,6,0.682375,0.727458,0.5504
75f77a82-0d57-4ea5-bfe7-cdfc6c5f795c,207,6.900000,7,0.776009,0.678910,0.5859
75f77a82-0d57-4ea5-bfe7-cdfc6c5f795c,207,6.900000,10,0.719983,0.842474,0.8508
75f77a82-0d57-4ea5-bfe7-cdfc6c5f795c,207,6.900000,13,0.162283,0.750230,0.6511
75f77a82-0d57-4ea5-bfe7-cdfc6c5f795c,207,6.900000,14,0.235057,0.995917,0.8407
75f77a82-0d57-4ea5-bfe7-cdfc6c5f795c,207,6.900000,15,0.581274,0.931042,0.8529
75f77a82-0d57-4ea5-bfe7-cdfc6c5f795c,207,6.900000,17,0.388348,0.711430,0.5530
75f77a82-0d57-4ea5-bfe7-cdfc6c5f795c,207,6.900000,20,0.656208,0.976396,0.9086
75f77a82-0d57-4ea5-bfe7-cdfc6c5f795c,207,6.900000,24,0.067386,0.888210,0.7466
75f77a82-0d57-4ea5-bfe7-cdfc6c5f795c,207,6.900000,25,0.107916,0.905045,0.7697
75f77a82-0d57-4ea5-bfe7-cdfc6c5f795c,208,6.933333,1,0.322461,0.887990,0.7308
75f77a82-0d57-4ea5-bfe7-cdfc6c5f795c,208,6.933333,4,0.468219,0.992913,0.9076
75f77a82-0d57-4ea5-bfe7-cdfc6c5f795c,208,6.933333,6,0.682469,0.725855,0.5502
75f77a82-0d57-4ea5-bfe7-cdfc6c5f795c,208,6.933333,7,0.776165,0.681160,0.6115
75f77a82-0d57-4ea5-bfe7-cdfc6c5f795c,208,6.933333,10,0.720486,0.841858,0.8464
75f77a82-0d57-4ea5-bfe7-cdfc6c5f795c,208,6.933333,13,0.162250,0.752521,0.6557
75f77a82-0d57-4ea5-bfe7-cdfc6c5f795c,208,6.933333,14,0.238308,0.995406,0.8272
75f77a82-0d57-4ea5-bfe7-cdfc6c5f795c,208,6.933333,15,0.581873,0.932478,0.8532
75f77a82-0d57-4ea5-bfe7-cdfc6c5f795c,208,6.933333,17,0.388284,0.711002,0.5770
75f77a82-0d57-4ea5-bfe7-cdfc6c5f795c,208,6.933333,20,0.656399,0.982815,0.9033
75f77a82-0d57-4ea5-bfe7-cdfc6c5f795c,208,6.933333,24,0.066859,0.894249,0.7477
75f77a82-0d57-4ea5-bfe7-cdfc6c5f795c,208,6.933333,25,0.108241,0.906432,0.7897
75f77a82-0d57-4ea5-bfe7-cdfc6c5f795c,209,6.966667,1,0.321216,0.887163,0.6899
75f77a82-0d57-4ea5-bfe7-cdfc6c5f795c,209,6.966667,4,0.468394,0.992702,0.9087
75f77a82-0d57-4ea5-bfe7-cdfc6c5f795c,209,6.966667,6,0.682914,0.721466,0.5579
75f77a82-0d57-4ea5-bfe7-cdfc6c5f795c,209,6.966667,7,0.777850,0.682415,0.5792
75f77a82-0d57-4ea5-bfe7-cdfc6c5f795c,209,6.966667,10,0.720418,0.841583,0.8419
75f77a82-0d57-4ea5-bfe7-cdfc6c5f795c,209,6.966667,13,0.161728,0.753228,0.6512
75f77a82-0d57-4ea5-bfe7-cdfc6c5f795c,209,6.966667,14,0.239132,0.996225,0.8230
75f77a82-0d57-4ea5-bfe7-cdfc6c5f795c,209,6.966667,15,0.582147,0.936720,0.8620
75f77a82-0d57-4ea5-bfe7-cdfc6c5f795c,209,6.966667,17,0.388385,0.709518,0.5778
75f77a82-0d57-4ea5-bfe7-cdfc6c5f795c,209,6.966667,20,0.658061,0.988164,0.9021
75f77a82-0d57-4ea5-bfe7-cdfc6c5f795c,209,6.966667,24,0.067560,0.899719,0.7906
75f77a82-0d57-4ea5-bfe7-cdfc6c5f795c,209,6.966667,25,0.108775,0.896817,0.7747
75f77a82-0d57-4ea5-bfe7-cdfc6c5f795c,210,7.000000,1,0.320026,0.886824,0.6407
75f77a82-0d57-4ea5-bfe7-cdfc6c5f795c,210,7.000000,4,0.468254,0.992760,0.9076
75f77a82-0d57-4ea5-bfe7-cdfc6c5f795c,210,7.000000,6,0.683172,0.709340,0.5236
75f77a82-0d57-4ea5-bfe7-cdfc6c5f795c,210,7.000000,7,0.779079,0.679702,0.5503
75f77a82-0d57-4ea5-bfe7-cdfc6c5f795c,210,7.000000,10,0.721581,0.840635,0.8371
75f77a82-0d57-4ea5-bfe7-cdfc6c5f795c,210,7.000000,13,0.161528,0.756779,0.6789
75f77a82-0d57-4ea5-bfe7-cdfc6c5f795c,210,7.000000,14,0.239361,0.997391,0.8308
75f77a82-0d57-4ea5-bfe7-cdfc6c5f795c,210,7.000000,15,0.582151,0.946454,0.8739
75f77a82-0d57-4ea5-bfe7-cdfc6c5f795c,210,7.000000,17,0.388834,0.709600,0.5824
75f77a82-0d57-4ea5-bfe7-cdfc6c5f795c,210,7.000000,20,0.659995,0.991206,0.9071
75f77a82-0d57-4ea5-bfe7-cdfc6c5f795c,210,7.000000,24,0.067300,0.894389,0.8131
75f77a82-0d57-4ea5-bfe7-cdfc6c5f795c,210,7.000000,25,0.109135,0.893812,0.7811
75f77a82-0d57-4ea5-bfe7-cdfc6c5f795c,211,7.033333,1,0.319980,0.882845,0.5923
75f77a82-0d57-4ea5-bfe7-cdfc6c5f795c,211,7.033333,4,0.468766,0.992940,0.9074
75f77a82-0d57-4ea5-bfe7-cdfc6c5f795c,211,7.033333,6,0.683759,0.699030,0.4756
75f77a82-0d57-4ea5-bfe7-cdfc6c5f795c,211,7.033333,7,0.779378,0.679233,0.5522
75f77a82-0d57-4ea5-bfe7-cdfc6c5f795c,211,7.033333,10,0.722039,0.840295,0.8375
75f77a82-0d57-4ea5-bfe7-cdfc6c5f795c,211,7.033333,13,0.161342,0.759212,0.7087
75f77a82-0d57-4ea5-bfe7-cdfc6c5f795c,211,7.033333,14,0.237174,0.996499,0.8333
75f77a82-0d57-4ea5-bfe7-cdfc6c5f795c,211,7.033333,15,0.582589,0.946083,0.8968
75f77a82-0d57-4ea5-bfe7-cdfc6c5f795c,211,7.033333,17,0.388398,0.714024,0.5677
75f77a82-0d57-4ea5-bfe7-cdfc6c5f795c,211,7.033333,20,0.662753,0.992902,0.9072
75f77a82-0d57-4ea5-bfe7-cdfc6c5f795c,211,7.033333,24,0.067403,0.894332,0.8166
75f77a82-0d57-4ea5-bfe7-cdfc6c5f795c,211,7.033333,25,0.109591,0.892560,0.7867
75f77a82-0d57-4ea5-bfe7-cdfc6c5f795c,212,7.066667,1,0.321639,0.881610,0.3160
75f77a82-0d57-4ea5-bfe7-cdfc6c5f795c,212,7.066667,4,0.469304,0.992954,0.9074
75f77a82-0d57-4ea5-bfe7-cdfc6c5f795c,212,7.066667,5,0.769566,0.771443,0.2057
75f77a82-0d57-4ea5-bfe7-cdfc6c5f795c,212,7.066667,6,0.682468,0.684837,0.4183
75f77a82-0d57-4ea5-bfe7-cdfc6c5f795c,212,7.066667,7,0.779136,0.677088,0.5429
75f77a82-0d57-4ea5-bfe7-cdfc6c5f795c,212,7.066667,10,0.722726,0.840725,0.8409
75f77a82-0d57-4ea5-bfe7-cdfc6c5f795c,212,7.066667,13,0.161763,0.760466,0.7292
75f77a82-0d57-4ea5-bfe7-cdfc6c5f795c,212,7.066667,14,0.238155,0.993678,0.8342
75f77a82-0d57-4ea5-bfe7-cdfc6c5f795c,212,7.066667,15,0.581708,0.945505,0.9006
75f77a82-0d57-4ea5-bfe7-cdfc6c5f795c,212,7.066667,17,0.388803,0.710403,0.5726
75f77a82-0d57-4ea5-bfe7-cdfc6c5f795c,212,7.066667,20,0.666067,0.989211,0.9032
75f77a82-0d57-4ea5-bfe7-cdfc6c5f795c,212,7.066667,24,0.067518,0.893514,0.8177
75f77a82-0d57-4ea5-bfe7-cdfc6c5f795c,212,7.066667,25,0.109328,0.889365,0.7827
75f77a82-0d57-4ea5-bfe7-cdfc6c5f795c,213,7.100000,4,0.469494,0.992925,0.9079
75f77a82-0d57-4ea5-bfe7-cdfc6c5f795c,213,7.100000,5,0.769674,0.798660,0.2359
75f77a82-0d57-4ea5-bfe7-cdfc6c5f795c,213,7.100000,6,0.682087,0.678749,0.3861
75f77a82-0d57-4ea5-bfe7-cdfc6c5f795c,213,7.100000,7,0.779465,0.681407,0.5705
75f77a82-0d57-4ea5-bfe7-cdfc6c5f795c,213,7.100000,10,0.723373,0.837246,0.8350
75f77a82-0d57-4ea5-bfe7-cdfc6c5f795c,213,7.100000,13,0.161402,0.761495,0.7287
75f77a82-0d57-4ea5-bfe7-cdfc6c5f795c,213,7.100000,14,0.242320,0.992860,0.8006
75f77a82-0d57-4ea5-bfe7-cdfc6c5f795c,213,7.100000,15,0.581562,0.946585,0.9041
75f77a82-0d57-4ea5-bfe7-cdfc6c5f795c,213,7.100000,17,0.388923,0.710172,0.5569
75f77a82-0d57-4ea5-bfe7-cdfc6c5f795c,213,7.100000,20,0.669494,0.987658,0.9040
75f77a82-0d57-4ea5-bfe7-cdfc6c5f795c,213,7.100000,24,0.067502,0.892774,0.8003
75f77a82-0d57-4ea5-bfe7-cdfc6c5f795c,213,7.100000,25,0.109109,0.890266,0.7760
75f77a82-0d57-4ea5-bfe7-cdfc6c5f795c,214,7.133333,1,0.245907,0.994925,0.8181
75f77a82-0d57-4ea5-bfe7-cdfc6c5f795c,214,7.133333,4,0.469264,0.992046,0.9107
75f77a82-0d57-4ea5-bfe7-cdfc6c5f795c,214,7.133333,5,0.770838,0.805150,0.3019
75f77a82-0d57-4ea5-bfe7-cdfc6c5f795c,214,7.133333,6,0.682641,0.670319,0.3127
75f77a82-0d57-4ea5-bfe7-cdfc6c5f795c,214,7.133333,7,0.778605,0.682781,0.5472
75f77a82-0d57-4ea5-bfe7-cdfc6c5f795c,214,7.133333,10,0.723557,0.836571,0.8169
75f77a82-0d57-4ea5-bfe7-cdfc6c5f795c,214,7.133333,13,0.160555,0.763129,0.7288
75f77a82-0d57-4ea5-bfe7-cdfc6c5f795c,214,7.133333,14,0.140886,0.910741,0.6217
75f77a82-0d57-4ea5-bfe7-cdfc6c5f795c,214,7.133333,15,0.580615,0.949269,0.9085
75f77a82-0d57-4ea5-bfe7-cdfc6c5f795c,214,7.133333,17,0.389074,0.710689,0.5183
75f77a82-0d57-4ea5-bfe7-cdfc6c5f795c,214,7.133333,20,0.671456,0.997661,0.9155
75f77a82-0d57-4ea5-bfe7-cdfc6c5f795c,214,7.133333,24,0.066794,0.890388,0.7973
75f77a82-0d57-4ea5-bfe7-cdfc6c5f795c,214,7.133333,25,0.107979,0.885813,0.7519
75f77a82-0d57-4ea5-bfe7-cdfc6c5f795c,215,7.166667,1,0.248298,0.994807,0.8289
75f77a82-0d57-4ea5-bfe7-cdfc6c5f795c,215,7.166667,4,0.468077,0.992037,0.9094
75f77a82-0d57-4ea5-bfe7-cdfc6c5f795c,215,7.166667,5,0.770147,0.802429,0.3746
75f77a82-0d57-4ea5-bfe7-cdfc6c5f795c,215,7.166667,6,0.682370,0.663922,0.2509
75f77a82-0d57-4ea5-bfe7-cdfc6c5f795c,215,7.166667,7,0.777902,0.684988,0.5338
75f77a82-0d57-4ea5-bfe7-cdfc6c5f795c,215,7.166667,10,0.723652,0.830072,0.7865
75f77a82-0d57-4ea5-bfe7-cdfc6c5f795c,215,7.166667,13,0.160068,0.765915,0.7304
75f77a82-0d57-4ea5-bfe7-cdfc6c5f795c,215,7.166667,14,0.142120,0.911721,0.6258
75f77a82-0d57-4ea5-bfe7-cdfc6c5f795c,215,7.166667,15,0.579519,0.948261,0.9127
75f77a82-0d57-4ea5-bfe7-cdfc6c5f795c,215,7.166667,17,0.388519,0.710084,0.5198
75f77a82-0d57-4ea5-bfe7-cdfc6c5f795c,215,7.166667,20,0.674217,0.998148,0.9131
75f77a82-0d57-4ea5-bfe7-cdfc6c5f795c,215,7.166667,24,0.066717,0.890345,0.7890
75f77a82-0d57-4ea5-bfe7-cdfc6c5f795c,215,7.166667,25,0.106081,0.884322,0.7290
75f77a82-0d57-4ea5-bfe7-cdfc6c5f795c,216,7.200000,1,0.251298,0.990911,0.8610
75f77a82-0d57-4ea5-bfe7-cdfc6c5f795c,216,7.200000,4,0.467163,0.992665,0.9033
75f77a82-0d57-4ea5-bfe7-cdfc6c5f795c,216,7.200000,5,0.769192,0.800254,0.4063
75f77a82-0d57-4ea5-bfe7-cdfc6c5f795c,216,7.200000,6,0.682126,0.655149,0.2119
75f77a82-0d57-4ea5-bfe7-cdfc6c5f795c,216,7.200000,7,0.777435,0.687527,0.5096
75f77a82-0d57-4ea5-bfe7-cdfc6c5f795c,216,7.200000,10,0.723046,0.830907,0.7616
75f77a82-0d57-4ea5-bfe7-cdfc6c5f795c,216,7.200000,13,0.159752,0.768216,0.7487
75f77a82-0d57-4ea5-bfe7-cdfc6c5f795c,216,7.200000,14,0.142428,0.914581,0.7585
75f77a82-0d57-4ea5-bfe7-cdfc6c5f795c,216,7.200000,15,0.578335,0.949688,0.9135
75f77a82-0d57-4ea5-bfe7-cdfc6c5f795c,216,7.200000,17,0.388250,0.709206,0.4591
75f77a82-0d57-4ea5-bfe7-cdfc6c5f795c,216,7.200000,20,0.677489,0.998148,0.9104
75f77a82-0d57-4ea5-bfe7-cdfc6c5f795c,216,7.200000,24,0.066174,0.885502,0.6964
75f77a82-0d57-4ea5-bfe7-cdfc6c5f795c,216,7.200000,25,0.104026,0.881967,0.7159
75f77a82-0d57-4ea5-bfe7-cdfc6c5f795c,217,7.233333,1,0.252759,0.987647,0.8726
75f77a82-0d57-4ea5-bfe7-cdfc6c5f795c,217,7.233333,4,0.466570,0.993247,0.9023
75f77a82-0d57-4ea5-bfe7-cdfc6c5f795c,217,7.233333,5,0.769207,0.801431,0.4176
75f77a82-0d57-4ea5-bfe7-cdfc6c5f795c,217,7.233333,6,0.680732,0.653006,0.2447
75f77a82-0d57-4ea5-bfe7-cdfc6c5f795c,217,7.233333,7,0.777852,0.687601,0.4832
75f77a82-0d57-4ea5-bfe7-cdfc6c5f795c,217,7.233333,10,0.722643,0.829401,0.7315
75f77a82-0d57-4ea5-bfe7-cdfc6c5f795c,217,7.233333,13,0.159008,0.769930,0.7266
75f77a82-0d57-4ea5-bfe7-cdfc6c5f795c,217,7.233333,14,0.142772,0.917824,0.6022
75f77a82-0d57-4ea5-bfe7-cdfc6c5f795c,217,7.233333,15,0.577729,0.951211,0.9156
75f77a82-0d57-4ea5-bfe7-cdfc6c5f795c,217,7.233333,17,0.387944,0.707409,0.3614
75f77a82-0d57-4ea5-bfe7-cdfc6c5f795c,217,7.233333,20,0.679423,0.998148,0.9151
75f77a82-0d57-4ea5-bfe7-cdfc6c5f795c,217,7.233333,24,0.054552,0.871990,0.6319
75f77a82-0d57-4ea5-bfe7-cdfc6c5f795c,217,7.233333,25,0.102943,0.886643,0.6987
75f77a82-0d57-4ea5-bfe7-cdfc6c5f795c,218,7.266667,1,0.252888,0.985774,0.8739
75f77a82-0d57-4ea5-bfe7-cdfc6c5f795c,218,7.266667,4,0.468736,0.993447,0.9054
75f77a82-0d57-4ea5-bfe7-cdfc6c5f795c,218,7.266667,5,0.769185,0.803726,0.3188
75f77a82-0d57-4ea5-bfe7-cdfc6c5f795c,218,7.266667,6,0.679059,0.638969,0.2007
75f77a82-0d57-4ea5-bfe7-cdfc6c5f795c,218,7.266667,7,0.777920,0.688786,0.4825
75f77a82-0d57-4ea5-bfe7-cdfc6c5f795c,218,7.266667,10,0.722298,0.826388,0.6545
75f77a82-0d57-4ea5-bfe7-cdfc6c5f795c,218,7.266667,13,0.158985,0.770042,0.7119
75f77a82-0d57-4ea5-bfe7-cdfc6c5f795c,218,7.266667,14,0.144084,0.920249,0.5448
75f77a82-0d57-4ea5-bfe7-cdfc6c5f795c,218,7.266667,15,0.577299,0.953122,0.9142
75f77a82-0d57-4ea5-bfe7-cdfc6c5f795c,218,7.266667,17,0.387936,0.706652,0.1681
75f77a82-0d57-4ea5-bfe7-cdfc6c5f795c,218,7.266667,20,0.681042,0.998148,0.9141
75f77a82-0d57-4ea5-bfe7-cdfc6c5f795c,218,7.266667,24,0.054146,0.875619,0.5874
75f77a82-0d57-4ea5-bfe7-cdfc6c5f795c,218,7.266667,25,0.101724,0.903797,0.6576
75f77a82-0d57-4ea5-bfe7-cdfc6c5f795c,219,7.300000,1,0.253509,0.985138,0.8695
75f77a82-0d57-4ea5-bfe7-cdfc6c5f795c,219,7.300000,4,0.469196,0.994007,0.9079
75f77a82-0d57-4ea5-bfe7-cdfc6c5f795c,219,7.300000,5,0.768787,0.804613,0.3441
75f77a82-0d57-4ea5-bfe7-cdfc6c5f795c,219,7.300000,6,0.699178,0.813284,0.4644
75f77a82-0d57-4ea5-bfe7-cdfc6c5f795c,219,7.300000,7,0.777209,0.693850,0.4659
75f77a82-0d57-4ea5-bfe7-cdfc6c5f795c,219,7.300000,10,0.727067,0.822880,0.5464
75f77a82-0d57-4ea5-bfe7-cdfc6c5f795c,219,7.300000,13,0.157978,0.766610,0.7067
75f77a82-0d57-4ea5-bfe7-cdfc6c5f795c,219,7.300000,14,0.143824,0.918934,0.6132
75f77a82-0d57-4ea5-bfe7-cdfc6c5f795c,219,7.300000,15,0.575983,0.951208,0.9076
75f77a82-0d57-4ea5-bfe7-cdfc6c5f795c,219,7.300000,17,0.388232,0.707414,0.1982
75f77a82-0d57-4ea5-bfe7-cdfc6c5f795c,219,7.300000,20,0.683393,0.998146,0.9094
75f77a82-0d57-4ea5-bfe7-cdfc6c5f795c,219,7.300000,24,0.052198,0.874565,0.5612
75f77a82-0d57-4ea5-bfe7-cdfc6c5f795c,219,7.300000,25,0.100407,0.904509,0.6527
75f77a82-0d57-4ea5-bfe7-cdfc6c5f795c,220,7.333333,1,0.255454,0.984825,0.8795
75f77a82-0d57-4ea5-bfe7-cdfc6c5f795c,220,7.333333,4,0.469440,0.994473,0.9061
75f77a82-0d57-4ea5-bfe7-cdfc6c5f795c,220,7.333333,5,0.769024,0.803667,0.3299
75f77a82-0d57-4ea5-bfe7-cdfc6c5f795c,220,7.333333,6,0.671920,0.704499,0.1637
75f77a82-0d57-4ea5-bfe7-cdfc6c5f795c,220,7.333333,7,0.776738,0.693980,0.4706
75f77a82-0d57-4ea5-bfe7-cdfc6c5f795c,220,7.333333,10,0.727084,0.824107,0.5506
75f77a82-0d57-4ea5-bfe7-cdfc6c5f795c,220,7.333333,13,0.157418,0.768474,0.7064
75f77a82-0d57-4ea5-bfe7-cdfc6c5f795c,220,7.333333,14,0.143900,0.919068,0.6729
75f77a82-0d57-4ea5-bfe7-cdfc6c5f795c,220,7.333333,15,0.575362,0.949414,0.9014
75f77a82-0d57-4ea5-bfe7-cdfc6c5f795c,220,7.333333,17,0.388628,0.709123,0.2435
75f77a82-0d57-4ea5-bfe7-cdfc6c5f795c,220,7.333333,18,0.538144,0.674678,0.3395
75f77a82-0d57-4ea5-bfe7-cdfc6c5f795c,220,7.333333,20,0.685241,0.997957,0.9085
75f77a82-0d57-4ea5-bfe7-cdfc6c5f795c,220,7.333333,24,0.053025,0.877511,0.5870
75f77a82-0d57-4ea5-bfe7-cdfc6c5f795c,220,7.333333,25,0.101053,0.906003,0.6859
75f77a82-0d57-4ea5-bfe7-cdfc6c5f795c,221,7.366667,1,0.256439,0.982072,0.8585
75f77a82-0d57-4ea5-bfe7-cdfc6c5f795c,221,7.366667,4,0.468769,0.993692,0.9070
75f77a82-0d57-4ea5-bfe7-cdfc6c5f795c,221,7.366667,5,0.768411,0.804389,0.4062
75f77a82-0d57-4ea5-bfe7-cdfc6c5f795c,221,7.366667,6,0.674859,0.707814,0.3164
75f77a82-0d57-4ea5-bfe7-cdfc6c5f795c,221,7.366667,7,0.776391,0.694400,0.4105
75f77a82-0d57-4ea5-bfe7-cdfc6c5f795c,221,7.366667,10,0.726080,0.823234,0.5601
75f77a82-0d57-4ea5-bfe7-cdfc6c5f795c,221,7.366667,13,0.156703,0.767470,0.6932
75f77a82-0d57-4ea5-bfe7-cdfc6c5f795c,221,7.366667,14,0.143478,0.918750,0.7269
75f77a82-0d57-4ea5-bfe7-cdfc6c5f795c,221,7.366667,15,0.574924,0.949388,0.8941
75f77a82-0d57-4ea5-bfe7-cdfc6c5f795c,221,7.366667,17,0.388608,0.709448,0.3794
75f77a82-0d57-4ea5-bfe7-cdfc6c5f795c,221,7.366667,18,0.537591,0.671976,0.3346
75f77a82-0d57-4ea5-bfe7-cdfc6c5f795c,221,7.366667,20,0.687949,0.997482,0.9008
75f77a82-0d57-4ea5-bfe7-cdfc6c5f795c,221,7.366667,24,0.053252,0.876747,0.5389
75f77a82-0d57-4ea5-bfe7-cdfc6c5f795c,221,7.366667,25,0.099679,0.905381,0.6837
75f77a82-0d57-4ea5-bfe7-cdfc6c5f795c,222,7.400000,1,0.258139,0.986153,0.8627
75f77a82-0d57-4ea5-bfe7-cdfc6c5f795c,222,7.400000,4,0.468599,0.994250,0.9082
75f77a82-0d57-4ea5-bfe7-cdfc6c5f795c,222,7.400000,5,0.768605,0.802376,0.4267
75f77a82-0d57-4ea5-bfe7-cdfc6c5f795c,222,7.400000,6,0.676102,0.691447,0.4514
75f77a82-0d57-4ea5-bfe7-cdfc6c5f795c,222,7.400000,7,0.775582,0.694291,0.3905
75f77a82-0d57-4ea5-bfe7-cdfc6c5f795c,222,7.400000,10,0.727189,0.820399,0.5729
75f77a82-0d57-4ea5-bfe7-cdfc6c5f795c,222,7.400000,13,0.156156,0.768739,0.6768
75f77a82-0d57-4ea5-bfe7-cdfc6c5f795c,222,7.400000,14,0.143969,0.919089,0.7212
75f77a82-0d57-4ea5-bfe7-cdfc6c5f795c,222,7.400000,15,0.574148,0.949969,0.8874
75f77a82-0d57-4ea5-bfe7-cdfc6c5f795c,222,7.400000,17,0.389002,0.708375,0.3491
75f77a82-0d57-4ea5-bfe7-cdfc6c5f795c,222,7.400000,18,0.537573,0.669471,0.3473
75f77a82-0d57-4ea5-bfe7-cdfc6c5f795c,222,7.400000,20,0.690960,0.998148,0.9008
75f77a82-0d57-4ea5-bfe7-cdfc6c5f795c,222,7.400000,24,0.053011,0.875404,0.5201
75f77a82-0d57-4ea5-bfe7-cdfc6c5f795c,222,7.400000,25,0.099733,0.903631,0.6731
75f77a82-0d57-4ea5-bfe7-cdfc6c5f795c,222,7.400000,26,0.202724,0.701932,0.4542
75f77a82-0d57-4ea5-bfe7-cdfc6c5f795c,223,7.433333,1,0.261764,0.985906,0.8761
75f77a82-0d57-4ea5-bfe7-cdfc6c5f795c,223,7.433333,4,0.468124,0.993817,0.9125
75f77a82-0d57-4ea5-bfe7-cdfc6c5f795c,223,7.433333,5,0.768605,0.797053,0.4833
75f77a82-0d57-4ea5-bfe7-cdfc6c5f795c,223,7.433333,6,0.677534,0.723611,0.4349
75f77a82-0d57-4ea5-bfe7-cdfc6c5f795c,223,7.433333,7,0.775634,0.696817,0.4292
75f77a82-0d57-4ea5-bfe7-cdfc6c5f795c,223,7.433333,10,0.728438,0.799290,0.4765
75f77a82-0d57-4ea5-bfe7-cdfc6c5f795c,223,7.433333,13,0.156534,0.766948,0.6857
75f77a82-0d57-4ea5-bfe7-cdfc6c5f795c,223,7.433333,14,0.144777,0.915344,0.7398
75f77a82-0d57-4ea5-bfe7-cdfc6c5f795c,223,7.433333,15,0.572684,0.930720,0.8775
75f77a82-0d57-4ea5-bfe7-cdfc6c5f795c,223,7.433333,17,0.387048,0.695531,0.1777
75f77a82-0d57-4ea5-bfe7-cdfc6c5f795c,223,7.433333,18,0.538031,0.666468,0.2806
75f77a82-0d57-4ea5-bfe7-cdfc6c5f795c,223,7.433333,20,0.692022,0.998148,0.8981
75f77a82-0d57-4ea5-bfe7-cdfc6c5f795c,223,7.433333,24,0.055208,0.877043,0.5403
75f77a82-0d57-4ea5-bfe7-cdfc6c5f795c,223,7.433333,25,0.100449,0.898694,0.6949
75f77a82-0d57-4ea5-bfe7-cdfc6c5f795c,223,7.433333,26,0.205763,0.700298,0.5020
75f77a82-0d57-4ea5-bfe7-cdfc6c5f795c,224,7.466667,1,0.264900,0.982429,0.8728
75f77a82-0d57-4ea5-bfe7-cdfc6c5f795c,224,7.466667,4,0.468060,0.992717,0.9139
75f77a82-0d57-4ea5-bfe7-cdfc6c5f795c,224,7.466667,5,0.769471,0.784681,0.4762
75f77a82-0d57-4ea5-bfe7-cdfc6c5f795c,224,7.466667,6,0.677773,0.748714,0.4576
75f77a82-0d57-4ea5-bfe7-cdfc6c5f795c,224,7.466667,7,0.774265,0.690177,0.3031
75f77a82-0d57-4ea5-bfe7-cdfc6c5f795c,224,7.466667,10,0.738946,0.788802,0.4527
75f77a82-0d57-4ea5-bfe7-cdfc6c5f795c,224,7.466667,13,0.155604,0.767222,0.6646
75f77a82-0d57-4ea5-bfe7-cdfc6c5f795c,224,7.466667,14,0.147250,0.914259,0.7521
75f77a82-0d57-4ea5-bfe7-cdfc6c5f795c,224,7.466667,15,0.571755,0.935837,0.8803
75f77a82-0d57-4ea5-bfe7-cdfc6c5f795c,224,7.466667,18,0.538076,0.664007,0.2128
75f77a82-0d57-4ea5-bfe7-cdfc6c5f795c,224,7.466667,20,0.695116,0.998148,0.8946
75f77a82-0d57-4ea5-bfe7-cdfc6c5f795c,224,7.466667,24,0.054253,0.874463,0.5739
75f77a82-0d57-4ea5-bfe7-cdfc6c5f795c,224,7.466667,25,0.099126,0.896096,0.6752
75f77a82-0d57-4ea5-bfe7-cdfc6c5f795c,224,7.466667,26,0.208032,0.698650,0.5146
75f77a82-0d57-4ea5-bfe7-cdfc6c5f795c,225,7.500000,1,0.266772,0.980141,0.8767
75f77a82-0d57-4ea5-bfe7-cdfc6c5f795c,225,7.500000,4,0.467445,0.992018,0.9124
75f77a82-0d57-4ea5-bfe7-cdfc6c5f795c,225,7.500000,5,0.768762,0.790614,0.4732
75f77a82-0d57-4ea5-bfe7-cdfc6c5f795c,225,7.500000,6,0.675444,0.759948,0.5093
75f77a82-0d57-4ea5-bfe7-cdfc6c5f795c,225,7.500000,7,0.774826,0.697409,0.4322
75f77a82-0d57-4ea5-bfe7-cdfc6c5f795c,225,7.500000,10,0.740202,0.792760,0.4435
75f77a82-0d57-4ea5-bfe7-cdfc6c5f795c,225,7.500000,13,0.155814,0.767084,0.6556
75f77a82-0d57-4ea5-bfe7-cdfc6c5f795c,225,7.500000,14,0.150090,0.913915,0.7231
75f77a82-0d57-4ea5-bfe7-cdfc6c5f795c,225,7.500000,15,0.571653,0.906070,0.8573
75f77a82-0d57-4ea5-bfe7-cdfc6c5f795c,225,7.500000,18,0.537448,0.664677,0.1956
75f77a82-0d57-4ea5-bfe7-cdfc6c5f795c,225,7.500000,20,0.698337,0.998148,0.8971
75f77a82-0d57-4ea5-bfe7-cdfc6c5f795c,225,7.500000,24,0.052565,0.871226,0.5467
75f77a82-0d57-4ea5-bfe7-cdfc6c5f795c,225,7.500000,25,0.097766,0.894540,0.6534
75f77a82-0d57-4ea5-bfe7-cdfc6c5f795c,225,7.500000,26,0.205378,0.711758,0.4550
75f77a82-0d57-4ea5-bfe7-cdfc6c5f795c,226,7.533333,1,0.269231,0.980126,0.8708
75f77a82-0d57-4ea5-bfe7-cdfc6c5f795c,226,7.533333,4,0.468151,0.992158,0.9116
75f77a82-0d57-4ea5-bfe7-cdfc6c5f795c,226,7.533333,5,0.769461,0.786914,0.4180
75f77a82-0d57-4ea5-bfe7-cdfc6c5f795c,226,7.533333,6,0.675765,0.770322,0.5114
75f77a82-0d57-4ea5-bfe7-cdfc6c5f795c,226,7.533333,7,0.774940,0.699267,0.4265
75f77a82-0d57-4ea5-bfe7-cdfc6c5f795c,226,7.533333,10,0.740350,0.784275,0.4544
75f77a82-0d57-4ea5-bfe7-cdfc6c5f795c,226,7.533333,13,0.155852,0.768276,0.6379
75f77a82-0d57-4ea5-bfe7-cdfc6c5f795c,226,7.533333,14,0.153615,0.915181,0.7196
75f77a82-0d57-4ea5-bfe7-cdfc6c5f795c,226,7.533333,15,0.570977,0.874962,0.8491
75f77a82-0d57-4ea5-bfe7-cdfc6c5f795c,226,7.533333,17,0.390206,0.705600,0.1305
75f77a82-0d57-4ea5-bfe7-cdfc6c5f795c,226,7.533333,18,0.537128,0.668002,0.2333
75f77a82-0d57-4ea5-bfe7-cdfc6c5f795c,226,7.533333,20,0.702633,0.998148,0.9026
75f77a82-0d57-4ea5-bfe7-cdfc6c5f795c,226,7.533333,24,0.052649,0.874545,0.4983
75f77a82-0d57-4ea5-bfe7-cdfc6c5f795c,226,7.533333,25,0.094330,0.894828,0.6083
75f77a82-0d57-4ea5-bfe7-cdfc6c5f795c,226,7.533333,26,0.202540,0.777684,0.4735
75f77a82-0d57-4ea5-bfe7-cdfc6c5f795c,227,7.566667,1,0.271361,0.979086,0.8768
75f77a82-0d57-4ea5-bfe7-cdfc6c5f795c,227,7.566667,4,0.468295,0.991778,0.9121
75f77a82-0d57-4ea5-bfe7-cdfc6c5f795c,227,7.566667,5,0.769193,0.783942,0.4157
75f77a82-0d57-4ea5-bfe7-cdfc6c5f795c,227,7.566667,6,0.675672,0.779385,0.4643
75f77a82-0d57-4ea5-bfe7-cdfc6c5f795c,227,7.566667,7,0.775268,0.697816,0.4301
75f77a82-0d57-4ea5-bfe7-cdfc6c5f795c,227,7.566667,10,0.740598,0.779482,0.4290
75f77a82-0d57-4ea5-bfe7-cdfc6c5f795c,227,7.566667,13,0.156062,0.772981,0.6366
75f77a82-0d57-4ea5-bfe7-cdfc6c5f795c,227,7.566667,14,0.156631,0.914998,0.7327
75f77a82-0d57-4ea5-bfe7-cdfc6c5f795c,227,7.566667,15,0.570463,0.872695,0.8483
75f77a82-0d57-4ea5-bfe7-cdfc6c5f795c,227,7.566667,17,0.389543,0.702230,0.2022
75f77a82-0d57-4ea5-bfe7-cdfc6c5f795c,227,7.566667,18,0.536780,0.664234,0.1990
75f77a82-0d57-4ea5-bfe7-cdfc6c5f795c,227,7.566667,20,0.705294,0.998148,0.9029
75f77a82-0d57-4ea5-bfe7-cdfc6c5f795c,227,7.566667,24,0.062582,0.880925,0.4279
75f77a82-0d57-4ea5-bfe7-cdfc6c5f795c,227,7.566667,25,0.092371,0.891267,0.5689
75f77a82-0d57-4ea5-bfe7-cdfc6c5f795c,227,7.566667,26,0.204527,0.768712,0.4966
75f77a82-0d57-4ea5-bfe7-cdfc6c5f795c,228,7.600000,1,0.272673,0.979757,0.8707
75f77a82-0d57-4ea5-bfe7-cdfc6c5f795c,228,7.600000,4,0.467622,0.992052,0.9133
75f77a82-0d57-4ea5-bfe7-cdfc6c5f795c,228,7.600000,5,0.769031,0.779344,0.3458
75f77a82-0d57-4ea5-bfe7-cdfc6c5f795c,228,7.600000,6,0.674413,0.767058,0.5069
75f77a82-0d57-4ea5-bfe7-cdfc6c5f795c,228,7.600000,7,0.774873,0.695252,0.3864
75f77a82-0d57-4ea5-bfe7-cdfc6c5f795c,228,7.600000,10,0.739204,0.766922,0.3940
75f77a82-0d57-4ea5-bfe7-cdfc6c5f795c,228,7.600000,13,0.156509,0.778203,0.6335
75f77a82-0d57-4ea5-bfe7-cdfc6c5f795c,228,7.600000,14,0.157859,0.915405,0.7267
75f77a82-0d57-4ea5-bfe7-cdfc6c5f795c,228,7.600000,15,0.570359,0.877732,0.8573
75f77a82-0d57-4ea5-bfe7-cdfc6c5f795c,228,7.600000,17,0.389269,0.694196,0.2116
75f77a82-0d57-4ea5-bfe7-cdfc6c5f795c,228,7.600000,18,0.537205,0.655866,0.1253
75f77a82-0d57-4ea5-bfe7-cdfc6c5f795c,228,7.600000,20,0.708671,0.998148,0.8916
75f77a82-0d57-4ea5-bfe7-cdfc6c5f795c,228,7.600000,24,0.065401,0.884184,0.5029
75f77a82-0d57-4ea5-bfe7-cdfc6c5f795c,228,7.600000,25,0.093772,0.888359,0.5380
75f77a82-0d57-4ea5-bfe7-cdfc6c5f795c,228,7.600000,26,0.206155,0.752840,0.5149
75f77a82-0d57-4ea5-bfe7-cdfc6c5f795c,229,7.633333,1,0.274925,0.980930,0.8640
75f77a82-0d57-4ea5-bfe7-cdfc6c5f795c,229,7.633333,4,0.466373,0.991182,0.9151
75f77a82-0d57-4ea5-bfe7-cdfc6c5f795c,229,7.633333,5,0.769038,0.772301,0.3098
75f77a82-0d57-4ea5-bfe7-cdfc6c5f795c,229,7.633333,6,0.674688,0.775091,0.5007
75f77a82-0d57-4ea5-bfe7-cdfc6c5f795c,229,7.633333,7,0.774418,0.693435,0.2842
75f77a82-0d57-4ea5-bfe7-cdfc6c5f795c,229,7.633333,10,0.738284,0.756728,0.3712
75f77a82-0d57-4ea5-bfe7-cdfc6c5f795c,229,7.633333,13,0.156887,0.792722,0.6058
75f77a82-0d57-4ea5-bfe7-cdfc6c5f795c,229,7.633333,14,0.159271,0.915610,0.6801
75f77a82-0d57-4ea5-bfe7-cdfc6c5f795c,229,7.633333,15,0.570380,0.872946,0.8607
75f77a82-0d57-4ea5-bfe7-cdfc6c5f795c,229,7.633333,18,0.536156,0.668329,0.1386
75f77a82-0d57-4ea5-bfe7-cdfc6c5f795c,229,7.633333,20,0.714526,0.998148,0.8973
75f77a82-0d57-4ea5-bfe7-cdfc6c5f795c,229,7.633333,24,0.066186,0.884202,0.5405
75f77a82-0d57-4ea5-bfe7-cdfc6c5f795c,229,7.633333,25,0.094458,0.884371,0.4623
75f77a82-0d57-4ea5-bfe7-cdfc6c5f795c,229,7.633333,26,0.204156,0.773030,0.4878
75f77a82-0d57-4ea5-bfe7-cdfc6c5f795c,230,7.666667,1,0.275808,0.982762,0.8699
75f77a82-0d57-4ea5-bfe7-cdfc6c5f795c,230,7.666667,4,0.466548,0.991418,0.9130
75f77a82-0d57-4ea5-bfe7-cdfc6c5f795c,230,7.666667,5,0.767392,0.769232,0.3455
75f77a82-0d57-4ea5-bfe7-cdfc6c5f795c,230,7.666667,6,0.674748,0.780307,0.5118
75f77a82-0d57-4ea5-bfe7-cdfc6c5f795c,230,7.666667,7,0.772653,0.673890,0.2180
75f77a82-0d57-4ea5-bfe7-cdfc6c5f795c,230,7.666667,10,0.738215,0.759775,0.1990
75f77a82-0d57-4ea5-bfe7-cdfc6c5f795c,230,7.666667,13,0.156302,0.786028,0.6250
75f77a82-0d57-4ea5-bfe7-cdfc6c5f795c,230,7.666667,14,0.160170,0.916838,0.6652
75f77a82-0d57-4ea5-bfe7-cdfc6c5f795c,230,7.666667,15,0.570616,0.876520,0.8493
75f77a82-0d57-4ea5-bfe7-cdfc6c5f795c,230,7.666667,20,0.717981,0.998148,0.9014
75f77a82-0d57-4ea5-bfe7-cdfc6c5f795c,230,7.666667,24,0.065610,0.884896,0.6191
75f77a82-0d57-4ea5-bfe7-cdfc6c5f795c,230,7.666667,25,0.097535,0.861087,0.3877
75f77a82-0d57-4ea5-bfe7-cdfc6c5f795c,230,7.666667,26,0.202658,0.791450,0.5947
75f77a82-0d57-4ea5-bfe7-cdfc6c5f795c,231,7.700000,1,0.278047,0.983705,0.8467
75f77a82-0d57-4ea5-bfe7-cdfc6c5f795c,231,7.700000,4,0.466241,0.992409,0.9125
75f77a82-0d57-4ea5-bfe7-cdfc6c5f795c,231,7.700000,5,0.767685,0.765528,0.2856
75f77a82-0d57-4ea5-bfe7-cdfc6c5f795c,231,7.700000,6,0.674847,0.769465,0.4558
75f77a82-0d57-4ea5-bfe7-cdfc6c5f795c,231,7.700000,7,0.771548,0.660749,0.1624
75f77a82-0d57-4ea5-bfe7-cdfc6c5f795c,231,7.700000,10,0.711414,0.803685,0.2317
75f77a82-0d57-4ea5-bfe7-cdfc6c5f795c,231,7.700000,13,0.155302,0.793673,0.6370
75f77a82-0d57-4ea5-bfe7-cdfc6c5f795c,231,7.700000,14,0.161437,0.917133,0.6612
75f77a82-0d57-4ea5-bfe7-cdfc6c5f795c,231,7.700000,15,0.570809,0.869898,0.8482
75f77a82-0d57-4ea5-bfe7-cdfc6c5f795c,231,7.700000,20,0.723185,0.998148,0.8995
75f77a82-0d57-4ea5-bfe7-cdfc6c5f795c,231,7.700000,24,0.064775,0.900086,0.6129
75f77a82-0d57-4ea5-bfe7-cdfc6c5f795c,231,7.700000,25,0.094464,0.883066,0.3392
75f77a82-0d57-4ea5-bfe7-cdfc6c5f795c,231,7.700000,26,0.202525,0.788364,0.5836
75f77a82-0d57-4ea5-bfe7-cdfc6c5f795c,232,7.733333,1,0.279505,0.984961,0.8679
75f77a82-0d57-4ea5-bfe7-cdfc6c5f795c,232,7.733333,4,0.466122,0.992248,0.9119
75f77a82-0d57-4ea5-bfe7-cdfc6c5f795c,232,7.733333,5,0.767054,0.771849,0.2240
75f77a82-0d57-4ea5-bfe7-cdfc6c5f795c,232,7.733333,6,0.674354,0.769260,0.4684
75f77a82-0d57-4ea5-bfe7-cdfc6c5f795c,232,7.733333,7,0.769563,0.653510,0.1304
75f77a82-0d57-4ea5-bfe7-cdfc6c5f795c,232,7.733333,10,0.711347,0.803272,0.2169
75f77a82-0d57-4ea5-bfe7-cdfc6c5f795c,232,7.733333,13,0.155912,0.788118,0.6023
75f77a82-0d57-4ea5-bfe7-cdfc6c5f795c,232,7.733333,14,0.161642,0.918138,0.7263
75f77a82-0d57-4ea5-bfe7-cdfc6c5f795c,232,7.733333,15,0.571260,0.933257,0.8156
75f77a82-0d57-4ea5-bfe7-cdfc6c5f795c,232,7.733333,17,0.384264,0.673235,0.1643
75f77a82-0d57-4ea5-bfe7-cdfc6c5f795c,232,7.733333,20,0.728597,0.998148,0.9043
75f77a82-0d57-4ea5-bfe7-cdfc6c5f795c,232,7.733333,24,0.063571,0.901482,0.5814
75f77a82-0d57-4ea5-bfe7-cdfc6c5f795c,232,7.733333,25,0.094762,0.884091,0.3097
75f77a82-0d57-4ea5-bfe7-cdfc6c5f795c,232,7.733333,26,0.201244,0.787950,0.5195
75f77a82-0d57-4ea5-bfe7-cdfc6c5f795c,233,7.766667,1,0.280288,0.993442,0.8215
75f77a82-0d57-4ea5-bfe7-cdfc6c5f795c,233,7.766667,4,0.466023,0.992270,0.9101
75f77a82-0d57-4ea5-bfe7-cdfc6c5f795c,233,7.766667,5,0.711829,0.805170,0.2169
75f77a82-0d57-4ea5-bfe7-cdfc6c5f795c,233,7.766667,6,0.674249,0.810727,0.4588
75f77a82-0d57-4ea5-bfe7-cdfc6c5f795c,233,7.766667,7,0.768609,0.760366,0.2213
75f77a82-0d57-4ea5-bfe7-cdfc6c5f795c,233,7.766667,10,0.738738,0.643777,0.3613
75f77a82-0d57-4ea5-bfe7-cdfc6c5f795c,233,7.766667,13,0.155909,0.782121,0.5936
75f77a82-0d57-4ea5-bfe7-cdfc6c5f795c,233,7.766667,14,0.161216,0.920001,0.7158
75f77a82-0d57-4ea5-bfe7-cdfc6c5f795c,233,7.766667,15,0.571944,0.875881,0.8154
75f77a82-0d57-4ea5-bfe7-cdfc6c5f795c,233,7.766667,17,0.384245,0.674422,0.2191
75f77a82-0d57-4ea5-bfe7-cdfc6c5f795c,233,7.766667,20,0.730645,0.998148,0.9067
75f77a82-0d57-4ea5-bfe7-cdfc6c5f795c,233,7.766667,24,0.060271,0.895682,0.4903
75f77a82-0d57-4ea5-bfe7-cdfc6c5f795c,233,7.766667,25,0.093759,0.886273,0.3633
75f77a82-0d57-4ea5-bfe7-cdfc6c5f795c,233,7.766667,26,0.199425,0.792036,0.4734
75f77a82-0d57-4ea5-bfe7-cdfc6c5f795c,234,7.800000,1,0.280810,0.993351,0.8255
75f77a82-0d57-4ea5-bfe7-cdfc6c5f795c,234,7.800000,4,0.466494,0.992850,0.9088
75f77a82-0d57-4ea5-bfe7-cdfc6c5f795c,234,7.800000,5,0.738403,0.641865,0.3306
75f77a82-0d57-4ea5-bfe7-cdfc6c5f795c,234,7.800000,6,0.673852,0.809389,0.5048
75f77a82-0d57-4ea5-bfe7-cdfc6c5f795c,234,7.800000,7,0.767479,0.754724,0.2051
75f77a82-0d57-4ea5-bfe7-cdfc6c5f795c,234,7.800000,10,0.713371,0.798898,0.3223
75f77a82-0d57-4ea5-bfe7-cdfc6c5f795c,234,7.800000,13,0.154304,0.781904,0.6008
75f77a82-0d57-4ea5-bfe7-cdfc6c5f795c,234,7.800000,14,0.162282,0.922275,0.7235
75f77a82-0d57-4ea5-bfe7-cdfc6c5f795c,234,7.800000,15,0.572517,0.862611,0.8246
75f77a82-0d57-4ea5-bfe7-cdfc6c5f795c,234,7.800000,17,0.384598,0.675727,0.2557
75f77a82-0d57-4ea5-bfe7-cdfc6c5f795c,234,7.800000,20,0.733690,0.998148,0.9052
75f77a82-0d57-4ea5-bfe7-cdfc6c5f795c,234,7.800000,24,0.056565,0.884798,0.4727
75f77a82-0d57-4ea5-bfe7-cdfc6c5f795c,234,7.800000,25,0.094873,0.868674,0.3252
75f77a82-0d57-4ea5-bfe7-cdfc6c5f795c,234,7.800000,26,0.198085,0.788591,0.4146
75f77a82-0d57-4ea5-bfe7-cdfc6c5f795c,235,7.833333,1,0.280866,0.984561,0.8554
75f77a82-0d57-4ea5-bfe7-cdfc6c5f795c,235,7.833333,4,0.466660,0.993149,0.9078
75f77a82-0d57-4ea5-bfe7-cdfc6c5f795c,235,7.833333,5,0.738267,0.640553,0.2746
75f77a82-0d57-4ea5-bfe7-cdfc6c5f795c,235,7.833333,6,0.673461,0.811044,0.6131
75f77a82-0d57-4ea5-bfe7-cdfc6c5f795c,235,7.833333,7,0.766824,0.745483,0.1904
75f77a82-0d57-4ea5-bfe7-cdfc6c5f795c,235,7.833333,10,0.716379,0.799095,0.3946
75f77a82-0d57-4ea5-bfe7-cdfc6c5f795c,235,7.833333,13,0.154695,0.784066,0.6212
75f77a82-0d57-4ea5-bfe7-cdfc6c5f795c,235,7.833333,14,0.166517,0.921500,0.7506
75f77a82-0d57-4ea5-bfe7-cdfc6c5f795c,235,7.833333,15,0.572579,0.865434,0.8305
75f77a82-0d57-4ea5-bfe7-cdfc6c5f795c,235,7.833333,17,0.387453,0.699448,0.3052
75f77a82-0d57-4ea5-bfe7-cdfc6c5f795c,235,7.833333,20,0.737369,0.998148,0.8997
75f77a82-0d57-4ea5-bfe7-cdfc6c5f795c,235,7.833333,24,0.055611,0.877857,0.5424
75f77a82-0d57-4ea5-bfe7-cdfc6c5f795c,235,7.833333,25,0.097437,0.850313,0.3099
75f77a82-0d57-4ea5-bfe7-cdfc6c5f795c,235,7.833333,26,0.198431,0.701921,0.4105
75f77a82-0d57-4ea5-bfe7-cdfc6c5f795c,236,7.866667,1,0.279643,0.984128,0.8656
75f77a82-0d57-4ea5-bfe7-cdfc6c5f795c,236,7.866667,4,0.466509,0.993802,0.9045
75f77a82-0d57-4ea5-bfe7-cdfc6c5f795c,236,7.866667,5,0.737402,0.641598,0.1547
75f77a82-0d57-4ea5-bfe7-cdfc6c5f795c,236,7.866667,6,0.673299,0.808522,0.6305
75f77a82-0d57-4ea5-bfe7-cdfc6c5f795c,236,7.866667,7,0.767259,0.708402,0.2011
75f77a82-0d57-4ea5-bfe7-cdfc6c5f795c,236,7.866667,10,0.716245,0.801173,0.4686
75f77a82-0d57-4ea5-bfe7-cdfc6c5f795c,236,7.866667,13,0.153918,0.781318,0.6169
75f77a82-0d57-4ea5-bfe7-cdfc6c5f795c,236,7.866667,14,0.168526,0.920591,0.7379
75f77a82-0d57-4ea5-bfe7-cdfc6c5f795c,236,7.866667,15,0.572498,0.862610,0.8132
75f77a82-0d57-4ea5-bfe7-cdfc6c5f795c,236,7.866667,17,0.387351,0.700362,0.2991
75f77a82-0d57-4ea5-bfe7-cdfc6c5f795c,236,7.866667,20,0.740035,0.998148,0.8967
75f77a82-0d57-4ea5-bfe7-cdfc6c5f795c,236,7.866667,24,0.058383,0.872628,0.6243
75f77a82-0d57-4ea5-bfe7-cdfc6c5f795c,236,7.866667,25,0.098007,0.830410,0.3521
75f77a82-0d57-4ea5-bfe7-cdfc6c5f795c,236,7.866667,26,0.196715,0.701678,0.2908
75f77a82-0d57-4ea5-bfe7-cdfc6c5f795c,237,7.900000,1,0.280473,0.986343,0.8471
75f77a82-0d57-4ea5-bfe7-cdfc6c5f795c,237,7.900000,4,0.466088,0.994251,0.9009
75f77a82-0d57-4ea5-bfe7-cdfc6c5f795c,237,7.900000,5,0.737116,0.642433,0.1478
75f77a82-0d57-4ea5-bfe7-cdfc6c5f795c,237,7.900000,6,0.672976,0.802896,0.6210
75f77a82-0d57-4ea5-bfe7-cdfc6c5f795c,237,7.900000,7,0.765362,0.722395,0.2132
75f77a82-0d57-4ea5-bfe7-cdfc6c5f795c,237,7.900000,10,0.712483,0.804606,0.4734
75f77a82-0d57-4ea5-bfe7-cdfc6c5f795c,237,7.900000,13,0.153558,0.783534,0.5994
75f77a82-0d57-4ea5-bfe7-cdfc6c5f795c,237,7.900000,14,0.169945,0.919734,0.7334
75f77a82-0d57-4ea5-bfe7-cdfc6c5f795c,237,7.900000,15,0.572606,0.856740,0.8041
75f77a82-0d57-4ea5-bfe7-cdfc6c5f795c,237,7.900000,17,0.387815,0.705856,0.2630
75f77a82-0d57-4ea5-bfe7-cdfc6c5f795c,237,7.900000,20,0.742656,0.998148,0.9014
75f77a82-0d57-4ea5-bfe7-cdfc6c5f795c,237,7.900000,24,0.054675,0.866720,0.5596
75f77a82-0d57-4ea5-bfe7-cdfc6c5f795c,237,7.900000,25,0.097626,0.850375,0.4133
75f77a82-0d57-4ea5-bfe7-cdfc6c5f795c,237,7.900000,26,0.198630,0.704789,0.2486
75f77a82-0d57-4ea5-bfe7-cdfc6c5f795c,238,7.933333,1,0.281776,0.990663,0.8450
75f77a82-0d57-4ea5-bfe7-cdfc6c5f795c,238,7.933333,4,0.465841,0.993371,0.8989
75f77a82-0d57-4ea5-bfe7-cdfc6c5f795c,238,7.933333,5,0.736952,0.646438,0.1625
75f77a82-0d57-4ea5-bfe7-cdfc6c5f795c,238,7.933333,6,0.672893,0.799109,0.6132
75f77a82-0d57-4ea5-bfe7-cdfc6c5f795c,238,7.933333,7,0.765315,0.700890,0.2074
75f77a82-0d57-4ea5-bfe7-cdfc6c5f795c,238,7.933333,10,0.710152,0.806048,0.5389
75f77a82-0d57-4ea5-bfe7-cdfc6c5f795c,238,7.933333,13,0.152136,0.780013,0.5843
75f77a82-0d57-4ea5-bfe7-cdfc6c5f795c,238,7.933333,14,0.171773,0.919317,0.7287
75f77a82-0d57-4ea5-bfe7-cdfc6c5f795c,238,7.933333,15,0.572578,0.851208,0.7726
75f77a82-0d57-4ea5-bfe7-cdfc6c5f795c,238,7.933333,17,0.387741,0.706099,0.2594
75f77a82-0d57-4ea5-bfe7-cdfc6c5f795c,238,7.933333,20,0.743992,0.998148,0.9080
75f77a82-0d57-4ea5-bfe7-cdfc6c5f795c,238,7.933333,24,0.053876,0.868366,0.5490
75f77a82-0d57-4ea5-bfe7-cdfc6c5f795c,238,7.933333,25,0.097125,0.852877,0.3673
75f77a82-0d57-4ea5-bfe7-cdfc6c5f795c,238,7.933333,26,0.191003,0.678729,0.2715
75f77a82-0d57-4ea5-bfe7-cdfc6c5f795c,239,7.966667,1,0.284655,0.986501,0.8448
75f77a82-0d57-4ea5-bfe7-cdfc6c5f795c,239,7.966667,4,0.464191,0.995609,0.9031
75f77a82-0d57-4ea5-bfe7-cdfc6c5f795c,239,7.966667,5,0.736306,0.645984,0.2013
75f77a82-0d57-4ea5-bfe7-cdfc6c5f795c,239,7.966667,6,0.672681,0.795259,0.6422
75f77a82-0d57-4ea5-bfe7-cdfc6c5f795c,239,7.966667,7,0.766486,0.715610,0.2420
75f77a82-0d57-4ea5-bfe7-cdfc6c5f795c,239,7.966667,10,0.709568,0.810394,0.5956
75f77a82-0d57-4ea5-bfe7-cdfc6c5f795c,239,7.966667,13,0.153166,0.780581,0.5406
75f77a82-0d57-4ea5-bfe7-cdfc6c5f795c,239,7.966667,14,0.176582,0.920143,0.7024
75f77a82-0d57-4ea5-bfe7-cdfc6c5f795c,239,7.966667,15,0.572311,0.861794,0.7749
75f77a82-0d57-4ea5-bfe7-cdfc6c5f795c,239,7.966667,17,0.386687,0.700765,0.2338
75f77a82-0d57-4ea5-bfe7-cdfc6c5f795c,239,7.966667,20,0.744790,0.998148,0.9100
75f77a82-0d57-4ea5-bfe7-cdfc6c5f795c,239,7.966667,24,0.056064,0.879929,0.5690
75f77a82-0d57-4ea5-bfe7-cdfc6c5f795c,239,7.966667,25,0.097129,0.848983,0.3281
75f77a82-0d57-4ea5-bfe7-cdfc6c5f795c,239,7.966667,26,0.190153,0.683566,0.3706
75f77a82-0d57-4ea5-bfe7-cdfc6c5f795c,240,8.000000,1,0.288401,0.987658,0.8532
75f77a82-0d57-4ea5-bfe7-cdfc6c5f795c,240,8.000000,4,0.463301,0.997706,0.9038
75f77a82-0d57-4ea5-bfe7-cdfc6c5f795c,240,8.000000,5,0.736207,0.647418,0.2354
75f77a82-0d57-4ea5-bfe7-cdfc6c5f795c,240,8.000000,6,0.672337,0.795852,0.6525
75f77a82-0d57-4ea5-bfe7-cdfc6c5f795c,240,8.000000,7,0.767392,0.749213,0.2439
75f77a82-0d57-4ea5-bfe7-cdfc6c5f795c,240,8.000000,10,0.709826,0.811165,0.6246
75f77a82-0d57-4ea5-bfe7-cdfc6c5f795c,240,8.000000,13,0.152763,0.782282,0.5260
75f77a82-0d57-4ea5-bfe7-cdfc6c5f795c,240,8.000000,14,0.180207,0.922217,0.7018
75f77a82-0d57-4ea5-bfe7-cdfc6c5f795c,240,8.000000,15,0.572456,0.885297,0.8049
75f77a82-0d57-4ea5-bfe7-cdfc6c5f795c,240,8.000000,17,0.387662,0.703842,0.1694
75f77a82-0d57-4ea5-bfe7-cdfc6c5f795c,240,8.000000,20,0.745244,0.998148,0.9068
75f77a82-0d57-4ea5-bfe7-cdfc6c5f795c,240,8.000000,24,0.056137,0.884836,0.6055
75f77a82-0d57-4ea5-bfe7-cdfc6c5f795c,240,8.000000,25,0.097554,0.843641,0.3109
75f77a82-0d57-4ea5-bfe7-cdfc6c5f795c,240,8.000000,26,0.187185,0.665598,0.2854
75f77a82-0d57-4ea5-bfe7-cdfc6c5f795c,241,8.033333,1,0.289218,0.982609,0.8681
75f77a82-0d57-4ea5-bfe7-cdfc6c5f795c,241,8.033333,4,0.461999,0.997760,0.9074
75f77a82-0d57-4ea5-bfe7-cdfc6c5f795c,241,8.033333,5,0.736297,0.648701,0.1829
75f77a82-0d57-4ea5-bfe7-cdfc6c5f795c,241,8.033333,6,0.672184,0.801552,0.6694
75f77a82-0d57-4ea5-bfe7-cdfc6c5f795c,241,8.033333,7,0.767745,0.750833,0.1864
75f77a82-0d57-4ea5-bfe7-cdfc6c5f795c,241,8.033333,10,0.712404,0.811913,0.6815
75f77a82-0d57-4ea5-bfe7-cdfc6c5f795c,241,8.033333,13,0.153177,0.776007,0.5541
75f77a82-0d57-4ea5-bfe7-cdfc6c5f795c,241,8.033333,14,0.181740,0.919481,0.6586
75f77a82-0d57-4ea5-bfe7-cdfc6c5f795c,241,8.033333,15,0.572536,0.850046,0.8377
75f77a82-0d57-4ea5-bfe7-cdfc6c5f795c,241,8.033333,20,0.746714,0.998148,0.9074
75f77a82-0d57-4ea5-bfe7-cdfc6c5f795c,241,8.033333,24,0.055547,0.915644,0.5992
75f77a82-0d57-4ea5-bfe7-cdfc6c5f795c,241,8.033333,25,0.097800,0.850891,0.3073
75f77a82-0d57-4ea5-bfe7-cdfc6c5f795c,241,8.033333,26,0.181850,0.618149,0.4462
75f77a82-0d57-4ea5-bfe7-cdfc6c5f795c,241,8.033333,27,0.974582,0.998148,0.5626
75f77a82-0d57-4ea5-bfe7-cdfc6c5f795c,242,8.066667,1,0.289762,0.984622,0.8840
75f77a82-0d57-4ea5-bfe7-cdfc6c5f795c,242,8.066667,4,0.461794,0.997565,0.9057
75f77a82-0d57-4ea5-bfe7-cdfc6c5f795c,242,8.066667,5,0.735975,0.650796,0.1268
75f77a82-0d57-4ea5-bfe7-cdfc6c5f795c,242,8.066667,6,0.672184,0.806070,0.6463
75f77a82-0d57-4ea5-bfe7-cdfc6c5f795c,242,8.066667,7,0.768242,0.754623,0.1535
75f77a82-0d57-4ea5-bfe7-cdfc6c5f795c,242,8.066667,10,0.713432,0.815007,0.6901
75f77a82-0d57-4ea5-bfe7-cdfc6c5f795c,242,8.066667,13,0.200960,0.826116,0.4422
75f77a82-0d57-4ea5-bfe7-cdfc6c5f795c,242,8.066667,14,0.182800,0.919830,0.5852
75f77a82-0d57-4ea5-bfe7-cdfc6c5f795c,242,8.066667,15,0.572849,0.849223,0.8414
75f77a82-0d57-4ea5-bfe7-cdfc6c5f795c,242,8.066667,20,0.746557,0.998148,0.9097
75f77a82-0d57-4ea5-bfe7-cdfc6c5f795c,242,8.066667,24,0.056538,0.917556,0.6122
75f77a82-0d57-4ea5-bfe7-cdfc6c5f795c,242,8.066667,25,0.153229,0.775952,0.5526
75f77a82-0d57-4ea5-bfe7-cdfc6c5f795c,242,8.066667,26,0.181007,0.618356,0.4018
75f77a82-0d57-4ea5-bfe7-cdfc6c5f795c,242,8.066667,27,0.973548,0.998148,0.5941
75f77a82-0d57-4ea5-bfe7-cdfc6c5f795c,243,8.100000,1,0.289970,0.982861,0.8803
75f77a82-0d57-4ea5-bfe7-cdfc6c5f795c,243,8.100000,4,0.461551,0.996939,0.9062
75f77a82-0d57-4ea5-bfe7-cdfc6c5f795c,243,8.100000,6,0.672296,0.808466,0.6401
75f77a82-0d57-4ea5-bfe7-cdfc6c5f795c,243,8.100000,7,0.769619,0.755837,0.1692
75f77a82-0d57-4ea5-bfe7-cdfc6c5f795c,243,8.100000,10,0.713794,0.817296,0.7196
75f77a82-0d57-4ea5-bfe7-cdfc6c5f795c,243,8.100000,13,0.153138,0.774621,0.5755
75f77a82-0d57-4ea5-bfe7-cdfc6c5f795c,243,8.100000,14,0.183339,0.920136,0.5401
75f77a82-0d57-4ea5-bfe7-cdfc6c5f795c,243,8.100000,15,0.573495,0.853656,0.8246
75f77a82-0d57-4ea5-bfe7-cdfc6c5f795c,243,8.100000,20,0.748215,0.998148,0.9127
75f77a82-0d57-4ea5-bfe7-cdfc6c5f795c,243,8.100000,24,0.056746,0.931053,0.6616
75f77a82-0d57-4ea5-bfe7-cdfc6c5f795c,243,8.100000,25,0.097868,0.723922,0.3212
75f77a82-0d57-4ea5-bfe7-cdfc6c5f795c,243,8.100000,26,0.197693,0.845990,0.4549
75f77a82-0d57-4ea5-bfe7-cdfc6c5f795c,243,8.100000,27,0.974851,0.998148,0.5566
75f77a82-0d57-4ea5-bfe7-cdfc6c5f795c,244,8.133333,1,0.290307,0.982896,0.8709
75f77a82-0d57-4ea5-bfe7-cdfc6c5f795c,244,8.133333,4,0.460221,0.998148,0.9021
75f77a82-0d57-4ea5-bfe7-cdfc6c5f795c,244,8.133333,6,0.672303,0.806130,0.6266
75f77a82-0d57-4ea5-bfe7-cdfc6c5f795c,244,8.133333,7,0.771291,0.764233,0.1246
75f77a82-0d57-4ea5-bfe7-cdfc6c5f795c,244,8.133333,10,0.714087,0.819114,0.7289
75f77a82-0d57-4ea5-bfe7-cdfc6c5f795c,244,8.133333,13,0.151258,0.777510,0.5990
75f77a82-0d57-4ea5-bfe7-cdfc6c5f795c,244,8.133333,14,0.184576,0.919209,0.3807
75f77a82-0d57-4ea5-bfe7-cdfc6c5f795c,244,8.133333,15,0.574023,0.867440,0.8229
75f77a82-0d57-4ea5-bfe7-cdfc6c5f795c,244,8.133333,20,0.747843,0.998148,0.9113
75f77a82-0d57-4ea5-bfe7-cdfc6c5f795c,244,8.133333,24,0.057907,0.937041,0.7212
75f77a82-0d57-4ea5-bfe7-cdfc6c5f795c,244,8.133333,25,0.097536,0.720001,0.4213
75f77a82-0d57-4ea5-bfe7-cdfc6c5f795c,244,8.133333,26,0.195383,0.876204,0.5189
75f77a82-0d57-4ea5-bfe7-cdfc6c5f795c,244,8.133333,27,0.974700,0.998148,0.4867
75f77a82-0d57-4ea5-bfe7-cdfc6c5f795c,245,8.166667,1,0.290367,0.985002,0.8605
75f77a82-0d57-4ea5-bfe7-cdfc6c5f795c,245,8.166667,4,0.462122,0.997746,0.8988
75f77a82-0d57-4ea5-bfe7-cdfc6c5f795c,245,8.166667,6,0.672076,0.803958,0.5698
75f77a82-0d57-4ea5-bfe7-cdfc6c5f795c,245,8.166667,10,0.714336,0.818707,0.7321
75f77a82-0d57-4ea5-bfe7-cdfc6c5f795c,245,8.166667,13,0.151835,0.779919,0.6114
75f77a82-0d57-4ea5-bfe7-cdfc6c5f795c,245,8.166667,14,0.186910,0.920643,0.5094
75f77a82-0d57-4ea5-bfe7-cdfc6c5f795c,245,8.166667,15,0.574041,0.902009,0.8256
75f77a82-0d57-4ea5-bfe7-cdfc6c5f795c,245,8.166667,20,0.747900,0.998148,0.9148
75f77a82-0d57-4ea5-bfe7-cdfc6c5f795c,245,8.166667,24,0.057944,0.937542,0.7246
75f77a82-0d57-4ea5-bfe7-cdfc6c5f795c,245,8.166667,25,0.097396,0.721798,0.4234
75f77a82-0d57-4ea5-bfe7-cdfc6c5f795c,245,8.166667,26,0.194180,0.843086,0.5494
75f77a82-0d57-4ea5-bfe7-cdfc6c5f795c,246,8.200000,1,0.290006,0.981291,0.8653
75f77a82-0d57-4ea5-bfe7-cdfc6c5f795c,246,8.200000,4,0.460333,0.998148,0.8985
75f77a82-0d57-4ea5-bfe7-cdfc6c5f795c,246,8.200000,6,0.671904,0.816299,0.5025
75f77a82-0d57-4ea5-bfe7-cdfc6c5f795c,246,8.200000,10,0.714142,0.820769,0.7211
75f77a82-0d57-4ea5-bfe7-cdfc6c5f795c,246,8.200000,13,0.150979,0.784620,0.6322
75f77a82-0d57-4ea5-bfe7-cdfc6c5f795c,246,8.200000,14,0.189775,0.921278,0.6544
75f77a82-0d57-4ea5-bfe7-cdfc6c5f795c,246,8.200000,15,0.574375,0.911611,0.8264
75f77a82-0d57-4ea5-bfe7-cdfc6c5f795c,246,8.200000,20,0.749174,0.998148,0.9161
75f77a82-0d57-4ea5-bfe7-cdfc6c5f795c,246,8.200000,24,0.057782,0.936623,0.6947
75f77a82-0d57-4ea5-bfe7-cdfc6c5f795c,246,8.200000,25,0.097498,0.719606,0.4181
75f77a82-0d57-4ea5-bfe7-cdfc6c5f795c,246,8.200000,26,0.193698,0.843963,0.6048
75f77a82-0d57-4ea5-bfe7-cdfc6c5f795c,246,8.200000,27,0.978493,0.998148,0.2870
75f77a82-0d57-4ea5-bfe7-cdfc6c5f795c,247,8.233333,1,0.290342,0.983617,0.8796
75f77a82-0d57-4ea5-bfe7-cdfc6c5f795c,247,8.233333,4,0.458783,0.998148,0.8996
75f77a82-0d57-4ea5-bfe7-cdfc6c5f795c,247,8.233333,6,0.672044,0.817609,0.5226
75f77a82-0d57-4ea5-bfe7-cdfc6c5f795c,247,8.233333,10,0.714923,0.820002,0.7564
75f77a82-0d57-4ea5-bfe7-cdfc6c5f795c,247,8.233333,13,0.152057,0.787786,0.5934
75f77a82-0d57-4ea5-bfe7-cdfc6c5f795c,247,8.233333,14,0.190907,0.922098,0.6042
75f77a82-0d57-4ea5-bfe7-cdfc6c5f795c,247,8.233333,15,0.574681,0.875053,0.8400
75f77a82-0d57-4ea5-bfe7-cdfc6c5f795c,247,8.233333,17,0.386239,0.707366,0.1207
75f77a82-0d57-4ea5-bfe7-cdfc6c5f795c,247,8.233333,20,0.750259,0.998148,0.9165
75f77a82-0d57-4ea5-bfe7-cdfc6c5f795c,247,8.233333,24,0.057572,0.940842,0.7223
75f77a82-0d57-4ea5-bfe7-cdfc6c5f795c,247,8.233333,25,0.097510,0.716119,0.3991
75f77a82-0d57-4ea5-bfe7-cdfc6c5f795c,247,8.233333,26,0.193456,0.843916,0.6189
75f77a82-0d57-4ea5-bfe7-cdfc6c5f795c,248,8.266667,1,0.290320,0.985919,0.8752
75f77a82-0d57-4ea5-bfe7-cdfc6c5f795c,248,8.266667,4,0.458529,0.998148,0.9052
75f77a82-0d57-4ea5-bfe7-cdfc6c5f795c,248,8.266667,6,0.671394,0.823933,0.5207
75f77a82-0d57-4ea5-bfe7-cdfc6c5f795c,248,8.266667,10,0.715039,0.820802,0.7653
75f77a82-0d57-4ea5-bfe7-cdfc6c5f795c,248,8.266667,13,0.150092,0.781223,0.6356
75f77a82-0d57-4ea5-bfe7-cdfc6c5f795c,248,8.266667,14,0.192159,0.926317,0.2887
75f77a82-0d57-4ea5-bfe7-cdfc6c5f795c,248,8.266667,15,0.574942,0.944027,0.8384
75f77a82-0d57-4ea5-bfe7-cdfc6c5f795c,248,8.266667,17,0.386047,0.709544,0.2098
75f77a82-0d57-4ea5-bfe7-cdfc6c5f795c,248,8.266667,20,0.752216,0.998148,0.9163
75f77a82-0d57-4ea5-bfe7-cdfc6c5f795c,248,8.266667,24,0.058336,0.943158,0.7275
75f77a82-0d57-4ea5-bfe7-cdfc6c5f795c,248,8.266667,25,0.097453,0.720206,0.4240
75f77a82-0d57-4ea5-bfe7-cdfc6c5f795c,248,8.266667,26,0.190015,0.920091,0.6599
75f77a82-0d57-4ea5-bfe7-cdfc6c5f795c,249,8.300000,1,0.290577,0.985625,0.8707
75f77a82-0d57-4ea5-bfe7-cdfc6c5f795c,249,8.300000,4,0.456214,0.998148,0.9082
75f77a82-0d57-4ea5-bfe7-cdfc6c5f795c,249,8.300000,6,0.672073,0.819685,0.5146
75f77a82-0d57-4ea5-bfe7-cdfc6c5f795c,249,8.300000,10,0.715642,0.821523,0.7702
75f77a82-0d57-4ea5-bfe7-cdfc6c5f795c,249,8.300000,13,0.149518,0.784775,0.6472
75f77a82-0d57-4ea5-bfe7-cdfc6c5f795c,249,8.300000,15,0.575288,0.961926,0.8474
75f77a82-0d57-4ea5-bfe7-cdfc6c5f795c,249,8.300000,17,0.385854,0.706950,0.1898
75f77a82-0d57-4ea5-bfe7-cdfc6c5f795c,249,8.300000,20,0.754837,0.998148,0.9178
75f77a82-0d57-4ea5-bfe7-cdfc6c5f795c,249,8.300000,24,0.058608,0.942801,0.7571
75f77a82-0d57-4ea5-bfe7-cdfc6c5f795c,249,8.300000,25,0.097795,0.722186,0.4416
75f77a82-0d57-4ea5-bfe7-cdfc6c5f795c,249,8.300000,26,0.189676,0.922064,0.7031
75f77a82-0d57-4ea5-bfe7-cdfc6c5f795c,249,8.300000,27,0.977324,0.998148,0.4195
75f77a82-0d57-4ea5-bfe7-cdfc6c5f795c,250,8.333333,1,0.290727,0.987756,0.8707
75f77a82-0d57-4ea5-bfe7-cdfc6c5f795c,250,8.333333,4,0.450720,0.998148,0.9022
75f77a82-0d57-4ea5-bfe7-cdfc6c5f795c,250,8.333333,6,0.672105,0.819327,0.5527
75f77a82-0d57-4ea5-bfe7-cdfc6c5f795c,250,8.333333,10,0.715444,0.823476,0.7958
75f77a82-0d57-4ea5-bfe7-cdfc6c5f795c,250,8.333333,13,0.148656,0.782563,0.6939
75f77a82-0d57-4ea5-bfe7-cdfc6c5f795c,250,8.333333,15,0.575636,0.956274,0.8494
75f77a82-0d57-4ea5-bfe7-cdfc6c5f795c,250,8.333333,17,0.385505,0.714955,0.2446
75f77a82-0d57-4ea5-bfe7-cdfc6c5f795c,250,8.333333,20,0.757253,0.998148,0.9164
75f77a82-0d57-4ea5-bfe7-cdfc6c5f795c,250,8.333333,24,0.058991,0.937194,0.7526
75f77a82-0d57-4ea5-bfe7-cdfc6c5f795c,250,8.333333,25,0.098287,0.719468,0.4578
75f77a82-0d57-4ea5-bfe7-cdfc6c5f795c,250,8.333333,26,0.185658,0.918929,0.7126
75f77a82-0d57-4ea5-bfe7-cdfc6c5f795c,250,8.333333,27,0.977788,0.998148,0.3229
75f77a82-0d57-4ea5-bfe7-cdfc6c5f795c,251,8.366667,1,0.289709,0.986240,0.8669
75f77a82-0d57-4ea5-bfe7-cdfc6c5f795c,251,8.366667,4,0.445339,0.998148,0.9067
75f77a82-0d57-4ea5-bfe7-cdfc6c5f795c,251,8.366667,6,0.671640,0.824332,0.5837
75f77a82-0d57-4ea5-bfe7-cdfc6c5f795c,251,8.366667,10,0.715715,0.826242,0.8120
75f77a82-0d57-4ea5-bfe7-cdfc6c5f795c,251,8.366667,13,0.149768,0.778829,0.6386
75f77a82-0d57-4ea5-bfe7-cdfc6c5f795c,251,8.366667,14,0.187168,0.914232,0.7401
75f77a82-0d57-4ea5-bfe7-cdfc6c5f795c,251,8.366667,15,0.575722,0.958959,0.8549
75f77a82-0d57-4ea5-bfe7-cdfc6c5f795c,251,8.366667,17,0.384606,0.716400,0.2447
75f77a82-0d57-4ea5-bfe7-cdfc6c5f795c,251,8.366667,20,0.759978,0.998148,0.9159
75f77a82-0d57-4ea5-bfe7-cdfc6c5f795c,251,8.366667,24,0.059099,0.935230,0.7219
75f77a82-0d57-4ea5-bfe7-cdfc6c5f795c,251,8.366667,25,0.098315,0.721772,0.4006
75f77a82-0d57-4ea5-bfe7-cdfc6c5f795c,251,8.366667,26,0.188975,0.683448,0.4223
75f77a82-0d57-4ea5-bfe7-cdfc6c5f795c,251,8.366667,27,0.976691,0.998148,0.4702
75f77a82-0d57-4ea5-bfe7-cdfc6c5f795c,252,8.400000,1,0.289439,0.988063,0.8665
75f77a82-0d57-4ea5-bfe7-cdfc6c5f795c,252,8.400000,4,0.444452,0.998148,0.9054
75f77a82-0d57-4ea5-bfe7-cdfc6c5f795c,252,8.400000,6,0.672061,0.823684,0.5976
75f77a82-0d57-4ea5-bfe7-cdfc6c5f795c,252,8.400000,10,0.714096,0.831054,0.8053
75f77a82-0d57-4ea5-bfe7-cdfc6c5f795c,252,8.400000,13,0.153249,0.774849,0.6093
75f77a82-0d57-4ea5-bfe7-cdfc6c5f795c,252,8.400000,14,0.183898,0.918449,0.7741
75f77a82-0d57-4ea5-bfe7-cdfc6c5f795c,252,8.400000,15,0.575794,0.964565,0.8546
75f77a82-0d57-4ea5-bfe7-cdfc6c5f795c,252,8.400000,17,0.384340,0.711898,0.2875
75f77a82-0d57-4ea5-bfe7-cdfc6c5f795c,252,8.400000,20,0.762850,0.998004,0.9132
75f77a82-0d57-4ea5-bfe7-cdfc6c5f795c,252,8.400000,24,0.059102,0.939251,0.7326
75f77a82-0d57-4ea5-bfe7-cdfc6c5f795c,252,8.400000,25,0.098401,0.716362,0.3454
75f77a82-0d57-4ea5-bfe7-cdfc6c5f795c,252,8.400000,26,0.189226,0.682603,0.5070
75f77a82-0d57-4ea5-bfe7-cdfc6c5f795c,252,8.400000,27,0.975436,0.998148,0.5552
75f77a82-0d57-4ea5-bfe7-cdfc6c5f795c,253,8.433333,1,0.289437,0.990875,0.8657
75f77a82-0d57-4ea5-bfe7-cdfc6c5f795c,253,8.433333,4,0.447931,0.998148,0.9067
75f77a82-0d57-4ea5-bfe7-cdfc6c5f795c,253,8.433333,6,0.672640,0.823201,0.6040
75f77a82-0d57-4ea5-bfe7-cdfc6c5f795c,253,8.433333,10,0.712551,0.831354,0.8122
75f77a82-0d57-4ea5-bfe7-cdfc6c5f795c,253,8.433333,13,0.138502,0.781899,0.6008
75f77a82-0d57-4ea5-bfe7-cdfc6c5f795c,253,8.433333,14,0.183487,0.920088,0.7727
75f77a82-0d57-4ea5-bfe7-cdfc6c5f795c,253,8.433333,15,0.575532,0.965383,0.8631
75f77a82-0d57-4ea5-bfe7-cdfc6c5f795c,253,8.433333,17,0.384190,0.713564,0.2302
75f77a82-0d57-4ea5-bfe7-cdfc6c5f795c,253,8.433333,20,0.763307,0.998148,0.9083
75f77a82-0d57-4ea5-bfe7-cdfc6c5f795c,253,8.433333,24,0.059961,0.946833,0.6982
75f77a82-0d57-4ea5-bfe7-cdfc6c5f795c,253,8.433333,25,0.098177,0.718738,0.2321
75f77a82-0d57-4ea5-bfe7-cdfc6c5f795c,253,8.433333,26,0.189020,0.681034,0.4566
75f77a82-0d57-4ea5-bfe7-cdfc6c5f795c,253,8.433333,27,0.975074,0.998148,0.5698
75f77a82-0d57-4ea5-bfe7-cdfc6c5f795c,254,8.466667,1,0.287180,0.992369,0.8633
75f77a82-0d57-4ea5-bfe7-cdfc6c5f795c,254,8.466667,4,0.445448,0.998148,0.9027
75f77a82-0d57-4ea5-bfe7-cdfc6c5f795c,254,8.466667,6,0.672173,0.821301,0.6608
75f77a82-0d57-4ea5-bfe7-cdfc6c5f795c,254,8.466667,10,0.711916,0.831250,0.8201
75f77a82-0d57-4ea5-bfe7-cdfc6c5f795c,254,8.466667,13,0.136040,0.793232,0.5760
75f77a82-0d57-4ea5-bfe7-cdfc6c5f795c,254,8.466667,14,0.181839,0.921010,0.7952
75f77a82-0d57-4ea5-bfe7-cdfc6c5f795c,254,8.466667,15,0.575846,0.965861,0.8731
75f77a82-0d57-4ea5-bfe7-cdfc6c5f795c,254,8.466667,17,0.384668,0.716084,0.1979
75f77a82-0d57-4ea5-bfe7-cdfc6c5f795c,254,8.466667,20,0.764886,0.998148,0.9053
75f77a82-0d57-4ea5-bfe7-cdfc6c5f795c,254,8.466667,24,0.061276,0.938645,0.6679
75f77a82-0d57-4ea5-bfe7-cdfc6c5f795c,254,8.466667,25,0.098252,0.715920,0.2148
75f77a82-0d57-4ea5-bfe7-cdfc6c5f795c,254,8.466667,26,0.187072,0.652722,0.3474
75f77a82-0d57-4ea5-bfe7-cdfc6c5f795c,254,8.466667,27,0.972197,0.998148,0.5875
75f77a82-0d57-4ea5-bfe7-cdfc6c5f795c,255,8.500000,1,0.286423,0.991800,0.8583
75f77a82-0d57-4ea5-bfe7-cdfc6c5f795c,255,8.500000,4,0.441525,0.998148,0.9029
75f77a82-0d57-4ea5-bfe7-cdfc6c5f795c,255,8.500000,6,0.671995,0.821214,0.6404
75f77a82-0d57-4ea5-bfe7-cdfc6c5f795c,255,8.500000,7,0.754058,0.670618,0.1262
75f77a82-0d57-4ea5-bfe7-cdfc6c5f795c,255,8.500000,10,0.713090,0.835381,0.8146
75f77a82-0d57-4ea5-bfe7-cdfc6c5f795c,255,8.500000,13,0.136348,0.776691,0.6353
75f77a82-0d57-4ea5-bfe7-cdfc6c5f795c,255,8.500000,14,0.181327,0.923196,0.7908
75f77a82-0d57-4ea5-bfe7-cdfc6c5f795c,255,8.500000,15,0.575663,0.966965,0.8767
75f77a82-0d57-4ea5-bfe7-cdfc6c5f795c,255,8.500000,17,0.384224,0.716195,0.1870
75f77a82-0d57-4ea5-bfe7-cdfc6c5f795c,255,8.500000,20,0.767543,0.998148,0.8967
75f77a82-0d57-4ea5-bfe7-cdfc6c5f795c,255,8.500000,24,0.066618,0.934132,0.6676
75f77a82-0d57-4ea5-bfe7-cdfc6c5f795c,255,8.500000,25,0.098411,0.721532,0.1932
75f77a82-0d57-4ea5-bfe7-cdfc6c5f795c,255,8.500000,26,0.186730,0.637657,0.3048
75f77a82-0d57-4ea5-bfe7-cdfc6c5f795c,255,8.500000,27,0.969662,0.998148,0.6415
75f77a82-0d57-4ea5-bfe7-cdfc6c5f795c,256,8.533333,1,0.287817,0.985122,0.8593
75f77a82-0d57-4ea5-bfe7-cdfc6c5f795c,256,8.533333,4,0.442868,0.998148,0.8996
75f77a82-0d57-4ea5-bfe7-cdfc6c5f795c,256,8.533333,6,0.671311,0.821743,0.6184
75f77a82-0d57-4ea5-bfe7-cdfc6c5f795c,256,8.533333,10,0.711088,0.835909,0.8133
75f77a82-0d57-4ea5-bfe7-cdfc6c5f795c,256,8.533333,13,0.136469,0.792290,0.6314
75f77a82-0d57-4ea5-bfe7-cdfc6c5f795c,256,8.533333,14,0.181115,0.919634,0.7950
75f77a82-0d57-4ea5-bfe7-cdfc6c5f795c,256,8.533333,15,0.575085,0.965131,0.8707
75f77a82-0d57-4ea5-bfe7-cdfc6c5f795c,256,8.533333,17,0.382955,0.707788,0.1581
75f77a82-0d57-4ea5-bfe7-cdfc6c5f795c,256,8.533333,20,0.769488,0.998148,0.8982
75f77a82-0d57-4ea5-bfe7-cdfc6c5f795c,256,8.533333,24,0.068320,0.936383,0.7611
75f77a82-0d57-4ea5-bfe7-cdfc6c5f795c,256,8.533333,25,0.084958,0.745950,0.1281
75f77a82-0d57-4ea5-bfe7-cdfc6c5f795c,256,8.533333,26,0.186763,0.645115,0.3713
75f77a82-0d57-4ea5-bfe7-cdfc6c5f795c,256,8.533333,27,0.968630,0.998148,0.6646
75f77a82-0d57-4ea5-bfe7-cdfc6c5f795c,257,8.566667,1,0.287270,0.984139,0.8648
75f77a82-0d57-4ea5-bfe7-cdfc6c5f795c,257,8.566667,4,0.442626,0.998148,0.9008
75f77a82-0d57-4ea5-bfe7-cdfc6c5f795c,257,8.566667,6,0.671283,0.823568,0.6277
75f77a82-0d57-4ea5-bfe7-cdfc6c5f795c,257,8.566667,10,0.710525,0.838196,0.8075
75f77a82-0d57-4ea5-bfe7-cdfc6c5f795c,257,8.566667,13,0.137454,0.786728,0.5809
75f77a82-0d57-4ea5-bfe7-cdfc6c5f795c,257,8.566667,14,0.180557,0.918383,0.7984
75f77a82-0d57-4ea5-bfe7-cdfc6c5f795c,257,8.566667,15,0.574554,0.963859,0.8751
75f77a82-0d57-4ea5-bfe7-cdfc6c5f795c,257,8.566667,17,0.384712,0.718753,0.2306
75f77a82-0d57-4ea5-bfe7-cdfc6c5f795c,257,8.566667,20,0.770211,0.998148,0.8914
75f77a82-0d57-4ea5-bfe7-cdfc6c5f795c,257,8.566667,24,0.068398,0.947361,0.7790
75f77a82-0d57-4ea5-bfe7-cdfc6c5f795c,257,8.566667,26,0.186934,0.658540,0.4170
75f77a82-0d57-4ea5-bfe7-cdfc6c5f795c,257,8.566667,27,0.968399,0.998148,0.6268
75f77a82-0d57-4ea5-bfe7-cdfc6c5f795c,258,8.600000,1,0.286989,0.987794,0.8682
75f77a82-0d57-4ea5-bfe7-cdfc6c5f795c,258,8.600000,4,0.440863,0.998148,0.9033
75f77a82-0d57-4ea5-bfe7-cdfc6c5f795c,258,8.600000,6,0.670730,0.822409,0.6283
75f77a82-0d57-4ea5-bfe7-cdfc6c5f795c,258,8.600000,10,0.709517,0.837960,0.8073
75f77a82-0d57-4ea5-bfe7-cdfc6c5f795c,258,8.600000,13,0.136573,0.849361,0.6391
75f77a82-0d57-4ea5-bfe7-cdfc6c5f795c,258,8.600000,14,0.179431,0.919365,0.8037
75f77a82-0d57-4ea5-bfe7-cdfc6c5f795c,258,8.600000,15,0.573914,0.966926,0.8789
75f77a82-0d57-4ea5-bfe7-cdfc6c5f795c,258,8.600000,17,0.383896,0.718841,0.2652
75f77a82-0d57-4ea5-bfe7-cdfc6c5f795c,258,8.600000,20,0.770376,0.998148,0.8869
75f77a82-0d57-4ea5-bfe7-cdfc6c5f795c,258,8.600000,24,0.061534,0.942429,0.7156
75f77a82-0d57-4ea5-bfe7-cdfc6c5f795c,258,8.600000,25,0.090842,0.733127,0.3254
75f77a82-0d57-4ea5-bfe7-cdfc6c5f795c,258,8.600000,26,0.187563,0.666834,0.4732
75f77a82-0d57-4ea5-bfe7-cdfc6c5f795c,258,8.600000,27,0.966767,0.998148,0.6861
75f77a82-0d57-4ea5-bfe7-cdfc6c5f795c,259,8.633333,1,0.287253,0.974736,0.8755
75f77a82-0d57-4ea5-bfe7-cdfc6c5f795c,259,8.633333,4,0.439596,0.998148,0.9041
75f77a82-0d57-4ea5-bfe7-cdfc6c5f795c,259,8.633333,6,0.669995,0.822886,0.6438
75f77a82-0d57-4ea5-bfe7-cdfc6c5f795c,259,8.633333,7,0.773821,0.655609,0.1308
75f77a82-0d57-4ea5-bfe7-cdfc6c5f795c,259,8.633333,10,0.708953,0.840495,0.7848
75f77a82-0d57-4ea5-bfe7-cdfc6c5f795c,259,8.633333,13,0.136129,0.839021,0.6015
75f77a82-0d57-4ea5-bfe7-cdfc6c5f795c,259,8.633333,14,0.178693,0.920600,0.8015
75f77a82-0d57-4ea5-bfe7-cdfc6c5f795c,259,8.633333,15,0.572793,0.965229,0.8816
75f77a82-0d57-4ea5-bfe7-cdfc6c5f795c,259,8.633333,17,0.383786,0.721564,0.2010
75f77a82-0d57-4ea5-bfe7-cdfc6c5f795c,259,8.633333,18,0.539561,0.641687,0.1727
75f77a82-0d57-4ea5-bfe7-cdfc6c5f795c,259,8.633333,20,0.772124,0.998148,0.8836
75f77a82-0d57-4ea5-bfe7-cdfc6c5f795c,259,8.633333,24,0.062808,0.936388,0.6866
75f77a82-0d57-4ea5-bfe7-cdfc6c5f795c,259,8.633333,25,0.071821,0.820164,0.4413
75f77a82-0d57-4ea5-bfe7-cdfc6c5f795c,259,8.633333,26,0.187735,0.666244,0.4867
75f77a82-0d57-4ea5-bfe7-cdfc6c5f795c,259,8.633333,27,0.964152,0.998148,0.6545
75f77a82-0d57-4ea5-bfe7-cdfc6c5f795c,260,8.666667,1,0.285974,0.980379,0.8853
75f77a82-0d57-4ea5-bfe7-cdfc6c5f795c,260,8.666667,4,0.440076,0.998148,0.9028
75f77a82-0d57-4ea5-bfe7-cdfc6c5f795c,260,8.666667,6,0.669743,0.823983,0.6856
75f77a82-0d57-4ea5-bfe7-cdfc6c5f795c,260,8.666667,7,0.773473,0.656059,0.1498
75f77a82-0d57-4ea5-bfe7-cdfc6c5f795c,260,8.666667,10,0.709590,0.839359,0.7825
75f77a82-0d57-4ea5-bfe7-cdfc6c5f795c,260,8.666667,13,0.136493,0.762557,0.5880
75f77a82-0d57-4ea5-bfe7-cdfc6c5f795c,260,8.666667,14,0.177729,0.918557,0.8008
75f77a82-0d57-4ea5-bfe7-cdfc6c5f795c,260,8.666667,15,0.572283,0.970160,0.8874
75f77a82-0d57-4ea5-bfe7-cdfc6c5f795c,260,8.666667,17,0.383657,0.725325,0.2627
75f77a82-0d57-4ea5-bfe7-cdfc6c5f795c,260,8.666667,18,0.539680,0.637914,0.1782
75f77a82-0d57-4ea5-bfe7-cdfc6c5f795c,260,8.666667,20,0.772494,0.998148,0.8789
75f77a82-0d57-4ea5-bfe7-cdfc6c5f795c,260,8.666667,24,0.062538,0.931612,0.7521
75f77a82-0d57-4ea5-bfe7-cdfc6c5f795c,260,8.666667,25,0.072973,0.756691,0.5343
75f77a82-0d57-4ea5-bfe7-cdfc6c5f795c,260,8.666667,26,0.188183,0.670261,0.5450
75f77a82-0d57-4ea5-bfe7-cdfc6c5f795c,260,8.666667,27,0.963679,0.998148,0.5892
75f77a82-0d57-4ea5-bfe7-cdfc6c5f795c,261,8.700000,1,0.285107,0.979756,0.8838
75f77a82-0d57-4ea5-bfe7-cdfc6c5f795c,261,8.700000,4,0.437933,0.998148,0.9049
75f77a82-0d57-4ea5-bfe7-cdfc6c5f795c,261,8.700000,6,0.669752,0.826441,0.6736
75f77a82-0d57-4ea5-bfe7-cdfc6c5f795c,261,8.700000,7,0.774645,0.656801,0.1808
75f77a82-0d57-4ea5-bfe7-cdfc6c5f795c,261,8.700000,10,0.709599,0.841210,0.7775
75f77a82-0d57-4ea5-bfe7-cdfc6c5f795c,261,8.700000,13,0.136613,0.760737,0.6129
75f77a82-0d57-4ea5-bfe7-cdfc6c5f795c,261,8.700000,14,0.177951,0.917652,0.7924
75f77a82-0d57-4ea5-bfe7-cdfc6c5f795c,261,8.700000,15,0.571752,0.967304,0.8824
75f77a82-0d57-4ea5-bfe7-cdfc6c5f795c,261,8.700000,17,0.383380,0.725958,0.1785
75f77a82-0d57-4ea5-bfe7-cdfc6c5f795c,261,8.700000,18,0.539169,0.636359,0.1763
75f77a82-0d57-4ea5-bfe7-cdfc6c5f795c,261,8.700000,20,0.774249,0.998148,0.8707
75f77a82-0d57-4ea5-bfe7-cdfc6c5f795c,261,8.700000,24,0.062226,0.931055,0.7884
75f77a82-0d57-4ea5-bfe7-cdfc6c5f795c,261,8.700000,25,0.076305,0.736531,0.5238
75f77a82-0d57-4ea5-bfe7-cdfc6c5f795c,261,8.700000,26,0.188318,0.666943,0.5588
75f77a82-0d57-4ea5-bfe7-cdfc6c5f795c,261,8.700000,27,0.962026,0.998148,0.6106
75f77a82-0d57-4ea5-bfe7-cdfc6c5f795c,262,8.733333,1,0.285348,0.975463,0.8782
75f77a82-0d57-4ea5-bfe7-cdfc6c5f795c,262,8.733333,4,0.436369,0.998148,0.9069
75f77a82-0d57-4ea5-bfe7-cdfc6c5f795c,262,8.733333,6,0.670015,0.825096,0.6827
75f77a82-0d57-4ea5-bfe7-cdfc6c5f795c,262,8.733333,7,0.774137,0.657077,0.2242
75f77a82-0d57-4ea5-bfe7-cdfc6c5f795c,262,8.733333,10,0.709349,0.841929,0.7903
75f77a82-0d57-4ea5-bfe7-cdfc6c5f795c,262,8.733333,13,0.136978,0.770359,0.6284
75f77a82-0d57-4ea5-bfe7-cdfc6c5f795c,262,8.733333,14,0.177863,0.918010,0.7877
75f77a82-0d57-4ea5-bfe7-cdfc6c5f795c,262,8.733333,15,0.570819,0.969619,0.8884
75f77a82-0d57-4ea5-bfe7-cdfc6c5f795c,262,8.733333,17,0.380901,0.712393,0.1422
75f77a82-0d57-4ea5-bfe7-cdfc6c5f795c,262,8.733333,18,0.538703,0.636410,0.1623
75f77a82-0d57-4ea5-bfe7-cdfc6c5f795c,262,8.733333,20,0.774904,0.998148,0.8659
75f77a82-0d57-4ea5-bfe7-cdfc6c5f795c,262,8.733333,24,0.063371,0.931347,0.8123
75f77a82-0d57-4ea5-bfe7-cdfc6c5f795c,262,8.733333,25,0.080712,0.736626,0.5167
75f77a82-0d57-4ea5-bfe7-cdfc6c5f795c,262,8.733333,26,0.188822,0.672576,0.6235
75f77a82-0d57-4ea5-bfe7-cdfc6c5f795c,262,8.733333,27,0.959826,0.998148,0.6910
75f77a82-0d57-4ea5-bfe7-cdfc6c5f795c,263,8.766667,1,0.283433,0.980322,0.8821
75f77a82-0d57-4ea5-bfe7-cdfc6c5f795c,263,8.766667,4,0.434500,0.998148,0.9072
75f77a82-0d57-4ea5-bfe7-cdfc6c5f795c,263,8.766667,6,0.669727,0.820172,0.6579
75f77a82-0d57-4ea5-bfe7-cdfc6c5f795c,263,8.766667,7,0.773884,0.661054,0.1892
75f77a82-0d57-4ea5-bfe7-cdfc6c5f795c,263,8.766667,10,0.708272,0.841918,0.7840
75f77a82-0d57-4ea5-bfe7-cdfc6c5f795c,263,8.766667,13,0.136592,0.777346,0.5939
75f77a82-0d57-4ea5-bfe7-cdfc6c5f795c,263,8.766667,14,0.177469,0.919746,0.7939
75f77a82-0d57-4ea5-bfe7-cdfc6c5f795c,263,8.766667,15,0.570021,0.969895,0.8881
75f77a82-0d57-4ea5-bfe7-cdfc6c5f795c,263,8.766667,17,0.381390,0.725284,0.2457
75f77a82-0d57-4ea5-bfe7-cdfc6c5f795c,263,8.766667,18,0.538104,0.639127,0.1941
75f77a82-0d57-4ea5-bfe7-cdfc6c5f795c,263,8.766667,20,0.776369,0.998148,0.8633
75f77a82-0d57-4ea5-bfe7-cdfc6c5f795c,263,8.766667,24,0.063626,0.927907,0.8199
75f77a82-0d57-4ea5-bfe7-cdfc6c5f795c,263,8.766667,25,0.095725,0.740695,0.5630
75f77a82-0d57-4ea5-bfe7-cdfc6c5f795c,263,8.766667,26,0.189297,0.670400,0.6395
75f77a82-0d57-4ea5-bfe7-cdfc6c5f795c,263,8.766667,27,0.957260,0.998148,0.6521
75f77a82-0d57-4ea5-bfe7-cdfc6c5f795c,264,8.800000,1,0.282567,0.981229,0.8889
75f77a82-0d57-4ea5-bfe7-cdfc6c5f795c,264,8.800000,4,0.433194,0.998148,0.9098
75f77a82-0d57-4ea5-bfe7-cdfc6c5f795c,264,8.800000,6,0.669501,0.817920,0.6695
75f77a82-0d57-4ea5-bfe7-cdfc6c5f795c,264,8.800000,7,0.774439,0.656238,0.1524
75f77a82-0d57-4ea5-bfe7-cdfc6c5f795c,264,8.800000,10,0.707666,0.841520,0.7823
75f77a82-0d57-4ea5-bfe7-cdfc6c5f795c,264,8.800000,13,0.135594,0.761182,0.5612
75f77a82-0d57-4ea5-bfe7-cdfc6c5f795c,264,8.800000,14,0.176984,0.919893,0.7944
75f77a82-0d57-4ea5-bfe7-cdfc6c5f795c,264,8.800000,15,0.569034,0.969601,0.8839
75f77a82-0d57-4ea5-bfe7-cdfc6c5f795c,264,8.800000,17,0.380285,0.721401,0.1515
75f77a82-0d57-4ea5-bfe7-cdfc6c5f795c,264,8.800000,18,0.537528,0.639520,0.2082
75f77a82-0d57-4ea5-bfe7-cdfc6c5f795c,264,8.800000,20,0.776684,0.998148,0.8525
75f77a82-0d57-4ea5-bfe7-cdfc6c5f795c,264,8.800000,24,0.063771,0.922768,0.8217
75f77a82-0d57-4ea5-bfe7-cdfc6c5f795c,264,8.800000,25,0.098926,0.742343,0.5069
75f77a82-0d57-4ea5-bfe7-cdfc6c5f795c,264,8.800000,26,0.187892,0.672587,0.6071
75f77a82-0d57-4ea5-bfe7-cdfc6c5f795c,264,8.800000,27,0.958002,0.998148,0.6441
75f77a82-0d57-4ea5-bfe7-cdfc6c5f795c,265,8.833333,1,0.281959,0.981109,0.8866
75f77a82-0d57-4ea5-bfe7-cdfc6c5f795c,265,8.833333,4,0.431060,0.998148,0.8998
75f77a82-0d57-4ea5-bfe7-cdfc6c5f795c,265,8.833333,6,0.669737,0.821771,0.6337
75f77a82-0d57-4ea5-bfe7-cdfc6c5f795c,265,8.833333,7,0.776052,0.654590,0.1432
75f77a82-0d57-4ea5-bfe7-cdfc6c5f795c,265,8.833333,10,0.706991,0.842463,0.7784
75f77a82-0d57-4ea5-bfe7-cdfc6c5f795c,265,8.833333,13,0.135924,0.790398,0.5002
75f77a82-0d57-4ea5-bfe7-cdfc6c5f795c,265,8.833333,14,0.175853,0.922728,0.7786
75f77a82-0d57-4ea5-bfe7-cdfc6c5f795c,265,8.833333,15,0.568899,0.969214,0.8745
75f77a82-0d57-4ea5-bfe7-cdfc6c5f795c,265,8.833333,18,0.537155,0.638374,0.2297
75f77a82-0d57-4ea5-bfe7-cdfc6c5f795c,265,8.833333,20,0.777132,0.998148,0.8715
75f77a82-0d57-4ea5-bfe7-cdfc6c5f795c,265,8.833333,24,0.064566,0.918628,0.8235
75f77a82-0d57-4ea5-bfe7-cdfc6c5f795c,265,8.833333,25,0.097848,0.744878,0.4141
75f77a82-0d57-4ea5-bfe7-cdfc6c5f795c,265,8.833333,26,0.187546,0.673467,0.6133
75f77a82-0d57-4ea5-bfe7-cdfc6c5f795c,265,8.833333,27,0.954859,0.998148,0.6320
75f77a82-0d57-4ea5-bfe7-cdfc6c5f795c,266,8.866667,1,0.282694,0.974969,0.8818
75f77a82-0d57-4ea5-bfe7-cdfc6c5f795c,266,8.866667,4,0.431502,0.998148,0.8899
75f77a82-0d57-4ea5-bfe7-cdfc6c5f795c,266,8.866667,6,0.670154,0.829346,0.5827
75f77a82-0d57-4ea5-bfe7-cdfc6c5f795c,266,8.866667,7,0.776393,0.656220,0.1368
75f77a82-0d57-4ea5-bfe7-cdfc6c5f795c,266,8.866667,10,0.705634,0.844736,0.7932
75f77a82-0d57-4ea5-bfe7-cdfc6c5f795c,266,8.866667,13,0.132164,0.902194,0.6012
75f77a82-0d57-4ea5-bfe7-cdfc6c5f795c,266,8.866667,14,0.174799,0.923983,0.7564
75f77a82-0d57-4ea5-bfe7-cdfc6c5f795c,266,8.866667,15,0.568675,0.971020,0.8773
75f77a82-0d57-4ea5-bfe7-cdfc6c5f795c,266,8.866667,18,0.536677,0.637585,0.2765
75f77a82-0d57-4ea5-bfe7-cdfc6c5f795c,266,8.866667,20,0.777262,0.998148,0.8749
75f77a82-0d57-4ea5-bfe7-cdfc6c5f795c,266,8.866667,24,0.063613,0.899359,0.7882
75f77a82-0d57-4ea5-bfe7-cdfc6c5f795c,266,8.866667,25,0.096321,0.781173,0.1748
75f77a82-0d57-4ea5-bfe7-cdfc6c5f795c,266,8.866667,26,0.187731,0.673514,0.6389
75f77a82-0d57-4ea5-bfe7-cdfc6c5f795c,266,8.866667,27,0.953011,0.994924,0.7185
75f77a82-0d57-4ea5-bfe7-cdfc6c5f795c,267,8.900000,1,0.280844,0.982193,0.8904
75f77a82-0d57-4ea5-bfe7-cdfc6c5f795c,267,8.900000,4,0.435717,0.998148,0.8897
75f77a82-0d57-4ea5-bfe7-cdfc6c5f795c,267,8.900000,6,0.670286,0.828484,0.5419
75f77a82-0d57-4ea5-bfe7-cdfc6c5f795c,267,8.900000,10,0.703343,0.843962,0.7832
75f77a82-0d57-4ea5-bfe7-cdfc6c5f795c,267,8.900000,13,0.127775,0.903300,0.6807
75f77a82-0d57-4ea5-bfe7-cdfc6c5f795c,267,8.900000,14,0.173020,0.924034,0.7643
75f77a82-0d57-4ea5-bfe7-cdfc6c5f795c,267,8.900000,15,0.568233,0.968436,0.8759
75f77a82-0d57-4ea5-bfe7-cdfc6c5f795c,267,8.900000,18,0.536846,0.637088,0.2306
75f77a82-0d57-4ea5-bfe7-cdfc6c5f795c,267,8.900000,20,0.779747,0.998148,0.8817
75f77a82-0d57-4ea5-bfe7-cdfc6c5f795c,267,8.900000,24,0.064273,0.907390,0.8073
75f77a82-0d57-4ea5-bfe7-cdfc6c5f795c,267,8.900000,26,0.188511,0.675262,0.6435
75f77a82-0d57-4ea5-bfe7-cdfc6c5f795c,267,8.900000,27,0.952456,0.997176,0.7462
75f77a82-0d57-4ea5-bfe7-cdfc6c5f795c,268,8.933333,1,0.279966,0.978819,0.8914
75f77a82-0d57-4ea5-bfe7-cdfc6c5f795c,268,8.933333,4,0.430684,0.998148,0.9044
75f77a82-0d57-4ea5-bfe7-cdfc6c5f795c,268,8.933333,6,0.669868,0.829647,0.5652
75f77a82-0d57-4ea5-bfe7-cdfc6c5f795c,268,8.933333,10,0.704162,0.845472,0.7943
75f77a82-0d57-4ea5-bfe7-cdfc6c5f795c,268,8.933333,13,0.127506,0.900989,0.6672
75f77a82-0d57-4ea5-bfe7-cdfc6c5f795c,268,8.933333,14,0.173114,0.921102,0.7520
75f77a82-0d57-4ea5-bfe7-cdfc6c5f795c,268,8.933333,15,0.567735,0.967337,0.8732
75f77a82-0d57-4ea5-bfe7-cdfc6c5f795c,268,8.933333,18,0.536191,0.636961,0.2793
75f77a82-0d57-4ea5-bfe7-cdfc6c5f795c,268,8.933333,20,0.780358,0.998148,0.8840
75f77a82-0d57-4ea5-bfe7-cdfc6c5f795c,268,8.933333,24,0.065682,0.909907,0.8366
75f77a82-0d57-4ea5-bfe7-cdfc6c5f795c,268,8.933333,26,0.189651,0.675535,0.6367
75f77a82-0d57-4ea5-bfe7-cdfc6c5f795c,268,8.933333,27,0.950625,0.998148,0.8064
75f77a82-0d57-4ea5-bfe7-cdfc6c5f795c,269,8.966667,1,0.279473,0.980623,0.8997
75f77a82-0d57-4ea5-bfe7-cdfc6c5f795c,269,8.966667,4,0.429551,0.998148,0.8990
75f77a82-0d57-4ea5-bfe7-cdfc6c5f795c,269,8.966667,6,0.670085,0.825261,0.5354
75f77a82-0d57-4ea5-bfe7-cdfc6c5f795c,269,8.966667,10,0.703912,0.848484,0.7870
75f77a82-0d57-4ea5-bfe7-cdfc6c5f795c,269,8.966667,13,0.127179,0.899121,0.6574
75f77a82-0d57-4ea5-bfe7-cdfc6c5f795c,269,8.966667,14,0.171789,0.920383,0.7808
75f77a82-0d57-4ea5-bfe7-cdfc6c5f795c,269,8.966667,15,0.568370,0.969707,0.8780
75f77a82-0d57-4ea5-bfe7-cdfc6c5f795c,269,8.966667,18,0.536070,0.635672,0.2758
75f77a82-0d57-4ea5-bfe7-cdfc6c5f795c,269,8.966667,20,0.780685,0.998148,0.8784
75f77a82-0d57-4ea5-bfe7-cdfc6c5f795c,269,8.966667,24,0.066226,0.913251,0.8321
75f77a82-0d57-4ea5-bfe7-cdfc6c5f795c,269,8.966667,26,0.190119,0.672826,0.6587
75f77a82-0d57-4ea5-bfe7-cdfc6c5f795c,269,8.966667,27,0.951020,0.998148,0.8417
75f77a82-0d57-4ea5-bfe7-cdfc6c5f795c,270,9.000000,1,0.279328,0.985259,0.9020
75f77a82-0d57-4ea5-bfe7-cdfc6c5f795c,270,9.000000,4,0.425586,0.998148,0.9041
75f77a82-0d57-4ea5-bfe7-cdfc6c5f795c,270,9.000000,6,0.670258,0.818575,0.5014
75f77a82-0d57-4ea5-bfe7-cdfc6c5f795c,270,9.000000,7,0.787145,0.660578,0.1203
75f77a82-0d57-4ea5-bfe7-cdfc6c5f795c,270,9.000000,10,0.703554,0.849788,0.7895
75f77a82-0d57-4ea5-bfe7-cdfc6c5f795c,270,9.000000,13,0.126337,0.902239,0.6916
75f77a82-0d57-4ea5-bfe7-cdfc6c5f795c,270,9.000000,14,0.170888,0.920279,0.7927
75f77a82-0d57-4ea5-bfe7-cdfc6c5f795c,270,9.000000,15,0.568251,0.972081,0.8956
75f77a82-0d57-4ea5-bfe7-cdfc6c5f795c,270,9.000000,18,0.535916,0.635598,0.2890
75f77a82-0d57-4ea5-bfe7-cdfc6c5f795c,270,9.000000,20,0.782487,0.998148,0.8812
75f77a82-0d57-4ea5-bfe7-cdfc6c5f795c,270,9.000000,24,0.065516,0.915725,0.8326
75f77a82-0d57-4ea5-bfe7-cdfc6c5f795c,270,9.000000,26,0.190347,0.676025,0.6735
75f77a82-0d57-4ea5-bfe7-cdfc6c5f795c,270,9.000000,27,0.950122,0.998148,0.8523
75f77a82-0d57-4ea5-bfe7-cdfc6c5f795c,271,9.033333,1,0.279598,0.985894,0.9074
75f77a82-0d57-4ea5-bfe7-cdfc6c5f795c,271,9.033333,4,0.426487,0.998148,0.9034
75f77a82-0d57-4ea5-bfe7-cdfc6c5f795c,271,9.033333,6,0.669740,0.833767,0.5252
75f77a82-0d57-4ea5-bfe7-cdfc6c5f795c,271,9.033333,7,0.787027,0.663323,0.1229
75f77a82-0d57-4ea5-bfe7-cdfc6c5f795c,271,9.033333,10,0.701407,0.849943,0.7801
75f77a82-0d57-4ea5-bfe7-cdfc6c5f795c,271,9.033333,13,0.122467,0.908371,0.6074
75f77a82-0d57-4ea5-bfe7-cdfc6c5f795c,271,9.033333,14,0.169809,0.921680,0.8318
75f77a82-0d57-4ea5-bfe7-cdfc6c5f795c,271,9.033333,15,0.567348,0.972742,0.9015
75f77a82-0d57-4ea5-bfe7-cdfc6c5f795c,271,9.033333,18,0.536013,0.635679,0.2940
75f77a82-0d57-4ea5-bfe7-cdfc6c5f795c,271,9.033333,20,0.786969,0.998148,0.8805
75f77a82-0d57-4ea5-bfe7-cdfc6c5f795c,271,9.033333,24,0.065553,0.912701,0.8173
75f77a82-0d57-4ea5-bfe7-cdfc6c5f795c,271,9.033333,26,0.190953,0.683315,0.6838
75f77a82-0d57-4ea5-bfe7-cdfc6c5f795c,271,9.033333,27,0.948351,0.998148,0.8453
75f77a82-0d57-4ea5-bfe7-cdfc6c5f795c,272,9.066667,1,0.279689,0.983429,0.8950
75f77a82-0d57-4ea5-bfe7-cdfc6c5f795c,272,9.066667,4,0.425815,0.998148,0.9019
75f77a82-0d57-4ea5-bfe7-cdfc6c5f795c,272,9.066667,6,0.669860,0.836741,0.4621
75f77a82-0d57-4ea5-bfe7-cdfc6c5f795c,272,9.066667,10,0.696892,0.852931,0.7540
75f77a82-0d57-4ea5-bfe7-cdfc6c5f795c,272,9.066667,13,0.119145,0.894059,0.5081
75f77a82-0d57-4ea5-bfe7-cdfc6c5f795c,272,9.066667,14,0.167129,0.923571,0.8476
75f77a82-0d57-4ea5-bfe7-cdfc6c5f795c,272,9.066667,15,0.566860,0.974854,0.9041
75f77a82-0d57-4ea5-bfe7-cdfc6c5f795c,272,9.066667,18,0.535985,0.635957,0.3264
75f77a82-0d57-4ea5-bfe7-cdfc6c5f795c,272,9.066667,20,0.788584,0.998148,0.8801
75f77a82-0d57-4ea5-bfe7-cdfc6c5f795c,272,9.066667,24,0.065849,0.915987,0.8053
75f77a82-0d57-4ea5-bfe7-cdfc6c5f795c,272,9.066667,25,0.130372,0.778462,0.1243
75f77a82-0d57-4ea5-bfe7-cdfc6c5f795c,272,9.066667,26,0.191676,0.689517,0.7047
75f77a82-0d57-4ea5-bfe7-cdfc6c5f795c,272,9.066667,27,0.945361,0.998148,0.8407
75f77a82-0d57-4ea5-bfe7-cdfc6c5f795c,273,9.100000,1,0.278939,0.988179,0.9180
75f77a82-0d57-4ea5-bfe7-cdfc6c5f795c,273,9.100000,4,0.420031,0.998148,0.9065
75f77a82-0d57-4ea5-bfe7-cdfc6c5f795c,273,9.100000,6,0.670711,0.810901,0.4468
75f77a82-0d57-4ea5-bfe7-cdfc6c5f795c,273,9.100000,10,0.699301,0.854326,0.7785
75f77a82-0d57-4ea5-bfe7-cdfc6c5f795c,273,9.100000,13,0.117317,0.900375,0.5932
75f77a82-0d57-4ea5-bfe7-cdfc6c5f795c,273,9.100000,14,0.166388,0.925673,0.8364
75f77a82-0d57-4ea5-bfe7-cdfc6c5f795c,273,9.100000,15,0.566837,0.976595,0.9031
75f77a82-0d57-4ea5-bfe7-cdfc6c5f795c,273,9.100000,18,0.535895,0.636649,0.3638
75f77a82-0d57-4ea5-bfe7-cdfc6c5f795c,273,9.100000,20,0.791720,0.998148,0.8899
75f77a82-0d57-4ea5-bfe7-cdfc6c5f795c,273,9.100000,24,0.064152,0.920952,0.8026
75f77a82-0d57-4ea5-bfe7-cdfc6c5f795c,273,9.100000,26,0.192665,0.694658,0.6832
75f77a82-0d57-4ea5-bfe7-cdfc6c5f795c,273,9.100000,27,0.943843,0.998148,0.8433
75f77a82-0d57-4ea5-bfe7-cdfc6c5f795c,274,9.133333,1,0.279921,0.982302,0.9139
75f77a82-0d57-4ea5-bfe7-cdfc6c5f795c,274,9.133333,4,0.418375,0.998148,0.9040
75f77a82-0d57-4ea5-bfe7-cdfc6c5f795c,274,9.133333,6,0.669627,0.824016,0.4788
75f77a82-0d57-4ea5-bfe7-cdfc6c5f795c,274,9.133333,10,0.701172,0.857391,0.7746
75f77a82-0d57-4ea5-bfe7-cdfc6c5f795c,274,9.133333,13,0.118303,0.884648,0.5702
75f77a82-0d57-4ea5-bfe7-cdfc6c5f795c,274,9.133333,14,0.163930,0.926059,0.8375
75f77a82-0d57-4ea5-bfe7-cdfc6c5f795c,274,9.133333,15,0.566528,0.975987,0.9070
75f77a82-0d57-4ea5-bfe7-cdfc6c5f795c,274,9.133333,18,0.535938,0.637162,0.3405
75f77a82-0d57-4ea5-bfe7-cdfc6c5f795c,274,9.133333,20,0.792156,0.998148,0.8840
75f77a82-0d57-4ea5-bfe7-cdfc6c5f795c,274,9.133333,24,0.064229,0.918264,0.7989
75f77a82-0d57-4ea5-bfe7-cdfc6c5f795c,274,9.133333,26,0.192468,0.694392,0.6601
75f77a82-0d57-4ea5-bfe7-cdfc6c5f795c,274,9.133333,27,0.943011,0.998148,0.8280
75f77a82-0d57-4ea5-bfe7-cdfc6c5f795c,274,9.133333,28,0.669894,0.699667,0.4137
75f77a82-0d57-4ea5-bfe7-cdfc6c5f795c,275,9.166667,1,0.281265,0.981755,0.9087
75f77a82-0d57-4ea5-bfe7-cdfc6c5f795c,275,9.166667,4,0.417079,0.998148,0.9031
75f77a82-0d57-4ea5-bfe7-cdfc6c5f795c,275,9.166667,6,0.670085,0.815332,0.3952
75f77a82-0d57-4ea5-bfe7-cdfc6c5f795c,275,9.166667,10,0.695384,0.857503,0.7496
75f77a82-0d57-4ea5-bfe7-cdfc6c5f795c,275,9.166667,13,0.118276,0.888245,0.5897
75f77a82-0d57-4ea5-bfe7-cdfc6c5f795c,275,9.166667,14,0.161520,0.922805,0.8221
75f77a82-0d57-4ea5-bfe7-cdfc6c5f795c,275,9.166667,15,0.566780,0.975648,0.8931
75f77a82-0d57-4ea5-bfe7-cdfc6c5f795c,275,9.166667,18,0.535804,0.638417,0.2870
75f77a82-0d57-4ea5-bfe7-cdfc6c5f795c,275,9.166667,20,0.795674,0.998148,0.8831
75f77a82-0d57-4ea5-bfe7-cdfc6c5f795c,275,9.166667,24,0.063783,0.915325,0.7924
75f77a82-0d57-4ea5-bfe7-cdfc6c5f795c,275,9.166667,26,0.193072,0.699609,0.6585
75f77a82-0d57-4ea5-bfe7-cdfc6c5f795c,275,9.166667,27,0.940283,0.998148,0.8557
75f77a82-0d57-4ea5-bfe7-cdfc6c5f795c,275,9.166667,28,0.669868,0.697769,0.3399
75f77a82-0d57-4ea5-bfe7-cdfc6c5f795c,276,9.200000,1,0.281488,0.984368,0.8990
75f77a82-0d57-4ea5-bfe7-cdfc6c5f795c,276,9.200000,4,0.415103,0.998148,0.9003
75f77a82-0d57-4ea5-bfe7-cdfc6c5f795c,276,9.200000,6,0.667342,0.805905,0.3085
75f77a82-0d57-4ea5-bfe7-cdfc6c5f795c,276,9.200000,10,0.692315,0.853717,0.7369
75f77a82-0d57-4ea5-bfe7-cdfc6c5f795c,276,9.200000,13,0.118313,0.898205,0.6296
75f77a82-0d57-4ea5-bfe7-cdfc6c5f795c,276,9.200000,14,0.159969,0.921263,0.7920
75f77a82-0d57-4ea5-bfe7-cdfc6c5f795c,276,9.200000,15,0.566194,0.974363,0.9034
75f77a82-0d57-4ea5-bfe7-cdfc6c5f795c,276,9.200000,18,0.535699,0.638931,0.2350
75f77a82-0d57-4ea5-bfe7-cdfc6c5f795c,276,9.200000,20,0.805385,0.998148,0.8770
75f77a82-0d57-4ea5-bfe7-cdfc6c5f795c,276,9.200000,24,0.063535,0.918092,0.7892
75f77a82-0d57-4ea5-bfe7-cdfc6c5f795c,276,9.200000,26,0.193472,0.700844,0.6174
75f77a82-0d57-4ea5-bfe7-cdfc6c5f795c,276,9.200000,27,0.938975,0.997960,0.8432
75f77a82-0d57-4ea5-bfe7-cdfc6c5f795c,276,9.200000,28,0.669861,0.695352,0.3087
75f77a82-0d57-4ea5-bfe7-cdfc6c5f795c,277,9.233333,1,0.282969,0.980126,0.8975
75f77a82-0d57-4ea5-bfe7-cdfc6c5f795c,277,9.233333,4,0.413070,0.998148,0.8961
75f77a82-0d57-4ea5-bfe7-cdfc6c5f795c,277,9.233333,6,0.668351,0.776605,0.2394
75f77a82-0d57-4ea5-bfe7-cdfc6c5f795c,277,9.233333,7,0.774166,0.784245,0.1352
75f77a82-0d57-4ea5-bfe7-cdfc6c5f795c,277,9.233333,10,0.691289,0.855232,0.7467
75f77a82-0d57-4ea5-bfe7-cdfc6c5f795c,277,9.233333,13,0.117225,0.901760,0.6185
75f77a82-0d57-4ea5-bfe7-cdfc6c5f795c,277,9.233333,14,0.158972,0.922953,0.7782
75f77a82-0d57-4ea5-bfe7-cdfc6c5f795c,277,9.233333,15,0.566556,0.974990,0.8982
75f77a82-0d57-4ea5-bfe7-cdfc6c5f795c,277,9.233333,18,0.535927,0.639396,0.1726
75f77a82-0d57-4ea5-bfe7-cdfc6c5f795c,277,9.233333,20,0.808604,0.998148,0.8825
75f77a82-0d57-4ea5-bfe7-cdfc6c5f795c,277,9.233333,24,0.063103,0.917879,0.7909
75f77a82-0d57-4ea5-bfe7-cdfc6c5f795c,277,9.233333,26,0.193844,0.708916,0.4896
75f77a82-0d57-4ea5-bfe7-cdfc6c5f795c,277,9.233333,27,0.937280,0.997540,0.8242
75f77a82-0d57-4ea5-bfe7-cdfc6c5f795c,277,9.233333,28,0.669925,0.694371,0.3042
75f77a82-0d57-4ea5-bfe7-cdfc6c5f795c,278,9.266667,1,0.284138,0.982462,0.8839
75f77a82-0d57-4ea5-bfe7-cdfc6c5f795c,278,9.266667,4,0.411336,0.998148,0.8982
75f77a82-0d57-4ea5-bfe7-cdfc6c5f795c,278,9.266667,7,0.774052,0.785483,0.2155
75f77a82-0d57-4ea5-bfe7-cdfc6c5f795c,278,9.266667,10,0.690081,0.853424,0.7680
75f77a82-0d57-4ea5-bfe7-cdfc6c5f795c,278,9.266667,13,0.114642,0.905074,0.6373
75f77a82-0d57-4ea5-bfe7-cdfc6c5f795c,278,9.266667,14,0.157904,0.922564,0.7889
75f77a82-0d57-4ea5-bfe7-cdfc6c5f795c,278,9.266667,15,0.566927,0.973788,0.8978
75f77a82-0d57-4ea5-bfe7-cdfc6c5f795c,278,9.266667,18,0.536362,0.639904,0.1345
75f77a82-0d57-4ea5-bfe7-cdfc6c5f795c,278,9.266667,20,0.812517,0.998148,0.8744
75f77a82-0d57-4ea5-bfe7-cdfc6c5f795c,278,9.266667,24,0.062934,0.916030,0.7899
75f77a82-0d57-4ea5-bfe7-cdfc6c5f795c,278,9.266667,25,0.125559,0.784905,0.1415
75f77a82-0d57-4ea5-bfe7-cdfc6c5f795c,278,9.266667,26,0.195264,0.882313,0.5021
75f77a82-0d57-4ea5-bfe7-cdfc6c5f795c,278,9.266667,27,0.936111,0.995826,0.8413
75f77a82-0d57-4ea5-bfe7-cdfc6c5f795c,278,9.266667,28,0.669822,0.692607,0.3256
75f77a82-0d57-4ea5-bfe7-cdfc6c5f795c,279,9.300000,1,0.284911,0.985362,0.8810
75f77a82-0d57-4ea5-bfe7-cdfc6c5f795c,279,9.300000,4,0.410321,0.998148,0.8971
75f77a82-0d57-4ea5-bfe7-cdfc6c5f795c,279,9.300000,7,0.776061,0.785517,0.1735
75f77a82-0d57-4ea5-bfe7-cdfc6c5f795c,279,9.300000,10,0.689903,0.852892,0.7673
75f77a82-0d57-4ea5-bfe7-cdfc6c5f795c,279,9.300000,13,0.112214,0.908417,0.6881
75f77a82-0d57-4ea5-bfe7-cdfc6c5f795c,279,9.300000,14,0.156460,0.923070,0.7818
75f77a82-0d57-4ea5-bfe7-cdfc6c5f795c,279,9.300000,15,0.567317,0.966433,0.8947
75f77a82-0d57-4ea5-bfe7-cdfc6c5f795c,279,9.300000,20,0.818532,0.998148,0.8590
75f77a82-0d57-4ea5-bfe7-cdfc6c5f795c,279,9.300000,24,0.062446,0.920308,0.7955
75f77a82-0d57-4ea5-bfe7-cdfc6c5f795c,279,9.300000,26,0.195603,0.892200,0.5723
75f77a82-0d57-4ea5-bfe7-cdfc6c5f795c,279,9.300000,27,0.934809,0.994432,0.8626
75f77a82-0d57-4ea5-bfe7-cdfc6c5f795c,279,9.300000,28,0.669479,0.691842,0.2778
75f77a82-0d57-4ea5-bfe7-cdfc6c5f795c,280,9.333333,1,0.286300,0.988478,0.9013
75f77a82-0d57-4ea5-bfe7-cdfc6c5f795c,280,9.333333,4,0.407546,0.998148,0.8917
75f77a82-0d57-4ea5-bfe7-cdfc6c5f795c,280,9.333333,7,0.777162,0.780378,0.1541
75f77a82-0d57-4ea5-bfe7-cdfc6c5f795c,280,9.333333,10,0.687744,0.850908,0.7578
75f77a82-0d57-4ea5-bfe7-cdfc6c5f795c,280,9.333333,13,0.111008,0.910315,0.7268
75f77a82-0d57-4ea5-bfe7-cdfc6c5f795c,280,9.333333,14,0.154660,0.923549,0.7782
75f77a82-0d57-4ea5-bfe7-cdfc6c5f795c,280,9.333333,15,0.568588,0.962861,0.8936
75f77a82-0d57-4ea5-bfe7-cdfc6c5f795c,280,9.333333,20,0.828879,0.998148,0.8713
75f77a82-0d57-4ea5-bfe7-cdfc6c5f795c,280,9.333333,24,0.061792,0.922374,0.7997
75f77a82-0d57-4ea5-bfe7-cdfc6c5f795c,280,9.333333,26,0.195631,0.903036,0.6239
75f77a82-0d57-4ea5-bfe7-cdfc6c5f795c,280,9.333333,27,0.934395,0.992664,0.8614
75f77a82-0d57-4ea5-bfe7-cdfc6c5f795c,280,9.333333,28,0.669654,0.691356,0.2440
75f77a82-0d57-4ea5-bfe7-cdfc6c5f795c,281,9.366667,1,0.285621,0.992502,0.8986
75f77a82-0d57-4ea5-bfe7-cdfc6c5f795c,281,9.366667,4,0.435401,0.746907,0.4201
75f77a82-0d57-4ea5-bfe7-cdfc6c5f795c,281,9.366667,7,0.775955,0.777795,0.1243
75f77a82-0d57-4ea5-bfe7-cdfc6c5f795c,281,9.366667,10,0.681253,0.850456,0.7657
75f77a82-0d57-4ea5-bfe7-cdfc6c5f795c,281,9.366667,13,0.109647,0.910321,0.7224
75f77a82-0d57-4ea5-bfe7-cdfc6c5f795c,281,9.366667,14,0.155792,0.923090,0.7999
75f77a82-0d57-4ea5-bfe7-cdfc6c5f795c,281,9.366667,15,0.568586,0.968515,0.8915
75f77a82-0d57-4ea5-bfe7-cdfc6c5f795c,281,9.366667,17,0.406143,0.998148,0.8872
75f77a82-0d57-4ea5-bfe7-cdfc6c5f795c,281,9.366667,20,0.837305,0.998148,0.8818
75f77a82-0d57-4ea5-bfe7-cdfc6c5f795c,281,9.366667,24,0.061510,0.921933,0.7990
75f77a82-0d57-4ea5-bfe7-cdfc6c5f795c,281,9.366667,25,0.119371,0.779151,0.1250
75f77a82-0d57-4ea5-bfe7-cdfc6c5f795c,281,9.366667,26,0.195957,0.907250,0.5652
75f77a82-0d57-4ea5-bfe7-cdfc6c5f795c,281,9.366667,27,0.936216,0.996797,0.8897
75f77a82-0d57-4ea5-bfe7-cdfc6c5f795c,281,9.366667,28,0.670143,0.688715,0.1832
75f77a82-0d57-4ea5-bfe7-cdfc6c5f795c,282,9.400000,1,0.284819,0.998148,0.8980
75f77a82-0d57-4ea5-bfe7-cdfc6c5f795c,282,9.400000,4,0.404217,0.998148,0.8879
75f77a82-0d57-4ea5-bfe7-cdfc6c5f795c,282,9.400000,6,0.728325,0.844603,0.4195
75f77a82-0d57-4ea5-bfe7-cdfc6c5f795c,282,9.400000,7,0.776601,0.775279,0.1252
75f77a82-0d57-4ea5-bfe7-cdfc6c5f795c,282,9.400000,10,0.680288,0.850628,0.7662
75f77a82-0d57-4ea5-bfe7-cdfc6c5f795c,282,9.400000,13,0.108342,0.910163,0.7196
75f77a82-0d57-4ea5-bfe7-cdfc6c5f795c,282,9.400000,14,0.158938,0.922221,0.7926
75f77a82-0d57-4ea5-bfe7-cdfc6c5f795c,282,9.400000,15,0.568439,0.963275,0.9030
75f77a82-0d57-4ea5-bfe7-cdfc6c5f795c,282,9.400000,17,0.434187,0.748994,0.4083
75f77a82-0d57-4ea5-bfe7-cdfc6c5f795c,282,9.400000,20,0.837287,0.998148,0.8569
75f77a82-0d57-4ea5-bfe7-cdfc6c5f795c,282,9.400000,24,0.061492,0.919987,0.7986
75f77a82-0d57-4ea5-bfe7-cdfc6c5f795c,282,9.400000,26,0.196484,0.907765,0.5320
75f77a82-0d57-4ea5-bfe7-cdfc6c5f795c,282,9.400000,27,0.938948,0.996443,0.8945
75f77a82-0d57-4ea5-bfe7-cdfc6c5f795c,282,9.400000,28,0.670595,0.689517,0.1384
75f77a82-0d57-4ea5-bfe7-cdfc6c5f795c,283,9.433333,1,0.283521,0.998148,0.8999
75f77a82-0d57-4ea5-bfe7-cdfc6c5f795c,283,9.433333,4,0.402200,0.998148,0.8881
75f77a82-0d57-4ea5-bfe7-cdfc6c5f795c,283,9.433333,6,0.729137,0.846272,0.4815
75f77a82-0d57-4ea5-bfe7-cdfc6c5f795c,283,9.433333,7,0.776099,0.776874,0.1870
75f77a82-0d57-4ea5-bfe7-cdfc6c5f795c,283,9.433333,10,0.675920,0.852945,0.8025
75f77a82-0d57-4ea5-bfe7-cdfc6c5f795c,283,9.433333,13,0.108733,0.908898,0.7188
75f77a82-0d57-4ea5-bfe7-cdfc6c5f795c,283,9.433333,14,0.156246,0.921931,0.7815
75f77a82-0d57-4ea5-bfe7-cdfc6c5f795c,283,9.433333,15,0.568366,0.966632,0.9020
75f77a82-0d57-4ea5-bfe7-cdfc6c5f795c,283,9.433333,17,0.436407,0.761671,0.3798
75f77a82-0d57-4ea5-bfe7-cdfc6c5f795c,283,9.433333,20,0.839450,0.998119,0.8606
75f77a82-0d57-4ea5-bfe7-cdfc6c5f795c,283,9.433333,24,0.061238,0.921092,0.8005
75f77a82-0d57-4ea5-bfe7-cdfc6c5f795c,283,9.433333,25,0.118912,0.760796,0.1282
75f77a82-0d57-4ea5-bfe7-cdfc6c5f795c,283,9.433333,26,0.196569,0.866110,0.4876
75f77a82-0d57-4ea5-bfe7-cdfc6c5f795c,283,9.433333,27,0.941269,0.988334,0.8960
75f77a82-0d57-4ea5-bfe7-cdfc6c5f795c,284,9.466667,1,0.284203,0.994922,0.8953
75f77a82-0d57-4ea5-bfe7-cdfc6c5f795c,284,9.466667,4,0.400738,0.998148,0.8883
75f77a82-0d57-4ea5-bfe7-cdfc6c5f795c,284,9.466667,6,0.729794,0.846993,0.5460
75f77a82-0d57-4ea5-bfe7-cdfc6c5f795c,284,9.466667,7,0.777766,0.778751,0.1958
75f77a82-0d57-4ea5-bfe7-cdfc6c5f795c,284,9.466667,10,0.675675,0.854110,0.8101
75f77a82-0d57-4ea5-bfe7-cdfc6c5f795c,284,9.466667,13,0.108654,0.910081,0.7232
75f77a82-0d57-4ea5-bfe7-cdfc6c5f795c,284,9.466667,14,0.156711,0.921654,0.7970
75f77a82-0d57-4ea5-bfe7-cdfc6c5f795c,284,9.466667,15,0.568917,0.969646,0.8950
75f77a82-0d57-4ea5-bfe7-cdfc6c5f795c,284,9.466667,17,0.436313,0.776752,0.3894
75f77a82-0d57-4ea5-bfe7-cdfc6c5f795c,284,9.466667,20,0.851964,0.998148,0.8476
75f77a82-0d57-4ea5-bfe7-cdfc6c5f795c,284,9.466667,24,0.061097,0.921228,0.8024
75f77a82-0d57-4ea5-bfe7-cdfc6c5f795c,284,9.466667,25,0.120232,0.762320,0.1216
75f77a82-0d57-4ea5-bfe7-cdfc6c5f795c,284,9.466667,26,0.197220,0.780088,0.4909
75f77a82-0d57-4ea5-bfe7-cdfc6c5f795c,284,9.466667,27,0.942074,0.995172,0.8908
75f77a82-0d57-4ea5-bfe7-cdfc6c5f795c,285,9.500000,1,0.285843,0.993345,0.8817
75f77a82-0d57-4ea5-bfe7-cdfc6c5f795c,285,9.500000,4,0.398715,0.998148,0.8771
75f77a82-0d57-4ea5-bfe7-cdfc6c5f795c,285,9.500000,6,0.729869,0.842904,0.6174
75f77a82-0d57-4ea5-bfe7-cdfc6c5f795c,285,9.500000,7,0.774262,0.779669,0.2679
75f77a82-0d57-4ea5-bfe7-cdfc6c5f795c,285,9.500000,10,0.675244,0.854489,0.8334
75f77a82-0d57-4ea5-bfe7-cdfc6c5f795c,285,9.500000,13,0.108622,0.911934,0.7108
75f77a82-0d57-4ea5-bfe7-cdfc6c5f795c,285,9.500000,14,0.154816,0.922639,0.8043
75f77a82-0d57-4ea5-bfe7-cdfc6c5f795c,285,9.500000,15,0.569303,0.970465,0.8984
75f77a82-0d57-4ea5-bfe7-cdfc6c5f795c,285,9.500000,17,0.437615,0.792867,0.4804
75f77a82-0d57-4ea5-bfe7-cdfc6c5f795c,285,9.500000,20,0.854657,0.998148,0.8166
75f77a82-0d57-4ea5-bfe7-cdfc6c5f795c,285,9.500000,24,0.061091,0.922566,0.7933
75f77a82-0d57-4ea5-bfe7-cdfc6c5f795c,285,9.500000,26,0.197392,0.795101,0.4682
75f77a82-0d57-4ea5-bfe7-cdfc6c5f795c,285,9.500000,27,0.944557,0.994305,0.8925
75f77a82-0d57-4ea5-bfe7-cdfc6c5f795c,286,9.533333,1,0.285130,0.991870,0.8761
75f77a82-0d57-4ea5-bfe7-cdfc6c5f795c,286,9.533333,4,0.397523,0.998148,0.8319
75f77a82-0d57-4ea5-bfe7-cdfc6c5f795c,286,9.533333,6,0.731175,0.843048,0.6627
75f77a82-0d57-4ea5-bfe7-cdfc6c5f795c,286,9.533333,7,0.775233,0.779051,0.2103
75f77a82-0d57-4ea5-bfe7-cdfc6c5f795c,286,9.533333,10,0.675221,0.853142,0.8456
75f77a82-0d57-4ea5-bfe7-cdfc6c5f795c,286,9.533333,13,0.108563,0.910835,0.7258
75f77a82-0d57-4ea5-bfe7-cdfc6c5f795c,286,9.533333,14,0.156689,0.922666,0.8032
75f77a82-0d57-4ea5-bfe7-cdfc6c5f795c,286,9.533333,15,0.569702,0.972480,0.9013
75f77a82-0d57-4ea5-bfe7-cdfc6c5f795c,286,9.533333,17,0.437901,0.799855,0.3911
75f77a82-0d57-4ea5-bfe7-cdfc6c5f795c,286,9.533333,20,0.848153,0.996720,0.8383
75f77a82-0d57-4ea5-bfe7-cdfc6c5f795c,286,9.533333,24,0.060608,0.918575,0.7978
75f77a82-0d57-4ea5-bfe7-cdfc6c5f795c,286,9.533333,26,0.197204,0.763984,0.4763
75f77a82-0d57-4ea5-bfe7-cdfc6c5f795c,286,9.533333,27,0.945808,0.995407,0.8940
75f77a82-0d57-4ea5-bfe7-cdfc6c5f795c,287,9.566667,1,0.285984,0.998148,0.8847
75f77a82-0d57-4ea5-bfe7-cdfc6c5f795c,287,9.566667,4,0.392193,0.998148,0.8418
75f77a82-0d57-4ea5-bfe7-cdfc6c5f795c,287,9.566667,6,0.733150,0.846416,0.7064
75f77a82-0d57-4ea5-bfe7-cdfc6c5f795c,287,9.566667,7,0.779213,0.775220,0.2117
75f77a82-0d57-4ea5-bfe7-cdfc6c5f795c,287,9.566667,10,0.675260,0.851227,0.8402
75f77a82-0d57-4ea5-bfe7-cdfc6c5f795c,287,9.566667,13,0.108835,0.907585,0.7076
75f77a82-0d57-4ea5-bfe7-cdfc6c5f795c,287,9.566667,14,0.157310,0.922415,0.7996
75f77a82-0d57-4ea5-bfe7-cdfc6c5f795c,287,9.566667,15,0.569727,0.974836,0.9052
75f77a82-0d57-4ea5-bfe7-cdfc6c5f795c,287,9.566667,17,0.449544,0.998148,0.5884
75f77a82-0d57-4ea5-bfe7-cdfc6c5f795c,287,9.566667,20,0.855456,0.997696,0.8414
75f77a82-0d57-4ea5-bfe7-cdfc6c5f795c,287,9.566667,24,0.060919,0.915524,0.8038
75f77a82-0d57-4ea5-bfe7-cdfc6c5f795c,287,9.566667,26,0.197356,0.726204,0.5040
75f77a82-0d57-4ea5-bfe7-cdfc6c5f795c,287,9.566667,27,0.944707,0.996772,0.9001
75f77a82-0d57-4ea5-bfe7-cdfc6c5f795c,288,9.600000,1,0.285714,0.998148,0.8922
75f77a82-0d57-4ea5-bfe7-cdfc6c5f795c,288,9.600000,4,0.389699,0.998148,0.8459
75f77a82-0d57-4ea5-bfe7-cdfc6c5f795c,288,9.600000,6,0.733773,0.847482,0.7095
75f77a82-0d57-4ea5-bfe7-cdfc6c5f795c,288,9.600000,7,0.778727,0.769416,0.1853
75f77a82-0d57-4ea5-bfe7-cdfc6c5f795c,288,9.600000,10,0.675814,0.848105,0.8287
75f77a82-0d57-4ea5-bfe7-cdfc6c5f795c,288,9.600000,13,0.108401,0.909104,0.6937
75f77a82-0d57-4ea5-bfe7-cdfc6c5f795c,288,9.600000,14,0.157774,0.922484,0.7866
75f77a82-0d57-4ea5-bfe7-cdfc6c5f795c,288,9.600000,15,0.569699,0.974535,0.9078
75f77a82-0d57-4ea5-bfe7-cdfc6c5f795c,288,9.600000,17,0.447548,0.998148,0.6635
75f77a82-0d57-4ea5-bfe7-cdfc6c5f795c,288,9.600000,20,0.858691,0.998148,0.8629
75f77a82-0d57-4ea5-bfe7-cdfc6c5f795c,288,9.600000,24,0.061331,0.919735,0.8027
75f77a82-0d57-4ea5-bfe7-cdfc6c5f795c,288,9.600000,26,0.196596,0.714574,0.5426
75f77a82-0d57-4ea5-bfe7-cdfc6c5f795c,288,9.600000,27,0.944049,0.998148,0.8971
75f77a82-0d57-4ea5-bfe7-cdfc6c5f795c,289,9.633333,1,0.284552,0.998148,0.8978
75f77a82-0d57-4ea5-bfe7-cdfc6c5f795c,289,9.633333,4,0.387114,0.998148,0.8754
75f77a82-0d57-4ea5-bfe7-cdfc6c5f795c,289,9.633333,6,0.735794,0.846438,0.7009
75f77a82-0d57-4ea5-bfe7-cdfc6c5f795c,289,9.633333,7,0.778261,0.767199,0.1705
75f77a82-0d57-4ea5-bfe7-cdfc6c5f795c,289,9.633333,10,0.674356,0.846123,0.8230
75f77a82-0d57-4ea5-bfe7-cdfc6c5f795c,289,9.633333,13,0.108172,0.910965,0.6380
75f77a82-0d57-4ea5-bfe7-cdfc6c5f795c,289,9.633333,14,0.156431,0.921754,0.7805
75f77a82-0d57-4ea5-bfe7-cdfc6c5f795c,289,9.633333,15,0.569676,0.972159,0.9103
75f77a82-0d57-4ea5-bfe7-cdfc6c5f795c,289,9.633333,17,0.447013,0.998148,0.7029
75f77a82-0d57-4ea5-bfe7-cdfc6c5f795c,289,9.633333,20,0.874272,0.998148,0.8808
75f77a82-0d57-4ea5-bfe7-cdfc6c5f795c,289,9.633333,24,0.061446,0.923440,0.7964
75f77a82-0d57-4ea5-bfe7-cdfc6c5f795c,289,9.633333,26,0.196793,0.711752,0.5283
75f77a82-0d57-4ea5-bfe7-cdfc6c5f795c,289,9.633333,27,0.943976,0.998148,0.8989
75f77a82-0d57-4ea5-bfe7-cdfc6c5f795c,290,9.666667,1,0.282607,0.998148,0.8966
75f77a82-0d57-4ea5-bfe7-cdfc6c5f795c,290,9.666667,4,0.385075,0.998148,0.8808
75f77a82-0d57-4ea5-bfe7-cdfc6c5f795c,290,9.666667,6,0.735989,0.847892,0.7166
75f77a82-0d57-4ea5-bfe7-cdfc6c5f795c,290,9.666667,7,0.770770,0.779736,0.3141
75f77a82-0d57-4ea5-bfe7-cdfc6c5f795c,290,9.666667,10,0.675159,0.842838,0.8101
75f77a82-0d57-4ea5-bfe7-cdfc6c5f795c,290,9.666667,13,0.108166,0.913921,0.6903
75f77a82-0d57-4ea5-bfe7-cdfc6c5f795c,290,9.666667,14,0.150444,0.921583,0.7929
75f77a82-0d57-4ea5-bfe7-cdfc6c5f795c,290,9.666667,15,0.570003,0.973706,0.9100
75f77a82-0d57-4ea5-bfe7-cdfc6c5f795c,290,9.666667,17,0.447882,0.992993,0.7008
75f77a82-0d57-4ea5-bfe7-cdfc6c5f795c,290,9.666667,20,0.874545,0.998148,0.8816
75f77a82-0d57-4ea5-bfe7-cdfc6c5f795c,290,9.666667,24,0.061014,0.922829,0.8039
75f77a82-0d57-4ea5-bfe7-cdfc6c5f795c,290,9.666667,26,0.197639,0.715131,0.4937
75f77a82-0d57-4ea5-bfe7-cdfc6c5f795c,290,9.666667,27,0.944295,0.998148,0.9006
75f77a82-0d57-4ea5-bfe7-cdfc6c5f795c,291,9.700000,1,0.283521,0.998148,0.8922
75f77a82-0d57-4ea5-bfe7-cdfc6c5f795c,291,9.700000,4,0.383042,0.998148,0.8878
75f77a82-0d57-4ea5-bfe7-cdfc6c5f795c,291,9.700000,6,0.737603,0.848255,0.7135
75f77a82-0d57-4ea5-bfe7-cdfc6c5f795c,291,9.700000,7,0.774797,0.775396,0.2871
75f77a82-0d57-4ea5-bfe7-cdfc6c5f795c,291,9.700000,10,0.676051,0.838430,0.8093
75f77a82-0d57-4ea5-bfe7-cdfc6c5f795c,291,9.700000,13,0.108079,0.915518,0.6949
75f77a82-0d57-4ea5-bfe7-cdfc6c5f795c,291,9.700000,14,0.148826,0.922444,0.7901
75f77a82-0d57-4ea5-bfe7-cdfc6c5f795c,291,9.700000,15,0.570731,0.974585,0.9090
75f77a82-0d57-4ea5-bfe7-cdfc6c5f795c,291,9.700000,17,0.447628,0.996885,0.7114
75f77a82-0d57-4ea5-bfe7-cdfc6c5f795c,291,9.700000,20,0.878806,0.998148,0.8815
75f77a82-0d57-4ea5-bfe7-cdfc6c5f795c,291,9.700000,24,0.061035,0.926345,0.8036
75f77a82-0d57-4ea5-bfe7-cdfc6c5f795c,291,9.700000,26,0.197009,0.712596,0.5112
75f77a82-0d57-4ea5-bfe7-cdfc6c5f795c,291,9.700000,27,0.942142,0.996157,0.8919
75f77a82-0d57-4ea5-bfe7-cdfc6c5f795c,292,9.733333,1,0.284155,0.998148,0.8893
75f77a82-0d57-4ea5-bfe7-cdfc6c5f795c,292,9.733333,4,0.380597,0.998148,0.8831
75f77a82-0d57-4ea5-bfe7-cdfc6c5f795c,292,9.733333,6,0.739307,0.848273,0.7298
75f77a82-0d57-4ea5-bfe7-cdfc6c5f795c,292,9.733333,7,0.772148,0.712768,0.2242
75f77a82-0d57-4ea5-bfe7-cdfc6c5f795c,292,9.733333,10,0.678328,0.833906,0.8178
75f77a82-0d57-4ea5-bfe7-cdfc6c5f795c,292,9.733333,13,0.108662,0.911093,0.6027
75f77a82-0d57-4ea5-bfe7-cdfc6c5f795c,292,9.733333,14,0.147856,0.923831,0.7929
75f77a82-0d57-4ea5-bfe7-cdfc6c5f795c,292,9.733333,15,0.570746,0.973730,0.9068
75f77a82-0d57-4ea5-bfe7-cdfc6c5f795c,292,9.733333,17,0.447868,0.996174,0.7609
75f77a82-0d57-4ea5-bfe7-cdfc6c5f795c,292,9.733333,20,0.880340,0.998148,0.8731
75f77a82-0d57-4ea5-bfe7-cdfc6c5f795c,292,9.733333,24,0.061418,0.929895,0.8039
75f77a82-0d57-4ea5-bfe7-cdfc6c5f795c,292,9.733333,25,0.115629,0.730842,0.1237
75f77a82-0d57-4ea5-bfe7-cdfc6c5f795c,292,9.733333,26,0.196954,0.713746,0.5010
75f77a82-0d57-4ea5-bfe7-cdfc6c5f795c,292,9.733333,27,0.940370,0.994489,0.8916
75f77a82-0d57-4ea5-bfe7-cdfc6c5f795c,292,9.733333,28,0.645558,0.655976,0.3224
75f77a82-0d57-4ea5-bfe7-cdfc6c5f795c,293,9.766667,1,0.283717,0.998148,0.8846
75f77a82-0d57-4ea5-bfe7-cdfc6c5f795c,293,9.766667,4,0.376287,0.998148,0.8864
75f77a82-0d57-4ea5-bfe7-cdfc6c5f795c,293,9.766667,6,0.739823,0.849174,0.7405
75f77a82-0d57-4ea5-bfe7-cdfc6c5f795c,293,9.766667,7,0.775051,0.710748,0.2932
75f77a82-0d57-4ea5-bfe7-cdfc6c5f795c,293,9.766667,10,0.678386,0.835084,0.8348
75f77a82-0d57-4ea5-bfe7-cdfc6c5f795c,293,9.766667,13,0.108885,0.906089,0.5883
75f77a82-0d57-4ea5-bfe7-cdfc6c5f795c,293,9.766667,14,0.148370,0.924239,0.7876
75f77a82-0d57-4ea5-bfe7-cdfc6c5f795c,293,9.766667,15,0.571176,0.974231,0.9086
75f77a82-0d57-4ea5-bfe7-cdfc6c5f795c,293,9.766667,17,0.446622,0.998148,0.8169
75f77a82-0d57-4ea5-bfe7-cdfc6c5f795c,293,9.766667,20,0.881280,0.998148,0.8589
75f77a82-0d57-4ea5-bfe7-cdfc6c5f795c,293,9.766667,24,0.061181,0.932124,0.8065
75f77a82-0d57-4ea5-bfe7-cdfc6c5f795c,293,9.766667,26,0.197062,0.718582,0.5051
75f77a82-0d57-4ea5-bfe7-cdfc6c5f795c,293,9.766667,27,0.937795,0.992718,0.8889
75f77a82-0d57-4ea5-bfe7-cdfc6c5f795c,293,9.766667,28,0.645170,0.657739,0.3346
75f77a82-0d57-4ea5-bfe7-cdfc6c5f795c,294,9.800000,1,0.283098,0.998148,0.8779
75f77a82-0d57-4ea5-bfe7-cdfc6c5f795c,294,9.800000,4,0.373924,0.998148,0.8901
75f77a82-0d57-4ea5-bfe7-cdfc6c5f795c,294,9.800000,6,0.739329,0.850023,0.7216
75f77a82-0d57-4ea5-bfe7-cdfc6c5f795c,294,9.800000,7,0.776860,0.709813,0.3689
75f77a82-0d57-4ea5-bfe7-cdfc6c5f795c,294,9.800000,10,0.676974,0.837648,0.8430
75f77a82-0d57-4ea5-bfe7-cdfc6c5f795c,294,9.800000,13,0.109211,0.888705,0.4989
75f77a82-0d57-4ea5-bfe7-cdfc6c5f795c,294,9.800000,14,0.149393,0.924724,0.7924
75f77a82-0d57-4ea5-bfe7-cdfc6c5f795c,294,9.800000,15,0.572038,0.974669,0.9084
75f77a82-0d57-4ea5-bfe7-cdfc6c5f795c,294,9.800000,17,0.447125,0.997738,0.8453
75f77a82-0d57-4ea5-bfe7-cdfc6c5f795c,294,9.800000,20,0.883470,0.998148,0.8656
75f77a82-0d57-4ea5-bfe7-cdfc6c5f795c,294,9.800000,24,0.061127,0.933604,0.8053
75f77a82-0d57-4ea5-bfe7-cdfc6c5f795c,294,9.800000,26,0.196464,0.713869,0.5585
75f77a82-0d57-4ea5-bfe7-cdfc6c5f795c,294,9.800000,27,0.936888,0.992060,0.8951
75f77a82-0d57-4ea5-bfe7-cdfc6c5f795c,294,9.800000,28,0.645062,0.659124,0.3749
75f77a82-0d57-4ea5-bfe7-cdfc6c5f795c,295,9.833333,1,0.282736,0.998148,0.8673
75f77a82-0d57-4ea5-bfe7-cdfc6c5f795c,295,9.833333,4,0.370633,0.998148,0.8782
75f77a82-0d57-4ea5-bfe7-cdfc6c5f795c,295,9.833333,6,0.739325,0.852030,0.7581
75f77a82-0d57-4ea5-bfe7-cdfc6c5f795c,295,9.833333,7,0.777408,0.710651,0.3505
75f77a82-0d57-4ea5-bfe7-cdfc6c5f795c,295,9.833333,10,0.676042,0.846540,0.8404
75f77a82-0d57-4ea5-bfe7-cdfc6c5f795c,295,9.833333,13,0.109293,0.868459,0.4709
75f77a82-0d57-4ea5-bfe7-cdfc6c5f795c,295,9.833333,14,0.148165,0.925424,0.8060
75f77a82-0d57-4ea5-bfe7-cdfc6c5f795c,295,9.833333,15,0.572420,0.976290,0.9069
75f77a82-0d57-4ea5-bfe7-cdfc6c5f795c,295,9.833333,17,0.446762,0.997542,0.8474
75f77a82-0d57-4ea5-bfe7-cdfc6c5f795c,295,9.833333,20,0.884887,0.998148,0.8564
75f77a82-0d57-4ea5-bfe7-cdfc6c5f795c,295,9.833333,24,0.060653,0.933062,0.8018
75f77a82-0d57-4ea5-bfe7-cdfc6c5f795c,295,9.833333,25,0.118254,0.692140,0.1306
75f77a82-0d57-4ea5-bfe7-cdfc6c5f795c,295,9.833333,26,0.195727,0.712610,0.5800
75f77a82-0d57-4ea5-bfe7-cdfc6c5f795c,295,9.833333,27,0.936974,0.996140,0.8728
75f77a82-0d57-4ea5-bfe7-cdfc6c5f795c,295,9.833333,28,0.646266,0.661192,0.3760
75f77a82-0d57-4ea5-bfe7-cdfc6c5f795c,296,9.866667,1,0.281830,0.998148,0.8695
75f77a82-0d57-4ea5-bfe7-cdfc6c5f795c,296,9.866667,4,0.367537,0.998148,0.8742
75f77a82-0d57-4ea5-bfe7-cdfc6c5f795c,296,9.866667,6,0.739733,0.852996,0.7222
75f77a82-0d57-4ea5-bfe7-cdfc6c5f795c,296,9.866667,7,0.778081,0.711650,0.3135
75f77a82-0d57-4ea5-bfe7-cdfc6c5f795c,296,9.866667,10,0.676724,0.851497,0.8439
75f77a82-0d57-4ea5-bfe7-cdfc6c5f795c,296,9.866667,13,0.109635,0.827252,0.5295
75f77a82-0d57-4ea5-bfe7-cdfc6c5f795c,296,9.866667,14,0.144109,0.927069,0.8177
75f77a82-0d57-4ea5-bfe7-cdfc6c5f795c,296,9.866667,15,0.572819,0.974370,0.9129
75f77a82-0d57-4ea5-bfe7-cdfc6c5f795c,296,9.866667,17,0.445298,0.998148,0.8471
75f77a82-0d57-4ea5-bfe7-cdfc6c5f795c,296,9.866667,20,0.887398,0.998148,0.8651
75f77a82-0d57-4ea5-bfe7-cdfc6c5f795c,296,9.866667,24,0.060212,0.931235,0.7923
75f77a82-0d57-4ea5-bfe7-cdfc6c5f795c,296,9.866667,25,0.119842,0.667110,0.1383
75f77a82-0d57-4ea5-bfe7-cdfc6c5f795c,296,9.866667,26,0.195131,0.712735,0.6195
75f77a82-0d57-4ea5-bfe7-cdfc6c5f795c,296,9.866667,27,0.934198,0.991886,0.8681
75f77a82-0d57-4ea5-bfe7-cdfc6c5f795c,296,9.866667,28,0.646723,0.659619,0.3551
75f77a82-0d57-4ea5-bfe7-cdfc6c5f795c,297,9.900000,1,0.281468,0.998148,0.8609
75f77a82-0d57-4ea5-bfe7-cdfc6c5f795c,297,9.900000,4,0.365777,0.998148,0.8729
75f77a82-0d57-4ea5-bfe7-cdfc6c5f795c,297,9.900000,6,0.742170,0.852023,0.6875
75f77a82-0d57-4ea5-bfe7-cdfc6c5f795c,297,9.900000,7,0.777995,0.712393,0.2873
75f77a82-0d57-4ea5-bfe7-cdfc6c5f795c,297,9.900000,10,0.676843,0.857778,0.8549
75f77a82-0d57-4ea5-bfe7-cdfc6c5f795c,297,9.900000,13,0.109415,0.796188,0.4681
75f77a82-0d57-4ea5-bfe7-cdfc6c5f795c,297,9.900000,14,0.148047,0.925300,0.8241
75f77a82-0d57-4ea5-bfe7-cdfc6c5f795c,297,9.900000,15,0.572964,0.974834,0.9125
75f77a82-0d57-4ea5-bfe7-cdfc6c5f795c,297,9.900000,17,0.444549,0.998148,0.8549
75f77a82-0d57-4ea5-bfe7-cdfc6c5f795c,297,9.900000,20,0.885551,0.998148,0.8654
75f77a82-0d57-4ea5-bfe7-cdfc6c5f795c,297,9.900000,24,0.060090,0.930139,0.7957
75f77a82-0d57-4ea5-bfe7-cdfc6c5f795c,297,9.900000,25,0.120639,0.668502,0.2001
75f77a82-0d57-4ea5-bfe7-cdfc6c5f795c,297,9.900000,26,0.194830,0.715771,0.6987
75f77a82-0d57-4ea5-bfe7-cdfc6c5f795c,297,9.900000,27,0.931656,0.991942,0.8186
75f77a82-0d57-4ea5-bfe7-cdfc6c5f795c,297,9.900000,28,0.646508,0.659273,0.3195
75f77a82-0d57-4ea5-bfe7-cdfc6c5f795c,298,9.933333,1,0.281671,0.998148,0.8530
75f77a82-0d57-4ea5-bfe7-cdfc6c5f795c,298,9.933333,4,0.362436,0.998148,0.8753
75f77a82-0d57-4ea5-bfe7-cdfc6c5f795c,298,9.933333,6,0.742528,0.853152,0.6901
75f77a82-0d57-4ea5-bfe7-cdfc6c5f795c,298,9.933333,7,0.778067,0.712287,0.2298
75f77a82-0d57-4ea5-bfe7-cdfc6c5f795c,298,9.933333,10,0.676920,0.856057,0.8596
75f77a82-0d57-4ea5-bfe7-cdfc6c5f795c,298,9.933333,13,0.109258,0.784577,0.4881
75f77a82-0d57-4ea5-bfe7-cdfc6c5f795c,298,9.933333,14,0.145485,0.924148,0.8105
75f77a82-0d57-4ea5-bfe7-cdfc6c5f795c,298,9.933333,15,0.573358,0.974731,0.9133
75f77a82-0d57-4ea5-bfe7-cdfc6c5f795c,298,9.933333,17,0.443359,0.998148,0.8489
75f77a82-0d57-4ea5-bfe7-cdfc6c5f795c,298,9.933333,20,0.888888,0.998148,0.8502
75f77a82-0d57-4ea5-bfe7-cdfc6c5f795c,298,9.933333,24,0.060275,0.930075,0.7926
75f77a82-0d57-4ea5-bfe7-cdfc6c5f795c,298,9.933333,25,0.120392,0.664191,0.1892
75f77a82-0d57-4ea5-bfe7-cdfc6c5f795c,298,9.933333,26,0.193201,0.717557,0.6949
75f77a82-0d57-4ea5-bfe7-cdfc6c5f795c,298,9.933333,27,0.928997,0.995097,0.7817
75f77a82-0d57-4ea5-bfe7-cdfc6c5f795c,298,9.933333,28,0.648486,0.659714,0.4147
75f77a82-0d57-4ea5-bfe7-cdfc6c5f795c,299,9.966667,1,0.281736,0.998148,0.8488
75f77a82-0d57-4ea5-bfe7-cdfc6c5f795c,299,9.966667,4,0.360567,0.998148,0.8779
75f77a82-0d57-4ea5-bfe7-cdfc6c5f795c,299,9.966667,6,0.742321,0.849498,0.7192
75f77a82-0d57-4ea5-bfe7-cdfc6c5f795c,299,9.966667,7,0.778046,0.712267,0.2728
75f77a82-0d57-4ea5-bfe7-cdfc6c5f795c,299,9.966667,10,0.677318,0.858677,0.8750
75f77a82-0d57-4ea5-bfe7-cdfc6c5f795c,299,9.966667,13,0.110861,0.766712,0.5003
75f77a82-0d57-4ea5-bfe7-cdfc6c5f795c,299,9.966667,14,0.141549,0.928087,0.7929
75f77a82-0d57-4ea5-bfe7-cdfc6c5f795c,299,9.966667,15,0.573528,0.981664,0.9123
75f77a82-0d57-4ea5-bfe7-cdfc6c5f795c,299,9.966667,17,0.442562,0.998148,0.8497
75f77a82-0d57-4ea5-bfe7-cdfc6c5f795c,299,9.966667,20,0.882138,0.998148,0.8395
75f77a82-0d57-4ea5-bfe7-cdfc6c5f795c,299,9.966667,24,0.059702,0.929206,0.7823
75f77a82-0d57-4ea5-bfe7-cdfc6c5f795c,299,9.966667,25,0.120774,0.663041,0.2302
75f77a82-0d57-4ea5-bfe7-cdfc6c5f795c,299,9.966667,26,0.192801,0.722135,0.6892
75f77a82-0d57-4ea5-bfe7-cdfc6c5f795c,299,9.966667,27,0.927312,0.993297,0.8176
75f77a82-0d57-4ea5-bfe7-cdfc6c5f795c,299,9.966667,28,0.649751,0.659903,0.5160
75f77a82-0d57-4ea5-bfe7-cdfc6c5f795c,300,10.000000,1,0.281496,0.998148,0.8428
75f77a82-0d57-4ea5-bfe7-cdfc6c5f795c,300,10.000000,4,0.356312,0.998148,0.8749
75f77a82-0d57-4ea5-bfe7-cdfc6c5f795c,300,10.000000,6,0.740671,0.848580,0.7311
75f77a82-0d57-4ea5-bfe7-cdfc6c5f795c,300,10.000000,7,0.777971,0.711556,0.2731
75f77a82-0d57-4ea5-bfe7-cdfc6c5f795c,300,10.000000,10,0.677929,0.858666,0.8811
75f77a82-0d57-4ea5-bfe7-cdfc6c5f795c,300,10.000000,13,0.111276,0.779485,0.5424
75f77a82-0d57-4ea5-bfe7-cdfc6c5f795c,300,10.000000,14,0.140944,0.927332,0.7944
75f77a82-0d57-4ea5-bfe7-cdfc6c5f795c,300,10.000000,15,0.573028,0.983939,0.9153
75f77a82-0d57-4ea5-bfe7-cdfc6c5f795c,300,10.000000,17,0.442334,0.998148,0.8679
75f77a82-0d57-4ea5-bfe7-cdfc6c5f795c,300,10.000000,18,0.536341,0.659428,0.1388
75f77a82-0d57-4ea5-bfe7-cdfc6c5f795c,300,10.000000,20,0.872142,0.998148,0.8316
75f77a82-0d57-4ea5-bfe7-cdfc6c5f795c,300,10.000000,24,0.059954,0.934016,0.7834
75f77a82-0d57-4ea5-bfe7-cdfc6c5f795c,300,10.000000,25,0.118664,0.690607,0.2150
75f77a82-0d57-4ea5-bfe7-cdfc6c5f795c,300,10.000000,26,0.192192,0.724233,0.7085
75f77a82-0d57-4ea5-bfe7-cdfc6c5f795c,300,10.000000,27,0.922877,0.987751,0.8374
75f77a82-0d57-4ea5-bfe7-cdfc6c5f795c,300,10.000000,28,0.651442,0.661414,0.4951
75f77a82-0d57-4ea5-bfe7-cdfc6c5f795c,301,10.033333,1,0.280920,0.998148,0.8431
75f77a82-0d57-4ea5-bfe7-cdfc6c5f795c,301,10.033333,4,0.353310,0.998148,0.8799
75f77a82-0d57-4ea5-bfe7-cdfc6c5f795c,301,10.033333,6,0.740420,0.847170,0.7005
75f77a82-0d57-4ea5-bfe7-cdfc6c5f795c,301,10.033333,7,0.756723,0.780192,0.4124
75f77a82-0d57-4ea5-bfe7-cdfc6c5f795c,301,10.033333,10,0.678588,0.858274,0.8901
75f77a82-0d57-4ea5-bfe7-cdfc6c5f795c,301,10.033333,13,0.111038,0.776961,0.5732
75f77a82-0d57-4ea5-bfe7-cdfc6c5f795c,301,10.033333,14,0.139798,0.927999,0.7968
75f77a82-0d57-4ea5-bfe7-cdfc6c5f795c,301,10.033333,15,0.573072,0.983456,0.9084
75f77a82-0d57-4ea5-bfe7-cdfc6c5f795c,301,10.033333,17,0.441745,0.998148,0.8653
75f77a82-0d57-4ea5-bfe7-cdfc6c5f795c,301,10.033333,18,0.535775,0.650573,0.1463
75f77a82-0d57-4ea5-bfe7-cdfc6c5f795c,301,10.033333,20,0.875555,0.998148,0.8324
75f77a82-0d57-4ea5-bfe7-cdfc6c5f795c,301,10.033333,24,0.059685,0.936142,0.7749
75f77a82-0d57-4ea5-bfe7-cdfc6c5f795c,301,10.033333,25,0.121343,0.663620,0.2420
75f77a82-0d57-4ea5-bfe7-cdfc6c5f795c,301,10.033333,26,0.191768,0.723385,0.7219
75f77a82-0d57-4ea5-bfe7-cdfc6c5f795c,301,10.033333,27,0.920511,0.989519,0.8578
75f77a82-0d57-4ea5-bfe7-cdfc6c5f795c,301,10.033333,28,0.652252,0.661956,0.5176
75f77a82-0d57-4ea5-bfe7-cdfc6c5f795c,302,10.066667,1,0.281687,0.997398,0.8504
75f77a82-0d57-4ea5-bfe7-cdfc6c5f795c,302,10.066667,4,0.349826,0.998148,0.8785
75f77a82-0d57-4ea5-bfe7-cdfc6c5f795c,302,10.066667,6,0.740837,0.848647,0.7176
75f77a82-0d57-4ea5-bfe7-cdfc6c5f795c,302,10.066667,7,0.756976,0.778309,0.4366
75f77a82-0d57-4ea5-bfe7-cdfc6c5f795c,302,10.066667,10,0.678754,0.857972,0.8907
75f77a82-0d57-4ea5-bfe7-cdfc6c5f795c,302,10.066667,13,0.111133,0.771757,0.5813
75f77a82-0d57-4ea5-bfe7-cdfc6c5f795c,302,10.066667,14,0.141015,0.928194,0.7829
75f77a82-0d57-4ea5-bfe7-cdfc6c5f795c,302,10.066667,15,0.571178,0.983077,0.9084
75f77a82-0d57-4ea5-bfe7-cdfc6c5f795c,302,10.066667,17,0.441822,0.998148,0.8606
75f77a82-0d57-4ea5-bfe7-cdfc6c5f795c,302,10.066667,18,0.535438,0.646879,0.1300
75f77a82-0d57-4ea5-bfe7-cdfc6c5f795c,302,10.066667,20,0.871376,0.998148,0.8411
75f77a82-0d57-4ea5-bfe7-cdfc6c5f795c,302,10.066667,24,0.060288,0.934049,0.7657
75f77a82-0d57-4ea5-bfe7-cdfc6c5f795c,302,10.066667,25,0.119993,0.693069,0.2278
75f77a82-0d57-4ea5-bfe7-cdfc6c5f795c,302,10.066667,26,0.190901,0.725924,0.7297
75f77a82-0d57-4ea5-bfe7-cdfc6c5f795c,302,10.066667,27,0.917837,0.993115,0.8253
75f77a82-0d57-4ea5-bfe7-cdfc6c5f795c,302,10.066667,28,0.651800,0.664104,0.4812
75f77a82-0d57-4ea5-bfe7-cdfc6c5f795c,303,10.100000,1,0.281244,0.997232,0.8497
75f77a82-0d57-4ea5-bfe7-cdfc6c5f795c,303,10.100000,4,0.348568,0.998148,0.8695
75f77a82-0d57-4ea5-bfe7-cdfc6c5f795c,303,10.100000,6,0.741416,0.850013,0.7447
75f77a82-0d57-4ea5-bfe7-cdfc6c5f795c,303,10.100000,7,0.757281,0.772205,0.4203
75f77a82-0d57-4ea5-bfe7-cdfc6c5f795c,303,10.100000,10,0.679561,0.860561,0.8963
75f77a82-0d57-4ea5-bfe7-cdfc6c5f795c,303,10.100000,13,0.112024,0.767270,0.4479
75f77a82-0d57-4ea5-bfe7-cdfc6c5f795c,303,10.100000,14,0.142239,0.928086,0.8031
75f77a82-0d57-4ea5-bfe7-cdfc6c5f795c,303,10.100000,15,0.572785,0.986323,0.9130
75f77a82-0d57-4ea5-bfe7-cdfc6c5f795c,303,10.100000,17,0.442654,0.996381,0.8556
75f77a82-0d57-4ea5-bfe7-cdfc6c5f795c,303,10.100000,18,0.535354,0.646375,0.1489
75f77a82-0d57-4ea5-bfe7-cdfc6c5f795c,303,10.100000,20,0.876004,0.998148,0.8301
75f77a82-0d57-4ea5-bfe7-cdfc6c5f795c,303,10.100000,24,0.060537,0.933371,0.7579
75f77a82-0d57-4ea5-bfe7-cdfc6c5f795c,303,10.100000,25,0.122357,0.641115,0.2633
75f77a82-0d57-4ea5-bfe7-cdfc6c5f795c,303,10.100000,26,0.190279,0.727348,0.7460
75f77a82-0d57-4ea5-bfe7-cdfc6c5f795c,303,10.100000,27,0.912672,0.989055,0.7418
75f77a82-0d57-4ea5-bfe7-cdfc6c5f795c,303,10.100000,28,0.653172,0.664523,0.4688
75f77a82-0d57-4ea5-bfe7-cdfc6c5f795c,304,10.133333,1,0.282208,0.996219,0.8516
75f77a82-0d57-4ea5-bfe7-cdfc6c5f795c,304,10.133333,4,0.344958,0.998148,0.8726
75f77a82-0d57-4ea5-bfe7-cdfc6c5f795c,304,10.133333,6,0.741561,0.848321,0.7400
75f77a82-0d57-4ea5-bfe7-cdfc6c5f795c,304,10.133333,7,0.757843,0.760754,0.4383
75f77a82-0d57-4ea5-bfe7-cdfc6c5f795c,304,10.133333,10,0.680276,0.860956,0.8900
75f77a82-0d57-4ea5-bfe7-cdfc6c5f795c,304,10.133333,13,0.112689,0.759771,0.3816
75f77a82-0d57-4ea5-bfe7-cdfc6c5f795c,304,10.133333,14,0.139647,0.929024,0.7850
75f77a82-0d57-4ea5-bfe7-cdfc6c5f795c,304,10.133333,15,0.572096,0.988335,0.9182
75f77a82-0d57-4ea5-bfe7-cdfc6c5f795c,304,10.133333,17,0.442163,0.996024,0.8448
75f77a82-0d57-4ea5-bfe7-cdfc6c5f795c,304,10.133333,20,0.877536,0.998148,0.8147
75f77a82-0d57-4ea5-bfe7-cdfc6c5f795c,304,10.133333,24,0.058202,0.927079,0.7210
75f77a82-0d57-4ea5-bfe7-cdfc6c5f795c,304,10.133333,25,0.122304,0.636354,0.2131
75f77a82-0d57-4ea5-bfe7-cdfc6c5f795c,304,10.133333,26,0.189775,0.726342,0.7360
75f77a82-0d57-4ea5-bfe7-cdfc6c5f795c,304,10.133333,27,0.906708,0.800273,0.1625
75f77a82-0d57-4ea5-bfe7-cdfc6c5f795c,304,10.133333,28,0.653504,0.663483,0.4674
75f77a82-0d57-4ea5-bfe7-cdfc6c5f795c,305,10.166667,1,0.281222,0.996749,0.8469
75f77a82-0d57-4ea5-bfe7-cdfc6c5f795c,305,10.166667,4,0.344722,0.998148,0.8633
75f77a82-0d57-4ea5-bfe7-cdfc6c5f795c,305,10.166667,6,0.741242,0.849128,0.7586
75f77a82-0d57-4ea5-bfe7-cdfc6c5f795c,305,10.166667,7,0.758177,0.749270,0.4662
75f77a82-0d57-4ea5-bfe7-cdfc6c5f795c,305,10.166667,10,0.681087,0.861313,0.8905
75f77a82-0d57-4ea5-bfe7-cdfc6c5f795c,305,10.166667,13,0.113968,0.758230,0.3282
75f77a82-0d57-4ea5-bfe7-cdfc6c5f795c,305,10.166667,14,0.135465,0.929507,0.7780
75f77a82-0d57-4ea5-bfe7-cdfc6c5f795c,305,10.166667,15,0.571818,0.987265,0.9220
75f77a82-0d57-4ea5-bfe7-cdfc6c5f795c,305,10.166667,17,0.441071,0.994608,0.8294
75f77a82-0d57-4ea5-bfe7-cdfc6c5f795c,305,10.166667,20,0.876122,0.998148,0.7870
75f77a82-0d57-4ea5-bfe7-cdfc6c5f795c,305,10.166667,24,0.054295,0.924835,0.7154
75f77a82-0d57-4ea5-bfe7-cdfc6c5f795c,305,10.166667,25,0.123139,0.632110,0.2569
75f77a82-0d57-4ea5-bfe7-cdfc6c5f795c,305,10.166667,26,0.190445,0.731082,0.7190
75f77a82-0d57-4ea5-bfe7-cdfc6c5f795c,305,10.166667,27,0.889649,0.827899,0.2031
75f77a82-0d57-4ea5-bfe7-cdfc6c5f795c,305,10.166667,28,0.654188,0.663172,0.3922
75f77a82-0d57-4ea5-bfe7-cdfc6c5f795c,306,10.200000,1,0.280843,0.990979,0.8416
75f77a82-0d57-4ea5-bfe7-cdfc6c5f795c,306,10.200000,4,0.345933,0.998148,0.8491
75f77a82-0d57-4ea5-bfe7-cdfc6c5f795c,306,10.200000,6,0.739933,0.848032,0.7348
75f77a82-0d57-4ea5-bfe7-cdfc6c5f795c,306,10.200000,7,0.758485,0.752865,0.5336
75f77a82-0d57-4ea5-bfe7-cdfc6c5f795c,306,10.200000,10,0.681962,0.858790,0.8904
75f77a82-0d57-4ea5-bfe7-cdfc6c5f795c,306,10.200000,13,0.113807,0.747676,0.2849
75f77a82-0d57-4ea5-bfe7-cdfc6c5f795c,306,10.200000,14,0.135402,0.929941,0.7872
75f77a82-0d57-4ea5-bfe7-cdfc6c5f795c,306,10.200000,15,0.573410,0.986213,0.9221
75f77a82-0d57-4ea5-bfe7-cdfc6c5f795c,306,10.200000,17,0.440183,0.993170,0.8423
75f77a82-0d57-4ea5-bfe7-cdfc6c5f795c,306,10.200000,20,0.875581,0.998148,0.7526
75f77a82-0d57-4ea5-bfe7-cdfc6c5f795c,306,10.200000,24,0.055558,0.927537,0.7101
75f77a82-0d57-4ea5-bfe7-cdfc6c5f795c,306,10.200000,25,0.123540,0.627906,0.3243
75f77a82-0d57-4ea5-bfe7-cdfc6c5f795c,306,10.200000,26,0.190392,0.730496,0.7365
75f77a82-0d57-4ea5-bfe7-cdfc6c5f795c,306,10.200000,28,0.655205,0.663371,0.3006
75f77a82-0d57-4ea5-bfe7-cdfc6c5f795c,307,10.233333,1,0.282349,0.990436,0.8260
75f77a82-0d57-4ea5-bfe7-cdfc6c5f795c,307,10.233333,4,0.346392,0.998148,0.8441
75f77a82-0d57-4ea5-bfe7-cdfc6c5f795c,307,10.233333,6,0.742749,0.849204,0.6908
75f77a82-0d57-4ea5-bfe7-cdfc6c5f795c,307,10.233333,7,0.758383,0.769697,0.5140
75f77a82-0d57-4ea5-bfe7-cdfc6c5f795c,307,10.233333,10,0.683251,0.859945,0.8916
75f77a82-0d57-4ea5-bfe7-cdfc6c5f795c,307,10.233333,13,0.117650,0.738705,0.1473
75f77a82-0d57-4ea5-bfe7-cdfc6c5f795c,307,10.233333,14,0.133711,0.930473,0.7905
75f77a82-0d57-4ea5-bfe7-cdfc6c5f795c,307,10.233333,15,0.572442,0.981465,0.9186
75f77a82-0d57-4ea5-bfe7-cdfc6c5f795c,307,10.233333,17,0.438183,0.994415,0.8468
75f77a82-0d57-4ea5-bfe7-cdfc6c5f795c,307,10.233333,20,0.903793,0.997118,0.7503
75f77a82-0d57-4ea5-bfe7-cdfc6c5f795c,307,10.233333,24,0.057557,0.925759,0.7187
75f77a82-0d57-4ea5-bfe7-cdfc6c5f795c,307,10.233333,25,0.123915,0.627429,0.3641
75f77a82-0d57-4ea5-bfe7-cdfc6c5f795c,307,10.233333,26,0.190274,0.735744,0.7438
75f77a82-0d57-4ea5-bfe7-cdfc6c5f795c,307,10.233333,27,0.852654,0.983066,0.6767
75f77a82-0d57-4ea5-bfe7-cdfc6c5f795c,307,10.233333,28,0.655626,0.663057,0.2959
75f77a82-0d57-4ea5-bfe7-cdfc6c5f795c,308,10.266667,1,0.282540,0.990873,0.8379
75f77a82-0d57-4ea5-bfe7-cdfc6c5f795c,308,10.266667,4,0.345913,0.998148,0.8615
75f77a82-0d57-4ea5-bfe7-cdfc6c5f795c,308,10.266667,6,0.747068,0.850409,0.7102
75f77a82-0d57-4ea5-bfe7-cdfc6c5f795c,308,10.266667,7,0.757041,0.775993,0.4613
75f77a82-0d57-4ea5-bfe7-cdfc6c5f795c,308,10.266667,10,0.684450,0.861598,0.9034
75f77a82-0d57-4ea5-bfe7-cdfc6c5f795c,308,10.266667,14,0.132364,0.930650,0.7997
75f77a82-0d57-4ea5-bfe7-cdfc6c5f795c,308,10.266667,15,0.570574,0.982010,0.9175
75f77a82-0d57-4ea5-bfe7-cdfc6c5f795c,308,10.266667,17,0.434456,0.994067,0.8353
75f77a82-0d57-4ea5-bfe7-cdfc6c5f795c,308,10.266667,18,0.534328,0.653230,0.1387
75f77a82-0d57-4ea5-bfe7-cdfc6c5f795c,308,10.266667,20,0.910324,0.997105,0.7993
75f77a82-0d57-4ea5-bfe7-cdfc6c5f795c,308,10.266667,24,0.056411,0.919360,0.7173
75f77a82-0d57-4ea5-bfe7-cdfc6c5f795c,308,10.266667,25,0.124044,0.628543,0.4015
75f77a82-0d57-4ea5-bfe7-cdfc6c5f795c,308,10.266667,26,0.189842,0.738219,0.7427
75f77a82-0d57-4ea5-bfe7-cdfc6c5f795c,308,10.266667,27,0.857689,0.981081,0.7362
75f77a82-0d57-4ea5-bfe7-cdfc6c5f795c,308,10.266667,28,0.655978,0.659150,0.3748
75f77a82-0d57-4ea5-bfe7-cdfc6c5f795c,309,10.300000,1,0.282127,0.994280,0.8198
75f77a82-0d57-4ea5-bfe7-cdfc6c5f795c,309,10.300000,4,0.346572,0.998148,0.8642
75f77a82-0d57-4ea5-bfe7-cdfc6c5f795c,309,10.300000,6,0.748728,0.852035,0.7352
75f77a82-0d57-4ea5-bfe7-cdfc6c5f795c,309,10.300000,7,0.758651,0.753888,0.3366
75f77a82-0d57-4ea5-bfe7-cdfc6c5f795c,309,10.300000,10,0.685279,0.858883,0.9054
75f77a82-0d57-4ea5-bfe7-cdfc6c5f795c,309,10.300000,14,0.130065,0.930646,0.8050
75f77a82-0d57-4ea5-bfe7-cdfc6c5f795c,309,10.300000,15,0.568746,0.983354,0.9155
75f77a82-0d57-4ea5-bfe7-cdfc6c5f795c,309,10.300000,17,0.432765,0.995756,0.8314
75f77a82-0d57-4ea5-bfe7-cdfc6c5f795c,309,10.300000,20,0.915423,0.998148,0.8382
75f77a82-0d57-4ea5-bfe7-cdfc6c5f795c,309,10.300000,24,0.057489,0.918782,0.7172
75f77a82-0d57-4ea5-bfe7-cdfc6c5f795c,309,10.300000,25,0.124454,0.629547,0.4056
75f77a82-0d57-4ea5-bfe7-cdfc6c5f795c,309,10.300000,26,0.188796,0.738559,0.7128
75f77a82-0d57-4ea5-bfe7-cdfc6c5f795c,309,10.300000,27,0.853595,0.986929,0.7962
75f77a82-0d57-4ea5-bfe7-cdfc6c5f795c,309,10.300000,28,0.656601,0.657876,0.3737
75f77a82-0d57-4ea5-bfe7-cdfc6c5f795c,310,10.333333,1,0.280160,0.996125,0.8298
75f77a82-0d57-4ea5-bfe7-cdfc6c5f795c,310,10.333333,4,0.345027,0.998148,0.8788
75f77a82-0d57-4ea5-bfe7-cdfc6c5f795c,310,10.333333,6,0.748724,0.850605,0.7066
75f77a82-0d57-4ea5-bfe7-cdfc6c5f795c,310,10.333333,7,0.758127,0.771328,0.4161
75f77a82-0d57-4ea5-bfe7-cdfc6c5f795c,310,10.333333,10,0.686333,0.856323,0.8981
75f77a82-0d57-4ea5-bfe7-cdfc6c5f795c,310,10.333333,14,0.128794,0.931139,0.8057
75f77a82-0d57-4ea5-bfe7-cdfc6c5f795c,310,10.333333,15,0.569121,0.981137,0.9100
75f77a82-0d57-4ea5-bfe7-cdfc6c5f795c,310,10.333333,17,0.431425,0.994609,0.8399
75f77a82-0d57-4ea5-bfe7-cdfc6c5f795c,310,10.333333,20,0.915800,0.998148,0.8479
75f77a82-0d57-4ea5-bfe7-cdfc6c5f795c,310,10.333333,24,0.051876,0.910723,0.7060
75f77a82-0d57-4ea5-bfe7-cdfc6c5f795c,310,10.333333,25,0.124709,0.630805,0.4224
75f77a82-0d57-4ea5-bfe7-cdfc6c5f795c,310,10.333333,26,0.188552,0.741158,0.6939
75f77a82-0d57-4ea5-bfe7-cdfc6c5f795c,310,10.333333,27,0.851866,0.980039,0.8281
75f77a82-0d57-4ea5-bfe7-cdfc6c5f795c,310,10.333333,28,0.657438,0.660785,0.4143
75f77a82-0d57-4ea5-bfe7-cdfc6c5f795c,311,10.366667,1,0.280523,0.991240,0.8098
75f77a82-0d57-4ea5-bfe7-cdfc6c5f795c,311,10.366667,4,0.343510,0.997870,0.8700
75f77a82-0d57-4ea5-bfe7-cdfc6c5f795c,311,10.366667,6,0.748732,0.851071,0.7109
75f77a82-0d57-4ea5-bfe7-cdfc6c5f795c,311,10.366667,7,0.758173,0.742951,0.2363
75f77a82-0d57-4ea5-bfe7-cdfc6c5f795c,311,10.366667,10,0.687277,0.858756,0.9055
75f77a82-0d57-4ea5-bfe7-cdfc6c5f795c,311,10.366667,14,0.128134,0.932554,0.8051
75f77a82-0d57-4ea5-bfe7-cdfc6c5f795c,311,10.366667,15,0.567961,0.986854,0.9082
75f77a82-0d57-4ea5-bfe7-cdfc6c5f795c,311,10.366667,17,0.430967,0.995717,0.8390
75f77a82-0d57-4ea5-bfe7-cdfc6c5f795c,311,10.366667,20,0.917127,0.998148,0.8679
75f77a82-0d57-4ea5-bfe7-cdfc6c5f795c,311,10.366667,24,0.050362,0.906514,0.7000
75f77a82-0d57-4ea5-bfe7-cdfc6c5f795c,311,10.366667,25,0.124785,0.634566,0.4610
75f77a82-0d57-4ea5-bfe7-cdfc6c5f795c,311,10.366667,26,0.188778,0.744619,0.6605
75f77a82-0d57-4ea5-bfe7-cdfc6c5f795c,311,10.366667,27,0.849659,0.957004,0.8383
75f77a82-0d57-4ea5-bfe7-cdfc6c5f795c,311,10.366667,28,0.657994,0.659956,0.4124
75f77a82-0d57-4ea5-bfe7-cdfc6c5f795c,312,10.400000,1,0.278431,0.990597,0.8209
75f77a82-0d57-4ea5-bfe7-cdfc6c5f795c,312,10.400000,4,0.342906,0.997070,0.8772
75f77a82-0d57-4ea5-bfe7-cdfc6c5f795c,312,10.400000,6,0.749163,0.847644,0.6725
75f77a82-0d57-4ea5-bfe7-cdfc6c5f795c,312,10.400000,7,0.758236,0.772146,0.3215
75f77a82-0d57-4ea5-bfe7-cdfc6c5f795c,312,10.400000,10,0.688068,0.857349,0.9108
75f77a82-0d57-4ea5-bfe7-cdfc6c5f795c,312,10.400000,14,0.127709,0.931906,0.8182
75f77a82-0d57-4ea5-bfe7-cdfc6c5f795c,312,10.400000,15,0.567565,0.986155,0.9063
75f77a82-0d57-4ea5-bfe7-cdfc6c5f795c,312,10.400000,17,0.431340,0.997682,0.8469
75f77a82-0d57-4ea5-bfe7-cdfc6c5f795c,312,10.400000,18,0.532743,0.673644,0.1403
75f77a82-0d57-4ea5-bfe7-cdfc6c5f795c,312,10.400000,20,0.917198,0.997783,0.8489
75f77a82-0d57-4ea5-bfe7-cdfc6c5f795c,312,10.400000,24,0.050808,0.903845,0.7167
75f77a82-0d57-4ea5-bfe7-cdfc6c5f795c,312,10.400000,25,0.125098,0.637831,0.4633
75f77a82-0d57-4ea5-bfe7-cdfc6c5f795c,312,10.400000,26,0.188380,0.748063,0.6860
75f77a82-0d57-4ea5-bfe7-cdfc6c5f795c,312,10.400000,27,0.843881,0.941245,0.7965
75f77a82-0d57-4ea5-bfe7-cdfc6c5f795c,312,10.400000,28,0.657882,0.661715,0.3332
75f77a82-0d57-4ea5-bfe7-cdfc6c5f795c,313,10.433333,1,0.275918,0.989958,0.8120
75f77a82-0d57-4ea5-bfe7-cdfc6c5f795c,313,10.433333,4,0.338923,0.998148,0.8675
75f77a82-0d57-4ea5-bfe7-cdfc6c5f795c,313,10.433333,6,0.749344,0.851998,0.6863
75f77a82-0d57-4ea5-bfe7-cdfc6c5f795c,313,10.433333,7,0.758435,0.763868,0.2509
75f77a82-0d57-4ea5-bfe7-cdfc6c5f795c,313,10.433333,10,0.688966,0.862674,0.9071
75f77a82-0d57-4ea5-bfe7-cdfc6c5f795c,313,10.433333,14,0.130045,0.932278,0.8113
75f77a82-0d57-4ea5-bfe7-cdfc6c5f795c,313,10.433333,15,0.567580,0.989843,0.9050
75f77a82-0d57-4ea5-bfe7-cdfc6c5f795c,313,10.433333,17,0.431453,0.998148,0.8454
75f77a82-0d57-4ea5-bfe7-cdfc6c5f795c,313,10.433333,20,0.917431,0.997987,0.8338
75f77a82-0d57-4ea5-bfe7-cdfc6c5f795c,313,10.433333,24,0.052017,0.903588,0.7213
75f77a82-0d57-4ea5-bfe7-cdfc6c5f795c,313,10.433333,25,0.125504,0.642539,0.4198
75f77a82-0d57-4ea5-bfe7-cdfc6c5f795c,313,10.433333,26,0.188058,0.746659,0.7366
75f77a82-0d57-4ea5-bfe7-cdfc6c5f795c,313,10.433333,27,0.842909,0.949067,0.8158
75f77a82-0d57-4ea5-bfe7-cdfc6c5f795c,313,10.433333,28,0.658304,0.659905,0.2213
75f77a82-0d57-4ea5-bfe7-cdfc6c5f795c,314,10.466667,1,0.275077,0.986526,0.8004
75f77a82-0d57-4ea5-bfe7-cdfc6c5f795c,314,10.466667,4,0.330552,0.998148,0.8539
75f77a82-0d57-4ea5-bfe7-cdfc6c5f795c,314,10.466667,6,0.749148,0.852411,0.6533
75f77a82-0d57-4ea5-bfe7-cdfc6c5f795c,314,10.466667,7,0.758709,0.768336,0.2571
75f77a82-0d57-4ea5-bfe7-cdfc6c5f795c,314,10.466667,10,0.689816,0.867087,0.9002
75f77a82-0d57-4ea5-bfe7-cdfc6c5f795c,314,10.466667,14,0.129823,0.932823,0.8050
75f77a82-0d57-4ea5-bfe7-cdfc6c5f795c,314,10.466667,15,0.569098,0.991491,0.8999
75f77a82-0d57-4ea5-bfe7-cdfc6c5f795c,314,10.466667,17,0.432260,0.998148,0.8508
75f77a82-0d57-4ea5-bfe7-cdfc6c5f795c,314,10.466667,20,0.918768,0.998148,0.8622
75f77a82-0d57-4ea5-bfe7-cdfc6c5f795c,314,10.466667,24,0.054950,0.899930,0.7234
75f77a82-0d57-4ea5-bfe7-cdfc6c5f795c,314,10.466667,25,0.125703,0.642926,0.4757
75f77a82-0d57-4ea5-bfe7-cdfc6c5f795c,314,10.466667,26,0.188165,0.749745,0.7148
75f77a82-0d57-4ea5-bfe7-cdfc6c5f795c,314,10.466667,27,0.840434,0.965768,0.8338
75f77a82-0d57-4ea5-bfe7-cdfc6c5f795c,315,10.500000,1,0.273368,0.982711,0.7786
75f77a82-0d57-4ea5-bfe7-cdfc6c5f795c,315,10.500000,4,0.325466,0.998148,0.8518
75f77a82-0d57-4ea5-bfe7-cdfc6c5f795c,315,10.500000,6,0.750427,0.842809,0.5948
75f77a82-0d57-4ea5-bfe7-cdfc6c5f795c,315,10.500000,7,0.758468,0.767630,0.2056
75f77a82-0d57-4ea5-bfe7-cdfc6c5f795c,315,10.500000,10,0.691020,0.866339,0.8912
75f77a82-0d57-4ea5-bfe7-cdfc6c5f795c,315,10.500000,14,0.133805,0.932121,0.8071
75f77a82-0d57-4ea5-bfe7-cdfc6c5f795c,315,10.500000,15,0.571922,0.992415,0.8982
75f77a82-0d57-4ea5-bfe7-cdfc6c5f795c,315,10.500000,17,0.432073,0.998148,0.8592
75f77a82-0d57-4ea5-bfe7-cdfc6c5f795c,315,10.500000,20,0.920303,0.998148,0.8528
75f77a82-0d57-4ea5-bfe7-cdfc6c5f795c,315,10.500000,24,0.057300,0.902937,0.7398
75f77a82-0d57-4ea5-bfe7-cdfc6c5f795c,315,10.500000,25,0.125587,0.644433,0.4220
75f77a82-0d57-4ea5-bfe7-cdfc6c5f795c,315,10.500000,26,0.187559,0.747496,0.7393
75f77a82-0d57-4ea5-bfe7-cdfc6c5f795c,315,10.500000,27,0.834482,0.983486,0.8523
75f77a82-0d57-4ea5-bfe7-cdfc6c5f795c,315,10.500000,28,0.659158,0.686374,0.1349
75f77a82-0d57-4ea5-bfe7-cdfc6c5f795c,316,10.533333,1,0.268900,0.962948,0.7991
75f77a82-0d57-4ea5-bfe7-cdfc6c5f795c,316,10.533333,4,0.320986,0.998148,0.8658
75f77a82-0d57-4ea5-bfe7-cdfc6c5f795c,316,10.533333,6,0.751424,0.836754,0.5300
75f77a82-0d57-4ea5-bfe7-cdfc6c5f795c,316,10.533333,7,0.778564,0.713128,0.2723
75f77a82-0d57-4ea5-bfe7-cdfc6c5f795c,316,10.533333,10,0.693889,0.863359,0.8879
75f77a82-0d57-4ea5-bfe7-cdfc6c5f795c,316,10.533333,14,0.132162,0.930704,0.7733
75f77a82-0d57-4ea5-bfe7-cdfc6c5f795c,316,10.533333,15,0.572980,0.993400,0.8965
75f77a82-0d57-4ea5-bfe7-cdfc6c5f795c,316,10.533333,17,0.432639,0.998148,0.8515
75f77a82-0d57-4ea5-bfe7-cdfc6c5f795c,316,10.533333,20,0.921684,0.998148,0.8547
75f77a82-0d57-4ea5-bfe7-cdfc6c5f795c,316,10.533333,24,0.058343,0.905774,0.7590
75f77a82-0d57-4ea5-bfe7-cdfc6c5f795c,316,10.533333,25,0.126609,0.675439,0.4057
75f77a82-0d57-4ea5-bfe7-cdfc6c5f795c,316,10.533333,26,0.187733,0.745556,0.7313
75f77a82-0d57-4ea5-bfe7-cdfc6c5f795c,316,10.533333,27,0.830728,0.982889,0.8521
75f77a82-0d57-4ea5-bfe7-cdfc6c5f795c,316,10.533333,28,0.662763,0.698084,0.1662
75f77a82-0d57-4ea5-bfe7-cdfc6c5f795c,317,10.566667,1,0.267170,0.961517,0.7974
75f77a82-0d57-4ea5-bfe7-cdfc6c5f795c,317,10.566667,4,0.318146,0.998148,0.8669
75f77a82-0d57-4ea5-bfe7-cdfc6c5f795c,317,10.566667,6,0.751747,0.842299,0.5659
75f77a82-0d57-4ea5-bfe7-cdfc6c5f795c,317,10.566667,7,0.778620,0.713416,0.2320
75f77a82-0d57-4ea5-bfe7-cdfc6c5f795c,317,10.566667,10,0.695578,0.861524,0.8931
75f77a82-0d57-4ea5-bfe7-cdfc6c5f795c,317,10.566667,14,0.128824,0.929412,0.7656
75f77a82-0d57-4ea5-bfe7-cdfc6c5f795c,317,10.566667,15,0.572043,0.993106,0.8917
75f77a82-0d57-4ea5-bfe7-cdfc6c5f795c,317,10.566667,17,0.432213,0.998148,0.8426
75f77a82-0d57-4ea5-bfe7-cdfc6c5f795c,317,10.566667,20,0.923065,0.998148,0.8650
75f77a82-0d57-4ea5-bfe7-cdfc6c5f795c,317,10.566667,24,0.058562,0.912618,0.7665
75f77a82-0d57-4ea5-bfe7-cdfc6c5f795c,317,10.566667,25,0.128252,0.684710,0.4279
75f77a82-0d57-4ea5-bfe7-cdfc6c5f795c,317,10.566667,26,0.187077,0.749618,0.7583
75f77a82-0d57-4ea5-bfe7-cdfc6c5f795c,317,10.566667,27,0.827164,0.989596,0.8478
75f77a82-0d57-4ea5-bfe7-cdfc6c5f795c,317,10.566667,28,0.664075,0.704082,0.2267
75f77a82-0d57-4ea5-bfe7-cdfc6c5f795c,317,10.566667,31,0.975100,0.998148,0.7092
75f77a82-0d57-4ea5-bfe7-cdfc6c5f795c,318,10.600000,1,0.264993,0.959293,0.8077
75f77a82-0d57-4ea5-bfe7-cdfc6c5f795c,318,10.600000,4,0.313822,0.998148,0.8794
75f77a82-0d57-4ea5-bfe7-cdfc6c5f795c,318,10.600000,6,0.752791,0.842547,0.5170
75f77a82-0d57-4ea5-bfe7-cdfc6c5f795c,318,10.600000,7,0.778682,0.715660,0.1585
75f77a82-0d57-4ea5-bfe7-cdfc6c5f795c,318,10.600000,10,0.696549,0.861475,0.8875
75f77a82-0d57-4ea5-bfe7-cdfc6c5f795c,318,10.600000,14,0.129227,0.930413,0.7690
75f77a82-0d57-4ea5-bfe7-cdfc6c5f795c,318,10.600000,15,0.573436,0.988144,0.8860
75f77a82-0d57-4ea5-bfe7-cdfc6c5f795c,318,10.600000,17,0.432605,0.998148,0.8301
75f77a82-0d57-4ea5-bfe7-cdfc6c5f795c,318,10.600000,20,0.924691,0.998148,0.8717
75f77a82-0d57-4ea5-bfe7-cdfc6c5f795c,318,10.600000,24,0.058497,0.904610,0.7701
75f77a82-0d57-4ea5-bfe7-cdfc6c5f795c,318,10.600000,25,0.128878,0.688722,0.4422
75f77a82-0d57-4ea5-bfe7-cdfc6c5f795c,318,10.600000,26,0.186511,0.751534,0.7764
75f77a82-0d57-4ea5-bfe7-cdfc6c5f795c,318,10.600000,27,0.821904,0.987190,0.8535
75f77a82-0d57-4ea5-bfe7-cdfc6c5f795c,318,10.600000,28,0.664916,0.699416,0.1611
75f77a82-0d57-4ea5-bfe7-cdfc6c5f795c,318,10.600000,31,0.974823,0.998148,0.7254
75f77a82-0d57-4ea5-bfe7-cdfc6c5f795c,319,10.633333,1,0.263811,0.948869,0.8108
75f77a82-0d57-4ea5-bfe7-cdfc6c5f795c,319,10.633333,4,0.312737,0.998148,0.8779
75f77a82-0d57-4ea5-bfe7-cdfc6c5f795c,319,10.633333,6,0.751978,0.851576,0.5383
75f77a82-0d57-4ea5-bfe7-cdfc6c5f795c,319,10.633333,10,0.698055,0.863365,0.8947
75f77a82-0d57-4ea5-bfe7-cdfc6c5f795c,319,10.633333,14,0.123617,0.933008,0.7655
75f77a82-0d57-4ea5-bfe7-cdfc6c5f795c,319,10.633333,15,0.574496,0.994095,0.8883
75f77a82-0d57-4ea5-bfe7-cdfc6c5f795c,319,10.633333,17,0.433009,0.998148,0.8177
75f77a82-0d57-4ea5-bfe7-cdfc6c5f795c,319,10.633333,20,0.926040,0.998148,0.8764
75f77a82-0d57-4ea5-bfe7-cdfc6c5f795c,319,10.633333,24,0.058474,0.915035,0.7692
75f77a82-0d57-4ea5-bfe7-cdfc6c5f795c,319,10.633333,25,0.128329,0.693523,0.4080
75f77a82-0d57-4ea5-bfe7-cdfc6c5f795c,319,10.633333,26,0.185260,0.752793,0.7918
75f77a82-0d57-4ea5-bfe7-cdfc6c5f795c,319,10.633333,27,0.821272,0.984603,0.8670
75f77a82-0d57-4ea5-bfe7-cdfc6c5f795c,319,10.633333,28,0.666305,0.705625,0.1407
75f77a82-0d57-4ea5-bfe7-cdfc6c5f795c,319,10.633333,31,0.973794,0.998148,0.7472
75f77a82-0d57-4ea5-bfe7-cdfc6c5f795c,320,10.666667,1,0.262637,0.950785,0.8195
75f77a82-0d57-4ea5-bfe7-cdfc6c5f795c,320,10.666667,4,0.312581,0.998148,0.8771
75f77a82-0d57-4ea5-bfe7-cdfc6c5f795c,320,10.666667,6,0.751985,0.842463,0.5391
75f77a82-0d57-4ea5-bfe7-cdfc6c5f795c,320,10.666667,10,0.700127,0.862075,0.8985
75f77a82-0d57-4ea5-bfe7-cdfc6c5f795c,320,10.666667,14,0.120347,0.932259,0.7628
75f77a82-0d57-4ea5-bfe7-cdfc6c5f795c,320,10.666667,15,0.576815,0.993917,0.8902
75f77a82-0d57-4ea5-bfe7-cdfc6c5f795c,320,10.666667,17,0.432223,0.998032,0.8055
75f77a82-0d57-4ea5-bfe7-cdfc6c5f795c,320,10.666667,20,0.925706,0.998148,0.8832
75f77a82-0d57-4ea5-bfe7-cdfc6c5f795c,320,10.666667,24,0.058080,0.911923,0.7700
75f77a82-0d57-4ea5-bfe7-cdfc6c5f795c,320,10.666667,25,0.129060,0.694838,0.4623
75f77a82-0d57-4ea5-bfe7-cdfc6c5f795c,320,10.666667,26,0.184645,0.753196,0.8089
75f77a82-0d57-4ea5-bfe7-cdfc6c5f795c,320,10.666667,27,0.821453,0.985846,0.8740
75f77a82-0d57-4ea5-bfe7-cdfc6c5f795c,320,10.666667,28,0.666572,0.705784,0.1328
75f77a82-0d57-4ea5-bfe7-cdfc6c5f795c,320,10.666667,31,0.972625,0.998148,0.7581
75f77a82-0d57-4ea5-bfe7-cdfc6c5f795c,321,10.700000,1,0.261702,0.946239,0.8170
75f77a82-0d57-4ea5-bfe7-cdfc6c5f795c,321,10.700000,4,0.318529,0.998148,0.8821
75f77a82-0d57-4ea5-bfe7-cdfc6c5f795c,321,10.700000,6,0.752999,0.838145,0.5182
75f77a82-0d57-4ea5-bfe7-cdfc6c5f795c,321,10.700000,10,0.701632,0.859858,0.8973
75f77a82-0d57-4ea5-bfe7-cdfc6c5f795c,321,10.700000,14,0.121024,0.929167,0.7583
75f77a82-0d57-4ea5-bfe7-cdfc6c5f795c,321,10.700000,15,0.578327,0.994734,0.8927
75f77a82-0d57-4ea5-bfe7-cdfc6c5f795c,321,10.700000,17,0.432769,0.997305,0.7901
75f77a82-0d57-4ea5-bfe7-cdfc6c5f795c,321,10.700000,20,0.927080,0.998148,0.8831
75f77a82-0d57-4ea5-bfe7-cdfc6c5f795c,321,10.700000,24,0.057974,0.911520,0.7703
75f77a82-0d57-4ea5-bfe7-cdfc6c5f795c,321,10.700000,25,0.129170,0.694238,0.3930
75f77a82-0d57-4ea5-bfe7-cdfc6c5f795c,321,10.700000,26,0.185013,0.754174,0.8147
75f77a82-0d57-4ea5-bfe7-cdfc6c5f795c,321,10.700000,27,0.821632,0.985737,0.8822
75f77a82-0d57-4ea5-bfe7-cdfc6c5f795c,321,10.700000,31,0.971377,0.998148,0.7814
75f77a82-0d57-4ea5-bfe7-cdfc6c5f795c,322,10.733333,1,0.259617,0.938489,0.8085
75f77a82-0d57-4ea5-bfe7-cdfc6c5f795c,322,10.733333,4,0.319469,0.998148,0.8822
75f77a82-0d57-4ea5-bfe7-cdfc6c5f795c,322,10.733333,6,0.753234,0.831023,0.4889
75f77a82-0d57-4ea5-bfe7-cdfc6c5f795c,322,10.733333,10,0.702701,0.860623,0.8927
75f77a82-0d57-4ea5-bfe7-cdfc6c5f795c,322,10.733333,14,0.122586,0.926701,0.7674
75f77a82-0d57-4ea5-bfe7-cdfc6c5f795c,322,10.733333,15,0.579479,0.994806,0.8952
75f77a82-0d57-4ea5-bfe7-cdfc6c5f795c,322,10.733333,17,0.433742,0.998148,0.7854
75f77a82-0d57-4ea5-bfe7-cdfc6c5f795c,322,10.733333,20,0.928401,0.998148,0.8838
75f77a82-0d57-4ea5-bfe7-cdfc6c5f795c,322,10.733333,24,0.057916,0.906416,0.7722
75f77a82-0d57-4ea5-bfe7-cdfc6c5f795c,322,10.733333,25,0.129571,0.696261,0.3906
75f77a82-0d57-4ea5-bfe7-cdfc6c5f795c,322,10.733333,26,0.185067,0.754742,0.8227
75f77a82-0d57-4ea5-bfe7-cdfc6c5f795c,322,10.733333,27,0.819101,0.991566,0.8829
75f77a82-0d57-4ea5-bfe7-cdfc6c5f795c,322,10.733333,31,0.971029,0.998148,0.7803
75f77a82-0d57-4ea5-bfe7-cdfc6c5f795c,323,10.766667,1,0.258726,0.931373,0.8052
75f77a82-0d57-4ea5-bfe7-cdfc6c5f795c,323,10.766667,4,0.317237,0.998148,0.8778
75f77a82-0d57-4ea5-bfe7-cdfc6c5f795c,323,10.766667,6,0.752196,0.823019,0.4831
75f77a82-0d57-4ea5-bfe7-cdfc6c5f795c,323,10.766667,10,0.702828,0.857741,0.8938
75f77a82-0d57-4ea5-bfe7-cdfc6c5f795c,323,10.766667,14,0.116741,0.928575,0.7610
75f77a82-0d57-4ea5-bfe7-cdfc6c5f795c,323,10.766667,15,0.580519,0.992796,0.9024
75f77a82-0d57-4ea5-bfe7-cdfc6c5f795c,323,10.766667,17,0.435350,0.998148,0.7984
75f77a82-0d57-4ea5-bfe7-cdfc6c5f795c,323,10.766667,20,0.929735,0.998148,0.8778
75f77a82-0d57-4ea5-bfe7-cdfc6c5f795c,323,10.766667,24,0.058195,0.903158,0.7956
75f77a82-0d57-4ea5-bfe7-cdfc6c5f795c,323,10.766667,25,0.129312,0.709829,0.3894
75f77a82-0d57-4ea5-bfe7-cdfc6c5f795c,323,10.766667,26,0.185042,0.756896,0.8253
75f77a82-0d57-4ea5-bfe7-cdfc6c5f795c,323,10.766667,27,0.812442,0.977485,0.8509
75f77a82-0d57-4ea5-bfe7-cdfc6c5f795c,323,10.766667,31,0.970474,0.998148,0.7708
75f77a82-0d57-4ea5-bfe7-cdfc6c5f795c,324,10.800000,1,0.257811,0.933507,0.7878
75f77a82-0d57-4ea5-bfe7-cdfc6c5f795c,324,10.800000,4,0.319252,0.998148,0.8762
75f77a82-0d57-4ea5-bfe7-cdfc6c5f795c,324,10.800000,6,0.751904,0.814954,0.4475
75f77a82-0d57-4ea5-bfe7-cdfc6c5f795c,324,10.800000,10,0.703226,0.855094,0.8894
75f77a82-0d57-4ea5-bfe7-cdfc6c5f795c,324,10.800000,14,0.115112,0.928939,0.7294
75f77a82-0d57-4ea5-bfe7-cdfc6c5f795c,324,10.800000,15,0.581963,0.992029,0.9064
75f77a82-0d57-4ea5-bfe7-cdfc6c5f795c,324,10.800000,17,0.436285,0.998071,0.7939
75f77a82-0d57-4ea5-bfe7-cdfc6c5f795c,324,10.800000,20,0.930009,0.998148,0.8739
75f77a82-0d57-4ea5-bfe7-cdfc6c5f795c,324,10.800000,24,0.058021,0.902493,0.7984
75f77a82-0d57-4ea5-bfe7-cdfc6c5f795c,324,10.800000,25,0.127102,0.688991,0.3148
75f77a82-0d57-4ea5-bfe7-cdfc6c5f795c,324,10.800000,26,0.184830,0.758205,0.8050
75f77a82-0d57-4ea5-bfe7-cdfc6c5f795c,324,10.800000,27,0.800523,0.974596,0.8445
75f77a82-0d57-4ea5-bfe7-cdfc6c5f795c,324,10.800000,28,0.660143,0.706812,0.1231
75f77a82-0d57-4ea5-bfe7-cdfc6c5f795c,324,10.800000,31,0.970893,0.998148,0.7370
75f77a82-0d57-4ea5-bfe7-cdfc6c5f795c,325,10.833333,1,0.256932,0.939670,0.7790
75f77a82-0d57-4ea5-bfe7-cdfc6c5f795c,325,10.833333,4,0.314483,0.998148,0.8657
75f77a82-0d57-4ea5-bfe7-cdfc6c5f795c,325,10.833333,6,0.751965,0.806601,0.3495
75f77a82-0d57-4ea5-bfe7-cdfc6c5f795c,325,10.833333,10,0.703045,0.852788,0.8855
75f77a82-0d57-4ea5-bfe7-cdfc6c5f795c,325,10.833333,14,0.113100,0.924387,0.7018
75f77a82-0d57-4ea5-bfe7-cdfc6c5f795c,325,10.833333,15,0.583688,0.990953,0.9080
75f77a82-0d57-4ea5-bfe7-cdfc6c5f795c,325,10.833333,17,0.435587,0.998148,0.7962
75f77a82-0d57-4ea5-bfe7-cdfc6c5f795c,325,10.833333,20,0.931281,0.998148,0.8494
75f77a82-0d57-4ea5-bfe7-cdfc6c5f795c,325,10.833333,24,0.058169,0.909996,0.7861
75f77a82-0d57-4ea5-bfe7-cdfc6c5f795c,325,10.833333,25,0.125575,0.690025,0.3116
75f77a82-0d57-4ea5-bfe7-cdfc6c5f795c,325,10.833333,26,0.183669,0.761414,0.8025
75f77a82-0d57-4ea5-bfe7-cdfc6c5f795c,325,10.833333,27,0.802677,0.973216,0.8579
75f77a82-0d57-4ea5-bfe7-cdfc6c5f795c,325,10.833333,28,0.668472,0.707677,0.1390
75f77a82-0d57-4ea5-bfe7-cdfc6c5f795c,325,10.833333,31,0.970489,0.998148,0.7208
75f77a82-0d57-4ea5-bfe7-cdfc6c5f795c,326,10.866667,1,0.256177,0.927724,0.7879
75f77a82-0d57-4ea5-bfe7-cdfc6c5f795c,326,10.866667,4,0.304362,0.998148,0.8581
75f77a82-0d57-4ea5-bfe7-cdfc6c5f795c,326,10.866667,6,0.751162,0.800664,0.2508
75f77a82-0d57-4ea5-bfe7-cdfc6c5f795c,326,10.866667,10,0.703832,0.851732,0.8866
75f77a82-0d57-4ea5-bfe7-cdfc6c5f795c,326,10.866667,14,0.111719,0.919529,0.6778
75f77a82-0d57-4ea5-bfe7-cdfc6c5f795c,326,10.866667,15,0.585775,0.989853,0.9101
75f77a82-0d57-4ea5-bfe7-cdfc6c5f795c,326,10.866667,17,0.435807,0.998148,0.8018
75f77a82-0d57-4ea5-bfe7-cdfc6c5f795c,326,10.866667,20,0.931889,0.998148,0.8467
75f77a82-0d57-4ea5-bfe7-cdfc6c5f795c,326,10.866667,24,0.058560,0.910212,0.7894
75f77a82-0d57-4ea5-bfe7-cdfc6c5f795c,326,10.866667,25,0.125963,0.718781,0.4261
75f77a82-0d57-4ea5-bfe7-cdfc6c5f795c,326,10.866667,26,0.183564,0.764759,0.8178
75f77a82-0d57-4ea5-bfe7-cdfc6c5f795c,326,10.866667,27,0.800634,0.966942,0.8711
75f77a82-0d57-4ea5-bfe7-cdfc6c5f795c,326,10.866667,28,0.668431,0.709951,0.2061
75f77a82-0d57-4ea5-bfe7-cdfc6c5f795c,326,10.866667,31,0.970428,0.998148,0.7324
75f77a82-0d57-4ea5-bfe7-cdfc6c5f795c,327,10.900000,1,0.255641,0.929332,0.7810
75f77a82-0d57-4ea5-bfe7-cdfc6c5f795c,327,10.900000,4,0.311368,0.998148,0.8568
75f77a82-0d57-4ea5-bfe7-cdfc6c5f795c,327,10.900000,6,0.753097,0.787329,0.2323
75f77a82-0d57-4ea5-bfe7-cdfc6c5f795c,327,10.900000,10,0.703860,0.848197,0.8846
75f77a82-0d57-4ea5-bfe7-cdfc6c5f795c,327,10.900000,14,0.109859,0.920049,0.6404
75f77a82-0d57-4ea5-bfe7-cdfc6c5f795c,327,10.900000,15,0.587427,0.989371,0.9170
75f77a82-0d57-4ea5-bfe7-cdfc6c5f795c,327,10.900000,17,0.436657,0.998148,0.8053
75f77a82-0d57-4ea5-bfe7-cdfc6c5f795c,327,10.900000,20,0.932569,0.998148,0.8648
75f77a82-0d57-4ea5-bfe7-cdfc6c5f795c,327,10.900000,24,0.058682,0.914747,0.7747
75f77a82-0d57-4ea5-bfe7-cdfc6c5f795c,327,10.900000,25,0.125323,0.731964,0.4794
75f77a82-0d57-4ea5-bfe7-cdfc6c5f795c,327,10.900000,26,0.182028,0.765861,0.8139
75f77a82-0d57-4ea5-bfe7-cdfc6c5f795c,327,10.900000,27,0.796058,0.965888,0.8615
75f77a82-0d57-4ea5-bfe7-cdfc6c5f795c,327,10.900000,28,0.668043,0.711316,0.2502
75f77a82-0d57-4ea5-bfe7-cdfc6c5f795c,327,10.900000,31,0.970909,0.998148,0.7280
75f77a82-0d57-4ea5-bfe7-cdfc6c5f795c,328,10.933333,1,0.254969,0.932372,0.7831
75f77a82-0d57-4ea5-bfe7-cdfc6c5f795c,328,10.933333,4,0.310704,0.998148,0.8662
75f77a82-0d57-4ea5-bfe7-cdfc6c5f795c,328,10.933333,6,0.751846,0.753288,0.2491
75f77a82-0d57-4ea5-bfe7-cdfc6c5f795c,328,10.933333,10,0.704072,0.849251,0.8751
75f77a82-0d57-4ea5-bfe7-cdfc6c5f795c,328,10.933333,14,0.111716,0.920117,0.6163
75f77a82-0d57-4ea5-bfe7-cdfc6c5f795c,328,10.933333,15,0.587980,0.989859,0.9149
75f77a82-0d57-4ea5-bfe7-cdfc6c5f795c,328,10.933333,17,0.435422,0.998148,0.8061
75f77a82-0d57-4ea5-bfe7-cdfc6c5f795c,328,10.933333,20,0.933607,0.997982,0.8588
75f77a82-0d57-4ea5-bfe7-cdfc6c5f795c,328,10.933333,24,0.058702,0.913167,0.7729
75f77a82-0d57-4ea5-bfe7-cdfc6c5f795c,328,10.933333,25,0.125138,0.737144,0.5121
75f77a82-0d57-4ea5-bfe7-cdfc6c5f795c,328,10.933333,26,0.181855,0.766937,0.8142
75f77a82-0d57-4ea5-bfe7-cdfc6c5f795c,328,10.933333,27,0.792310,0.953832,0.8136
75f77a82-0d57-4ea5-bfe7-cdfc6c5f795c,328,10.933333,28,0.667956,0.712292,0.2916
75f77a82-0d57-4ea5-bfe7-cdfc6c5f795c,328,10.933333,31,0.972015,0.998148,0.7048
75f77a82-0d57-4ea5-bfe7-cdfc6c5f795c,329,10.966667,1,0.254174,0.930086,0.7770
75f77a82-0d57-4ea5-bfe7-cdfc6c5f795c,329,10.966667,4,0.310311,0.998014,0.8648
75f77a82-0d57-4ea5-bfe7-cdfc6c5f795c,329,10.966667,6,0.750793,0.742594,0.2287
75f77a82-0d57-4ea5-bfe7-cdfc6c5f795c,329,10.966667,10,0.704012,0.845838,0.8667
75f77a82-0d57-4ea5-bfe7-cdfc6c5f795c,329,10.966667,14,0.113931,0.916633,0.6941
75f77a82-0d57-4ea5-bfe7-cdfc6c5f795c,329,10.966667,15,0.590245,0.989837,0.9090
75f77a82-0d57-4ea5-bfe7-cdfc6c5f795c,329,10.966667,17,0.434359,0.998148,0.7983
75f77a82-0d57-4ea5-bfe7-cdfc6c5f795c,329,10.966667,20,0.935879,0.997453,0.8570
75f77a82-0d57-4ea5-bfe7-cdfc6c5f795c,329,10.966667,24,0.058706,0.908897,0.7623
75f77a82-0d57-4ea5-bfe7-cdfc6c5f795c,329,10.966667,25,0.124224,0.738072,0.5237
75f77a82-0d57-4ea5-bfe7-cdfc6c5f795c,329,10.966667,26,0.181794,0.768315,0.8231
75f77a82-0d57-4ea5-bfe7-cdfc6c5f795c,329,10.966667,27,0.784514,0.964351,0.8249
75f77a82-0d57-4ea5-bfe7-cdfc6c5f795c,329,10.966667,28,0.668336,0.714678,0.3172
75f77a82-0d57-4ea5-bfe7-cdfc6c5f795c,329,10.966667,31,0.973797,0.998148,0.6615
75f77a82-0d57-4ea5-bfe7-cdfc6c5f795c,330,11.000000,1,0.253930,0.923172,0.7782
75f77a82-0d57-4ea5-bfe7-cdfc6c5f795c,330,11.000000,4,0.303107,0.998148,0.8643
75f77a82-0d57-4ea5-bfe7-cdfc6c5f795c,330,11.000000,6,0.753355,0.736126,0.1768
75f77a82-0d57-4ea5-bfe7-cdfc6c5f795c,330,11.000000,10,0.703299,0.843455,0.8668
75f77a82-0d57-4ea5-bfe7-cdfc6c5f795c,330,11.000000,14,0.116536,0.917707,0.6960
75f77a82-0d57-4ea5-bfe7-cdfc6c5f795c,330,11.000000,15,0.590809,0.990383,0.9043
75f77a82-0d57-4ea5-bfe7-cdfc6c5f795c,330,11.000000,17,0.435358,0.998148,0.8006
75f77a82-0d57-4ea5-bfe7-cdfc6c5f795c,330,11.000000,20,0.935631,0.998004,0.8398
75f77a82-0d57-4ea5-bfe7-cdfc6c5f795c,330,11.000000,24,0.058713,0.919413,0.7785
75f77a82-0d57-4ea5-bfe7-cdfc6c5f795c,330,11.000000,25,0.123425,0.737974,0.3833
75f77a82-0d57-4ea5-bfe7-cdfc6c5f795c,330,11.000000,26,0.181754,0.770784,0.8147
75f77a82-0d57-4ea5-bfe7-cdfc6c5f795c,330,11.000000,27,0.784613,0.961223,0.8426
75f77a82-0d57-4ea5-bfe7-cdfc6c5f795c,330,11.000000,28,0.668256,0.716187,0.3102
75f77a82-0d57-4ea5-bfe7-cdfc6c5f795c,330,11.000000,31,0.975072,0.998148,0.6316
75f77a82-0d57-4ea5-bfe7-cdfc6c5f795c,330,11.000000,32,0.981053,0.751105,0.5480
75f77a82-0d57-4ea5-bfe7-cdfc6c5f795c,331,11.033333,1,0.253312,0.921777,0.7830
75f77a82-0d57-4ea5-bfe7-cdfc6c5f795c,331,11.033333,4,0.296024,0.998148,0.8635
75f77a82-0d57-4ea5-bfe7-cdfc6c5f795c,331,11.033333,6,0.755498,0.730518,0.1665
75f77a82-0d57-4ea5-bfe7-cdfc6c5f795c,331,11.033333,10,0.703611,0.837235,0.8622
75f77a82-0d57-4ea5-bfe7-cdfc6c5f795c,331,11.033333,14,0.117390,0.927808,0.7247
75f77a82-0d57-4ea5-bfe7-cdfc6c5f795c,331,11.033333,15,0.590685,0.990163,0.9069
75f77a82-0d57-4ea5-bfe7-cdfc6c5f795c,331,11.033333,17,0.436146,0.998148,0.8127
75f77a82-0d57-4ea5-bfe7-cdfc6c5f795c,331,11.033333,18,0.535156,0.686699,0.1485
75f77a82-0d57-4ea5-bfe7-cdfc6c5f795c,331,11.033333,20,0.923682,0.998148,0.8385
75f77a82-0d57-4ea5-bfe7-cdfc6c5f795c,331,11.033333,24,0.058785,0.936662,0.7922
75f77a82-0d57-4ea5-bfe7-cdfc6c5f795c,331,11.033333,25,0.117835,0.735035,0.3192
75f77a82-0d57-4ea5-bfe7-cdfc6c5f795c,331,11.033333,26,0.180085,0.772319,0.8265
75f77a82-0d57-4ea5-bfe7-cdfc6c5f795c,331,11.033333,27,0.782864,0.965307,0.8379
75f77a82-0d57-4ea5-bfe7-cdfc6c5f795c,331,11.033333,28,0.668245,0.714989,0.2952
75f77a82-0d57-4ea5-bfe7-cdfc6c5f795c,331,11.033333,31,0.976445,0.998148,0.6940
75f77a82-0d57-4ea5-bfe7-cdfc6c5f795c,331,11.033333,32,0.980444,0.758180,0.5128
75f77a82-0d57-4ea5-bfe7-cdfc6c5f795c,332,11.066667,1,0.252295,0.921856,0.7741
75f77a82-0d57-4ea5-bfe7-cdfc6c5f795c,332,11.066667,4,0.292832,0.998148,0.8538
75f77a82-0d57-4ea5-bfe7-cdfc6c5f795c,332,11.066667,10,0.703835,0.834901,0.8526
75f77a82-0d57-4ea5-bfe7-cdfc6c5f795c,332,11.066667,14,0.117558,0.928979,0.7301
75f77a82-0d57-4ea5-bfe7-cdfc6c5f795c,332,11.066667,15,0.593536,0.989850,0.9082
75f77a82-0d57-4ea5-bfe7-cdfc6c5f795c,332,11.066667,17,0.434151,0.998148,0.8088
75f77a82-0d57-4ea5-bfe7-cdfc6c5f795c,332,11.066667,18,0.535341,0.685524,0.1554
75f77a82-0d57-4ea5-bfe7-cdfc6c5f795c,332,11.066667,20,0.928250,0.997680,0.8357
75f77a82-0d57-4ea5-bfe7-cdfc6c5f795c,332,11.066667,24,0.059134,0.941807,0.8012
75f77a82-0d57-4ea5-bfe7-cdfc6c5f795c,332,11.066667,25,0.115656,0.735205,0.2334
75f77a82-0d57-4ea5-bfe7-cdfc6c5f795c,332,11.066667,26,0.179849,0.773177,0.8181
75f77a82-0d57-4ea5-bfe7-cdfc6c5f795c,332,11.066667,27,0.783115,0.958045,0.8478
75f77a82-0d57-4ea5-bfe7-cdfc6c5f795c,332,11.066667,28,0.667051,0.713320,0.2520
75f77a82-0d57-4ea5-bfe7-cdfc6c5f795c,332,11.066667,31,0.978142,0.998148,0.5902
75f77a82-0d57-4ea5-bfe7-cdfc6c5f795c,332,11.066667,32,0.980394,0.759589,0.4502
75f77a82-0d57-4ea5-bfe7-cdfc6c5f795c,333,11.100000,1,0.251431,0.927100,0.7738
75f77a82-0d57-4ea5-bfe7-cdfc6c5f795c,333,11.100000,4,0.293614,0.998148,0.8478
75f77a82-0d57-4ea5-bfe7-cdfc6c5f795c,333,11.100000,10,0.703702,0.830851,0.8529
75f77a82-0d57-4ea5-bfe7-cdfc6c5f795c,333,11.100000,14,0.116822,0.929682,0.6960
75f77a82-0d57-4ea5-bfe7-cdfc6c5f795c,333,11.100000,15,0.595057,0.991785,0.9099
75f77a82-0d57-4ea5-bfe7-cdfc6c5f795c,333,11.100000,17,0.435330,0.998148,0.8028
75f77a82-0d57-4ea5-bfe7-cdfc6c5f795c,333,11.100000,18,0.535404,0.683828,0.1414
75f77a82-0d57-4ea5-bfe7-cdfc6c5f795c,333,11.100000,20,0.936257,0.997081,0.8330
75f77a82-0d57-4ea5-bfe7-cdfc6c5f795c,333,11.100000,24,0.059370,0.945992,0.8039
75f77a82-0d57-4ea5-bfe7-cdfc6c5f795c,333,11.100000,25,0.114054,0.737237,0.2611
75f77a82-0d57-4ea5-bfe7-cdfc6c5f795c,333,11.100000,26,0.178160,0.772757,0.8155
75f77a82-0d57-4ea5-bfe7-cdfc6c5f795c,333,11.100000,27,0.784446,0.964197,0.8636
75f77a82-0d57-4ea5-bfe7-cdfc6c5f795c,333,11.100000,28,0.666624,0.714617,0.2159
75f77a82-0d57-4ea5-bfe7-cdfc6c5f795c,333,11.100000,31,0.981009,0.998148,0.3909
75f77a82-0d57-4ea5-bfe7-cdfc6c5f795c,333,11.100000,32,0.978292,0.771179,0.4360
75f77a82-0d57-4ea5-bfe7-cdfc6c5f795c,334,11.133333,1,0.251490,0.938729,0.7677
75f77a82-0d57-4ea5-bfe7-cdfc6c5f795c,334,11.133333,4,0.291625,0.998148,0.8492
75f77a82-0d57-4ea5-bfe7-cdfc6c5f795c,334,11.133333,10,0.704079,0.828800,0.8531
75f77a82-0d57-4ea5-bfe7-cdfc6c5f795c,334,11.133333,14,0.114725,0.931695,0.7248
75f77a82-0d57-4ea5-bfe7-cdfc6c5f795c,334,11.133333,15,0.594838,0.990907,0.9048
75f77a82-0d57-4ea5-bfe7-cdfc6c5f795c,334,11.133333,17,0.434741,0.998148,0.7905
75f77a82-0d57-4ea5-bfe7-cdfc6c5f795c,334,11.133333,18,0.535035,0.683224,0.1514
75f77a82-0d57-4ea5-bfe7-cdfc6c5f795c,334,11.133333,20,0.931478,0.998148,0.8244
75f77a82-0d57-4ea5-bfe7-cdfc6c5f795c,334,11.133333,24,0.059291,0.945177,0.8098
75f77a82-0d57-4ea5-bfe7-cdfc6c5f795c,334,11.133333,25,0.110338,0.752151,0.2014
75f77a82-0d57-4ea5-bfe7-cdfc6c5f795c,334,11.133333,26,0.177357,0.776451,0.8211
75f77a82-0d57-4ea5-bfe7-cdfc6c5f795c,334,11.133333,27,0.784523,0.968979,0.8542
75f77a82-0d57-4ea5-bfe7-cdfc6c5f795c,334,11.133333,28,0.666387,0.715119,0.2137
75f77a82-0d57-4ea5-bfe7-cdfc6c5f795c,334,11.133333,31,0.984434,0.960520,0.3231
75f77a82-0d57-4ea5-bfe7-cdfc6c5f795c,334,11.133333,32,0.977113,0.768570,0.4544
75f77a82-0d57-4ea5-bfe7-cdfc6c5f795c,335,11.166667,1,0.250993,0.940047,0.7824
75f77a82-0d57-4ea5-bfe7-cdfc6c5f795c,335,11.166667,4,0.292693,0.998148,0.8469
75f77a82-0d57-4ea5-bfe7-cdfc6c5f795c,335,11.166667,10,0.703795,0.826707,0.8468
75f77a82-0d57-4ea5-bfe7-cdfc6c5f795c,335,11.166667,14,0.116387,0.930628,0.7162
75f77a82-0d57-4ea5-bfe7-cdfc6c5f795c,335,11.166667,15,0.595714,0.990442,0.8992
75f77a82-0d57-4ea5-bfe7-cdfc6c5f795c,335,11.166667,17,0.435278,0.998148,0.7988
75f77a82-0d57-4ea5-bfe7-cdfc6c5f795c,335,11.166667,18,0.534670,0.683479,0.1510
75f77a82-0d57-4ea5-bfe7-cdfc6c5f795c,335,11.166667,20,0.928210,0.998148,0.8580
75f77a82-0d57-4ea5-bfe7-cdfc6c5f795c,335,11.166667,24,0.059368,0.947295,0.8070
75f77a82-0d57-4ea5-bfe7-cdfc6c5f795c,335,11.166667,25,0.111281,0.751137,0.2227
75f77a82-0d57-4ea5-bfe7-cdfc6c5f795c,335,11.166667,26,0.176666,0.777861,0.8170
75f77a82-0d57-4ea5-bfe7-cdfc6c5f795c,335,11.166667,27,0.783667,0.987079,0.8806
75f77a82-0d57-4ea5-bfe7-cdfc6c5f795c,335,11.166667,28,0.666194,0.716269,0.2165
75f77a82-0d57-4ea5-bfe7-cdfc6c5f795c,335,11.166667,31,0.984462,0.996395,0.3133
75f77a82-0d57-4ea5-bfe7-cdfc6c5f795c,335,11.166667,32,0.974755,0.749134,0.4759
75f77a82-0d57-4ea5-bfe7-cdfc6c5f795c,336,11.200000,1,0.250942,0.945571,0.7856
75f77a82-0d57-4ea5-bfe7-cdfc6c5f795c,336,11.200000,4,0.306176,0.998148,0.8627
75f77a82-0d57-4ea5-bfe7-cdfc6c5f795c,336,11.200000,10,0.703101,0.826025,0.8121
75f77a82-0d57-4ea5-bfe7-cdfc6c5f795c,336,11.200000,14,0.114552,0.925688,0.6676
75f77a82-0d57-4ea5-bfe7-cdfc6c5f795c,336,11.200000,15,0.596285,0.989519,0.9016
75f77a82-0d57-4ea5-bfe7-cdfc6c5f795c,336,11.200000,17,0.437101,0.998148,0.8055
75f77a82-0d57-4ea5-bfe7-cdfc6c5f795c,336,11.200000,18,0.534782,0.683673,0.1572
75f77a82-0d57-4ea5-bfe7-cdfc6c5f795c,336,11.200000,20,0.934624,0.998148,0.7972
75f77a82-0d57-4ea5-bfe7-cdfc6c5f795c,336,11.200000,24,0.059645,0.946009,0.7982
75f77a82-0d57-4ea5-bfe7-cdfc6c5f795c,336,11.200000,25,0.110686,0.749825,0.2039
75f77a82-0d57-4ea5-bfe7-cdfc6c5f795c,336,11.200000,26,0.175718,0.778332,0.8241
75f77a82-0d57-4ea5-bfe7-cdfc6c5f795c,336,11.200000,27,0.781101,0.967656,0.8835
75f77a82-0d57-4ea5-bfe7-cdfc6c5f795c,336,11.200000,28,0.666210,0.718443,0.2021
75f77a82-0d57-4ea5-bfe7-cdfc6c5f795c,336,11.200000,31,0.987704,0.994641,0.1828
75f77a82-0d57-4ea5-bfe7-cdfc6c5f795c,336,11.200000,32,0.973633,0.742512,0.4358
75f77a82-0d57-4ea5-bfe7-cdfc6c5f795c,337,11.233333,1,0.250358,0.956404,0.7899
75f77a82-0d57-4ea5-bfe7-cdfc6c5f795c,337,11.233333,4,0.304730,0.998148,0.8660
75f77a82-0d57-4ea5-bfe7-cdfc6c5f795c,337,11.233333,10,0.703213,0.830374,0.7945
75f77a82-0d57-4ea5-bfe7-cdfc6c5f795c,337,11.233333,14,0.115625,0.923789,0.6587
75f77a82-0d57-4ea5-bfe7-cdfc6c5f795c,337,11.233333,15,0.595418,0.985289,0.8989
75f77a82-0d57-4ea5-bfe7-cdfc6c5f795c,337,11.233333,17,0.438513,0.998148,0.7998
75f77a82-0d57-4ea5-bfe7-cdfc6c5f795c,337,11.233333,18,0.533912,0.672387,0.1388
75f77a82-0d57-4ea5-bfe7-cdfc6c5f795c,337,11.233333,20,0.938492,0.998148,0.8408
75f77a82-0d57-4ea5-bfe7-cdfc6c5f795c,337,11.233333,24,0.059599,0.945275,0.8044
75f77a82-0d57-4ea5-bfe7-cdfc6c5f795c,337,11.233333,25,0.111039,0.746858,0.1986
75f77a82-0d57-4ea5-bfe7-cdfc6c5f795c,337,11.233333,26,0.173341,0.776131,0.8191
75f77a82-0d57-4ea5-bfe7-cdfc6c5f795c,337,11.233333,27,0.775131,0.974956,0.8880
75f77a82-0d57-4ea5-bfe7-cdfc6c5f795c,337,11.233333,28,0.665722,0.719325,0.2082
75f77a82-0d57-4ea5-bfe7-cdfc6c5f795c,337,11.233333,31,0.974735,0.901055,0.2082
75f77a82-0d57-4ea5-bfe7-cdfc6c5f795c,337,11.233333,32,0.972079,0.734008,0.4565
75f77a82-0d57-4ea5-bfe7-cdfc6c5f795c,338,11.266667,1,0.250021,0.956674,0.7910
75f77a82-0d57-4ea5-bfe7-cdfc6c5f795c,338,11.266667,4,0.307373,0.998148,0.8791
75f77a82-0d57-4ea5-bfe7-cdfc6c5f795c,338,11.266667,10,0.701667,0.828083,0.8089
75f77a82-0d57-4ea5-bfe7-cdfc6c5f795c,338,11.266667,14,0.114509,0.921366,0.7004
75f77a82-0d57-4ea5-bfe7-cdfc6c5f795c,338,11.266667,15,0.596157,0.984452,0.8971
75f77a82-0d57-4ea5-bfe7-cdfc6c5f795c,338,11.266667,17,0.438844,0.998148,0.7918
75f77a82-0d57-4ea5-bfe7-cdfc6c5f795c,338,11.266667,18,0.533800,0.675647,0.1404
75f77a82-0d57-4ea5-bfe7-cdfc6c5f795c,338,11.266667,20,0.938193,0.998148,0.8364
75f77a82-0d57-4ea5-bfe7-cdfc6c5f795c,338,11.266667,24,0.059601,0.943836,0.8041
75f77a82-0d57-4ea5-bfe7-cdfc6c5f795c,338,11.266667,26,0.169943,0.778617,0.7775
75f77a82-0d57-4ea5-bfe7-cdfc6c5f795c,338,11.266667,27,0.765239,0.978829,0.8585
75f77a82-0d57-4ea5-bfe7-cdfc6c5f795c,338,11.266667,28,0.665414,0.720251,0.2002
75f77a82-0d57-4ea5-bfe7-cdfc6c5f795c,338,11.266667,31,0.971810,0.875495,0.1876
75f77a82-0d57-4ea5-bfe7-cdfc6c5f795c,338,11.266667,32,0.968479,0.722601,0.4672
75f77a82-0d57-4ea5-bfe7-cdfc6c5f795c,339,11.300000,1,0.249279,0.956459,0.7870
75f77a82-0d57-4ea5-bfe7-cdfc6c5f795c,339,11.300000,4,0.304676,0.998148,0.8732
75f77a82-0d57-4ea5-bfe7-cdfc6c5f795c,339,11.300000,10,0.698122,0.829512,0.8136
75f77a82-0d57-4ea5-bfe7-cdfc6c5f795c,339,11.300000,14,0.114326,0.921995,0.6849
75f77a82-0d57-4ea5-bfe7-cdfc6c5f795c,339,11.300000,15,0.600775,0.985861,0.8933
75f77a82-0d57-4ea5-bfe7-cdfc6c5f795c,339,11.300000,17,0.440773,0.998148,0.7794
75f77a82-0d57-4ea5-bfe7-cdfc6c5f795c,339,11.300000,18,0.533670,0.659723,0.1470
75f77a82-0d57-4ea5-bfe7-cdfc6c5f795c,339,11.300000,20,0.938263,0.998148,0.8436
75f77a82-0d57-4ea5-bfe7-cdfc6c5f795c,339,11.300000,24,0.059626,0.943390,0.8049
75f77a82-0d57-4ea5-bfe7-cdfc6c5f795c,339,11.300000,26,0.168207,0.783956,0.7659
75f77a82-0d57-4ea5-bfe7-cdfc6c5f795c,339,11.300000,27,0.766845,0.926470,0.8601
75f77a82-0d57-4ea5-bfe7-cdfc6c5f795c,339,11.300000,28,0.665291,0.721006,0.2364
75f77a82-0d57-4ea5-bfe7-cdfc6c5f795c,339,11.300000,31,0.946245,0.807909,0.2752
75f77a82-0d57-4ea5-bfe7-cdfc6c5f795c,339,11.300000,32,0.965294,0.712217,0.4522
75f77a82-0d57-4ea5-bfe7-cdfc6c5f795c,340,11.333333,1,0.248835,0.939198,0.7796
75f77a82-0d57-4ea5-bfe7-cdfc6c5f795c,340,11.333333,4,0.302658,0.998148,0.8747
75f77a82-0d57-4ea5-bfe7-cdfc6c5f795c,340,11.333333,10,0.697756,0.832635,0.8114
75f77a82-0d57-4ea5-bfe7-cdfc6c5f795c,340,11.333333,14,0.113372,0.920871,0.6182
75f77a82-0d57-4ea5-bfe7-cdfc6c5f795c,340,11.333333,15,0.602434,0.985996,0.8966
75f77a82-0d57-4ea5-bfe7-cdfc6c5f795c,340,11.333333,17,0.439831,0.998148,0.7852
75f77a82-0d57-4ea5-bfe7-cdfc6c5f795c,340,11.333333,18,0.533508,0.650742,0.1489
75f77a82-0d57-4ea5-bfe7-cdfc6c5f795c,340,11.333333,20,0.939798,0.998148,0.8415
75f77a82-0d57-4ea5-bfe7-cdfc6c5f795c,340,11.333333,24,0.059617,0.943444,0.8038
75f77a82-0d57-4ea5-bfe7-cdfc6c5f795c,340,11.333333,26,0.166052,0.783203,0.7364
75f77a82-0d57-4ea5-bfe7-cdfc6c5f795c,340,11.333333,27,0.762203,0.916758,0.8668
75f77a82-0d57-4ea5-bfe7-cdfc6c5f795c,340,11.333333,28,0.664048,0.783689,0.2526
75f77a82-0d57-4ea5-bfe7-cdfc6c5f795c,340,11.333333,31,0.944401,0.813549,0.2351
75f77a82-0d57-4ea5-bfe7-cdfc6c5f795c,340,11.333333,32,0.962006,0.695795,0.3437
