run_id,frame,time_s,track_id,x_normalized,y_normalized,confidence
035be5bf-adbf-4590-8968-43093fcb3647,2,0.066733,1,0.613064,0.438793,0.8954
035be5bf-adbf-4590-8968-43093fcb3647,2,0.066733,2,0.667438,0.415061,0.8391
035be5bf-adbf-4590-8968-43093fcb3647,2,0.066733,3,0.732394,0.485742,0.8136
035be5bf-adbf-4590-8968-43093fcb3647,2,0.066733,4,0.954833,0.502527,0.7957
035be5bf-adbf-4590-8968-43093fcb3647,2,0.066733,5,0.502702,0.374343,0.6210
035be5bf-adbf-4590-8968-43093fcb3647,3,0.100100,1,0.613179,0.438910,0.8931
035be5bf-adbf-4590-8968-43093fcb3647,3,0.100100,2,0.666698,0.418475,0.8361
035be5bf-adbf-4590-8968-43093fcb3647,3,0.100100,3,0.732168,0.487122,0.8121
035be5bf-adbf-4590-8968-43093fcb3647,3,0.100100,4,0.956287,0.503890,0.8124
035be5bf-adbf-4590-8968-43093fcb3647,3,0.100100,5,0.504241,0.373113,0.6028
035be5bf-adbf-4590-8968-43093fcb3647,4,0.133467,1,0.612601,0.439764,0.8955
035be5bf-adbf-4590-8968-43093fcb3647,4,0.133467,2,0.667118,0.415139,0.7996
035be5bf-adbf-4590-8968-43093fcb3647,4,0.133467,3,0.732057,0.488540,0.8123
035be5bf-adbf-4590-8968-43093fcb3647,4,0.133467,4,0.956974,0.507591,0.8114
035be5bf-adbf-4590-8968-43093fcb3647,4,0.133467,5,0.505734,0.364552,0.5537
035be5bf-adbf-4590-8968-43093fcb3647,5,0.166833,1,0.612157,0.441562,0.9011
035be5bf-adbf-4590-8968-43093fcb3647,5,0.166833,2,0.665273,0.418744,0.7957
035be5bf-adbf-4590-8968-43093fcb3647,5,0.166833,3,0.731731,0.489973,0.7913
035be5bf-adbf-4590-8968-43093fcb3647,5,0.166833,4,0.957099,0.511699,0.7830
035be5bf-adbf-4590-8968-43093fcb3647,5,0.166833,5,0.505336,0.363641,0.5845
035be5bf-adbf-4590-8968-43093fcb3647,6,0.200200,1,0.611828,0.442470,0.9099
035be5bf-adbf-4590-8968-43093fcb3647,6,0.200200,2,0.665104,0.420298,0.8257
035be5bf-adbf-4590-8968-43093fcb3647,6,0.200200,3,0.730636,0.489931,0.8137
035be5bf-adbf-4590-8968-43093fcb3647,6,0.200200,4,0.958618,0.513863,0.7778
035be5bf-adbf-4590-8968-43093fcb3647,6,0.200200,5,0.504094,0.370829,0.5707
035be5bf-adbf-4590-8968-43093fcb3647,7,0.233567,1,0.610637,0.442760,0.9029
035be5bf-adbf-4590-8968-43093fcb3647,7,0.233567,2,0.662877,0.417930,0.7829
035be5bf-adbf-4590-8968-43093fcb3647,7,0.233567,3,0.729425,0.490686,0.7941
035be5bf-adbf-4590-8968-43093fcb3647,7,0.233567,4,0.959426,0.516790,0.7606
035be5bf-adbf-4590-8968-43093fcb3647,7,0.233567,5,0.502474,0.349180,0.4978
035be5bf-adbf-4590-8968-43093fcb3647,8,0.266933,1,0.609252,0.445391,0.8912
035be5bf-adbf-4590-8968-43093fcb3647,8,0.266933,2,0.660494,0.414894,0.6700
035be5bf-adbf-4590-8968-43093fcb3647,8,0.266933,3,0.728668,0.491054,0.7786
035be5bf-adbf-4590-8968-43093fcb3647,8,0.266933,4,0.959759,0.522218,0.7846
035be5bf-adbf-4590-8968-43093fcb3647,8,0.266933,5,0.501545,0.352327,0.5278
035be5bf-adbf-4590-8968-43093fcb3647,9,0.300300,1,0.609545,0.445677,0.8874
035be5bf-adbf-4590-8968-43093fcb3647,9,0.300300,2,0.654100,0.418589,0.3554
035be5bf-adbf-4590-8968-43093fcb3647,9,0.300300,3,0.728271,0.491535,0.7976
035be5bf-adbf-4590-8968-43093fcb3647,9,0.300300,4,0.960162,0.524897,0.7987
035be5bf-adbf-4590-8968-43093fcb3647,9,0.300300,5,0.500307,0.351669,0.6627
035be5bf-adbf-4590-8968-43093fcb3647,9,0.300300,6,0.542016,0.364924,0.4453
035be5bf-adbf-4590-8968-43093fcb3647,10,0.333667,1,0.609846,0.446504,0.8887
035be5bf-adbf-4590-8968-43093fcb3647,10,0.333667,3,0.727486,0.494548,0.7890
035be5bf-adbf-4590-8968-43093fcb3647,10,0.333667,4,0.960370,0.527426,0.8176
035be5bf-adbf-4590-8968-43093fcb3647,10,0.333667,5,0.499087,0.351037,0.6488
035be5bf-adbf-4590-8968-43093fcb3647,10,0.333667,6,0.542081,0.364291,0.3178
035be5bf-adbf-4590-8968-43093fcb3647,10,0.333667,7,0.918292,0.379806,0.4425
035be5bf-adbf-4590-8968-43093fcb3647,11,0.367033,1,0.608317,0.447409,0.8939
035be5bf-adbf-4590-8968-43093fcb3647,11,0.367033,3,0.726287,0.494006,0.7806
035be5bf-adbf-4590-8968-43093fcb3647,11,0.367033,4,0.960630,0.528820,0.8136
035be5bf-adbf-4590-8968-43093fcb3647,11,0.367033,5,0.496424,0.351313,0.6127
035be5bf-adbf-4590-8968-43093fcb3647,11,0.367033,6,0.540874,0.364846,0.2475
035be5bf-adbf-4590-8968-43093fcb3647,11,0.367033,7,0.917776,0.382514,0.3464
035be5bf-adbf-4590-8968-43093fcb3647,12,0.400400,1,0.607448,0.447938,0.8949
035be5bf-adbf-4590-8968-43093fcb3647,12,0.400400,3,0.725069,0.494193,0.7800
035be5bf-adbf-4590-8968-43093fcb3647,12,0.400400,4,0.960108,0.531352,0.8255
035be5bf-adbf-4590-8968-43093fcb3647,12,0.400400,5,0.495134,0.351708,0.6303
035be5bf-adbf-4590-8968-43093fcb3647,12,0.400400,6,0.540291,0.365809,0.1828
035be5bf-adbf-4590-8968-43093fcb3647,12,0.400400,7,0.916772,0.383037,0.2996
035be5bf-adbf-4590-8968-43093fcb3647,13,0.433767,1,0.604184,0.449837,0.9032
035be5bf-adbf-4590-8968-43093fcb3647,13,0.433767,3,0.724314,0.495836,0.7729
035be5bf-adbf-4590-8968-43093fcb3647,13,0.433767,4,0.959983,0.532709,0.8257
035be5bf-adbf-4590-8968-43093fcb3647,13,0.433767,5,0.493433,0.352447,0.6538
035be5bf-adbf-4590-8968-43093fcb3647,13,0.433767,6,0.537470,0.364820,0.4037
035be5bf-adbf-4590-8968-43093fcb3647,13,0.433767,7,0.915456,0.382941,0.2621
035be5bf-adbf-4590-8968-43093fcb3647,14,0.467133,1,0.601711,0.450596,0.9122
035be5bf-adbf-4590-8968-43093fcb3647,14,0.467133,3,0.723596,0.495165,0.7691
035be5bf-adbf-4590-8968-43093fcb3647,14,0.467133,4,0.960083,0.534153,0.8264
035be5bf-adbf-4590-8968-43093fcb3647,14,0.467133,5,0.491424,0.352880,0.5987
035be5bf-adbf-4590-8968-43093fcb3647,14,0.467133,6,0.535996,0.365854,0.2116
035be5bf-adbf-4590-8968-43093fcb3647,14,0.467133,7,0.915871,0.382848,0.2404
035be5bf-adbf-4590-8968-43093fcb3647,15,0.500500,1,0.599673,0.451424,0.9171
035be5bf-adbf-4590-8968-43093fcb3647,15,0.500500,3,0.722178,0.495722,0.7730
035be5bf-adbf-4590-8968-43093fcb3647,15,0.500500,4,0.959899,0.534769,0.8330
035be5bf-adbf-4590-8968-43093fcb3647,15,0.500500,5,0.489212,0.352247,0.5982
035be5bf-adbf-4590-8968-43093fcb3647,15,0.500500,6,0.533793,0.365629,0.4844
035be5bf-adbf-4590-8968-43093fcb3647,15,0.500500,7,0.915920,0.382527,0.3275
035be5bf-adbf-4590-8968-43093fcb3647,16,0.533867,1,0.598647,0.453007,0.9184
035be5bf-adbf-4590-8968-43093fcb3647,16,0.533867,3,0.721210,0.496740,0.7639
035be5bf-adbf-4590-8968-43093fcb3647,16,0.533867,4,0.959742,0.535249,0.8405
035be5bf-adbf-4590-8968-43093fcb3647,16,0.533867,5,0.486659,0.350140,0.6238
035be5bf-adbf-4590-8968-43093fcb3647,16,0.533867,6,0.531817,0.365402,0.2877
035be5bf-adbf-4590-8968-43093fcb3647,16,0.533867,7,0.915803,0.382027,0.4548
035be5bf-adbf-4590-8968-43093fcb3647,17,0.567233,1,0.597011,0.452868,0.9095
035be5bf-adbf-4590-8968-43093fcb3647,17,0.567233,3,0.718587,0.497074,0.7879
035be5bf-adbf-4590-8968-43093fcb3647,17,0.567233,4,0.960298,0.533730,0.8248
035be5bf-adbf-4590-8968-43093fcb3647,17,0.567233,5,0.484600,0.348920,0.5113
035be5bf-adbf-4590-8968-43093fcb3647,17,0.567233,6,0.531082,0.365923,0.2149
035be5bf-adbf-4590-8968-43093fcb3647,17,0.567233,7,0.917473,0.381919,0.4589
035be5bf-adbf-4590-8968-43093fcb3647,18,0.600600,1,0.596097,0.451853,0.9108
035be5bf-adbf-4590-8968-43093fcb3647,18,0.600600,3,0.717919,0.496409,0.7991
035be5bf-adbf-4590-8968-43093fcb3647,18,0.600600,4,0.960286,0.534143,0.8277
035be5bf-adbf-4590-8968-43093fcb3647,18,0.600600,5,0.482857,0.350982,0.5705
035be5bf-adbf-4590-8968-43093fcb3647,18,0.600600,6,0.528434,0.363470,0.3489
035be5bf-adbf-4590-8968-43093fcb3647,18,0.600600,7,0.918459,0.381284,0.4845
035be5bf-adbf-4590-8968-43093fcb3647,19,0.633967,1,0.594140,0.450079,0.9121
035be5bf-adbf-4590-8968-43093fcb3647,19,0.633967,3,0.717020,0.495185,0.8017
035be5bf-adbf-4590-8968-43093fcb3647,19,0.633967,4,0.960004,0.533927,0.8228
035be5bf-adbf-4590-8968-43093fcb3647,19,0.633967,5,0.480899,0.350408,0.6361
035be5bf-adbf-4590-8968-43093fcb3647,19,0.633967,6,0.527395,0.365114,0.1511
035be5bf-adbf-4590-8968-43093fcb3647,19,0.633967,7,0.919198,0.380646,0.4826
035be5bf-adbf-4590-8968-43093fcb3647,20,0.667333,1,0.591643,0.450944,0.9095
035be5bf-adbf-4590-8968-43093fcb3647,20,0.667333,3,0.715813,0.495171,0.8068
035be5bf-adbf-4590-8968-43093fcb3647,20,0.667333,4,0.959777,0.534201,0.8309
035be5bf-adbf-4590-8968-43093fcb3647,20,0.667333,5,0.478802,0.349420,0.6058
035be5bf-adbf-4590-8968-43093fcb3647,20,0.667333,6,0.524595,0.365166,0.1611
035be5bf-adbf-4590-8968-43093fcb3647,20,0.667333,7,0.919020,0.382124,0.4488
035be5bf-adbf-4590-8968-43093fcb3647,21,0.700700,1,0.589196,0.450381,0.9105
035be5bf-adbf-4590-8968-43093fcb3647,21,0.700700,3,0.714202,0.494687,0.8096
035be5bf-adbf-4590-8968-43093fcb3647,21,0.700700,4,0.959387,0.534278,0.8289
035be5bf-adbf-4590-8968-43093fcb3647,21,0.700700,5,0.475650,0.347046,0.6124
035be5bf-adbf-4590-8968-43093fcb3647,21,0.700700,6,0.523167,0.364780,0.1578
035be5bf-adbf-4590-8968-43093fcb3647,21,0.700700,7,0.919480,0.381899,0.5309
035be5bf-adbf-4590-8968-43093fcb3647,22,0.734067,1,0.587618,0.451128,0.9132
035be5bf-adbf-4590-8968-43093fcb3647,22,0.734067,3,0.714006,0.495919,0.8033
035be5bf-adbf-4590-8968-43093fcb3647,22,0.734067,4,0.959393,0.536212,0.8379
035be5bf-adbf-4590-8968-43093fcb3647,22,0.734067,5,0.472607,0.347309,0.6240
035be5bf-adbf-4590-8968-43093fcb3647,22,0.734067,6,0.516958,0.359231,0.2007
035be5bf-adbf-4590-8968-43093fcb3647,22,0.734067,7,0.919838,0.382516,0.5146
035be5bf-adbf-4590-8968-43093fcb3647,23,0.767433,1,0.585511,0.453898,0.9124
035be5bf-adbf-4590-8968-43093fcb3647,23,0.767433,3,0.712993,0.496885,0.8130
035be5bf-adbf-4590-8968-43093fcb3647,23,0.767433,4,0.959339,0.537828,0.8224
035be5bf-adbf-4590-8968-43093fcb3647,23,0.767433,5,0.471012,0.347454,0.6716
035be5bf-adbf-4590-8968-43093fcb3647,23,0.767433,6,0.517510,0.365327,0.1978
035be5bf-adbf-4590-8968-43093fcb3647,23,0.767433,7,0.920333,0.384149,0.4700
035be5bf-adbf-4590-8968-43093fcb3647,24,0.800800,1,0.584539,0.455263,0.9039
035be5bf-adbf-4590-8968-43093fcb3647,24,0.800800,3,0.712364,0.498798,0.8053
035be5bf-adbf-4590-8968-43093fcb3647,24,0.800800,4,0.958800,0.539866,0.8154
035be5bf-adbf-4590-8968-43093fcb3647,24,0.800800,5,0.469790,0.347859,0.7098
035be5bf-adbf-4590-8968-43093fcb3647,24,0.800800,6,0.515692,0.365089,0.3475
035be5bf-adbf-4590-8968-43093fcb3647,24,0.800800,7,0.920313,0.385298,0.4083
035be5bf-adbf-4590-8968-43093fcb3647,25,0.834167,1,0.582578,0.457913,0.9066
035be5bf-adbf-4590-8968-43093fcb3647,25,0.834167,3,0.711231,0.502496,0.8152
035be5bf-adbf-4590-8968-43093fcb3647,25,0.834167,4,0.957972,0.542184,0.8124
035be5bf-adbf-4590-8968-43093fcb3647,25,0.834167,5,0.467431,0.349158,0.6345
035be5bf-adbf-4590-8968-43093fcb3647,25,0.834167,6,0.513880,0.363871,0.2693
035be5bf-adbf-4590-8968-43093fcb3647,25,0.834167,7,0.921032,0.386034,0.3483
035be5bf-adbf-4590-8968-43093fcb3647,26,0.867533,1,0.582427,0.458901,0.9051
035be5bf-adbf-4590-8968-43093fcb3647,26,0.867533,3,0.710012,0.502984,0.8388
035be5bf-adbf-4590-8968-43093fcb3647,26,0.867533,4,0.959051,0.542848,0.8086
035be5bf-adbf-4590-8968-43093fcb3647,26,0.867533,5,0.464052,0.351331,0.6550
035be5bf-adbf-4590-8968-43093fcb3647,26,0.867533,6,0.512599,0.365192,0.2429
035be5bf-adbf-4590-8968-43093fcb3647,26,0.867533,7,0.922066,0.387797,0.2973
035be5bf-adbf-4590-8968-43093fcb3647,27,0.900900,1,0.579942,0.459989,0.9014
035be5bf-adbf-4590-8968-43093fcb3647,27,0.900900,3,0.708959,0.504317,0.8336
035be5bf-adbf-4590-8968-43093fcb3647,27,0.900900,4,0.958845,0.549322,0.8184
035be5bf-adbf-4590-8968-43093fcb3647,27,0.900900,5,0.462216,0.353127,0.7213
035be5bf-adbf-4590-8968-43093fcb3647,27,0.900900,6,0.512526,0.369677,0.1945
035be5bf-adbf-4590-8968-43093fcb3647,27,0.900900,7,0.922946,0.388440,0.2664
035be5bf-adbf-4590-8968-43093fcb3647,28,0.934267,1,0.579375,0.461855,0.8999
035be5bf-adbf-4590-8968-43093fcb3647,28,0.934267,3,0.709140,0.504703,0.8279
035be5bf-adbf-4590-8968-43093fcb3647,28,0.934267,4,0.958978,0.552905,0.8168
035be5bf-adbf-4590-8968-43093fcb3647,28,0.934267,5,0.461136,0.355467,0.6969
035be5bf-adbf-4590-8968-43093fcb3647,28,0.934267,6,0.513931,0.372068,0.1588
035be5bf-adbf-4590-8968-43093fcb3647,28,0.934267,7,0.924699,0.387690,0.3527
035be5bf-adbf-4590-8968-43093fcb3647,29,0.967633,1,0.577955,0.463729,0.9065
035be5bf-adbf-4590-8968-43093fcb3647,29,0.967633,3,0.709426,0.506368,0.8309
035be5bf-adbf-4590-8968-43093fcb3647,29,0.967633,4,0.959462,0.550727,0.8108
035be5bf-adbf-4590-8968-43093fcb3647,29,0.967633,5,0.460201,0.355735,0.6432
035be5bf-adbf-4590-8968-43093fcb3647,29,0.967633,6,0.512162,0.375722,0.2579
035be5bf-adbf-4590-8968-43093fcb3647,29,0.967633,7,0.925437,0.386767,0.5127
035be5bf-adbf-4590-8968-43093fcb3647,30,1.001000,1,0.577338,0.465351,0.9066
035be5bf-adbf-4590-8968-43093fcb3647,30,1.001000,3,0.708604,0.507207,0.8278
035be5bf-adbf-4590-8968-43093fcb3647,30,1.001000,4,0.960358,0.555632,0.8083
035be5bf-adbf-4590-8968-43093fcb3647,30,1.001000,5,0.457472,0.355588,0.6426
035be5bf-adbf-4590-8968-43093fcb3647,30,1.001000,6,0.507689,0.374399,0.2735
035be5bf-adbf-4590-8968-43093fcb3647,30,1.001000,7,0.926746,0.388317,0.5049
035be5bf-adbf-4590-8968-43093fcb3647,31,1.034367,1,0.576822,0.466699,0.9057
035be5bf-adbf-4590-8968-43093fcb3647,31,1.034367,3,0.709143,0.507469,0.8269
035be5bf-adbf-4590-8968-43093fcb3647,31,1.034367,4,0.960623,0.556977,0.8065
035be5bf-adbf-4590-8968-43093fcb3647,31,1.034367,5,0.456518,0.354045,0.6491
035be5bf-adbf-4590-8968-43093fcb3647,31,1.034367,6,0.501329,0.350049,0.5236
035be5bf-adbf-4590-8968-43093fcb3647,31,1.034367,7,0.928045,0.391222,0.4979
035be5bf-adbf-4590-8968-43093fcb3647,32,1.067733,1,0.575146,0.466663,0.9073
035be5bf-adbf-4590-8968-43093fcb3647,32,1.067733,3,0.708658,0.508150,0.8270
035be5bf-adbf-4590-8968-43093fcb3647,32,1.067733,4,0.962600,0.557726,0.7931
035be5bf-adbf-4590-8968-43093fcb3647,32,1.067733,5,0.456099,0.353481,0.6134
035be5bf-adbf-4590-8968-43093fcb3647,32,1.067733,6,0.502320,0.350322,0.5093
035be5bf-adbf-4590-8968-43093fcb3647,32,1.067733,7,0.930347,0.389745,0.3090
035be5bf-adbf-4590-8968-43093fcb3647,33,1.101100,1,0.574886,0.467061,0.9024
035be5bf-adbf-4590-8968-43093fcb3647,33,1.101100,3,0.708597,0.508299,0.8283
035be5bf-adbf-4590-8968-43093fcb3647,33,1.101100,4,0.964437,0.559319,0.7897
035be5bf-adbf-4590-8968-43093fcb3647,33,1.101100,5,0.453556,0.353810,0.6284
035be5bf-adbf-4590-8968-43093fcb3647,33,1.101100,6,0.501925,0.351000,0.4760
035be5bf-adbf-4590-8968-43093fcb3647,33,1.101100,7,0.933315,0.390824,0.4330
035be5bf-adbf-4590-8968-43093fcb3647,34,1.134467,1,0.575129,0.467319,0.9028
035be5bf-adbf-4590-8968-43093fcb3647,34,1.134467,3,0.708640,0.508458,0.8343
035be5bf-adbf-4590-8968-43093fcb3647,34,1.134467,4,0.964423,0.559370,0.7827
035be5bf-adbf-4590-8968-43093fcb3647,34,1.134467,5,0.452664,0.355885,0.6490
035be5bf-adbf-4590-8968-43093fcb3647,34,1.134467,6,0.501206,0.351212,0.4189
035be5bf-adbf-4590-8968-43093fcb3647,34,1.134467,7,0.934061,0.393403,0.3217
035be5bf-adbf-4590-8968-43093fcb3647,35,1.167833,1,0.574228,0.468171,0.9104
035be5bf-adbf-4590-8968-43093fcb3647,35,1.167833,3,0.708972,0.508845,0.8340
035be5bf-adbf-4590-8968-43093fcb3647,35,1.167833,4,0.966100,0.561460,0.7842
035be5bf-adbf-4590-8968-43093fcb3647,35,1.167833,5,0.452156,0.356394,0.6897
035be5bf-adbf-4590-8968-43093fcb3647,35,1.167833,6,0.500101,0.344580,0.2774
035be5bf-adbf-4590-8968-43093fcb3647,35,1.167833,7,0.938069,0.392085,0.4055
035be5bf-adbf-4590-8968-43093fcb3647,36,1.201200,1,0.573845,0.469243,0.9103
035be5bf-adbf-4590-8968-43093fcb3647,36,1.201200,3,0.708822,0.508642,0.8314
035be5bf-adbf-4590-8968-43093fcb3647,36,1.201200,4,0.966901,0.563136,0.7891
035be5bf-adbf-4590-8968-43093fcb3647,36,1.201200,5,0.450018,0.355363,0.7180
035be5bf-adbf-4590-8968-43093fcb3647,36,1.201200,6,0.498684,0.352783,0.4334
035be5bf-adbf-4590-8968-43093fcb3647,36,1.201200,7,0.940183,0.391831,0.5570
035be5bf-adbf-4590-8968-43093fcb3647,37,1.234567,1,0.574358,0.469962,0.9092
035be5bf-adbf-4590-8968-43093fcb3647,37,1.234567,3,0.709270,0.508761,0.8258
035be5bf-adbf-4590-8968-43093fcb3647,37,1.234567,4,0.967892,0.564120,0.7976
035be5bf-adbf-4590-8968-43093fcb3647,37,1.234567,5,0.449692,0.355609,0.7425
035be5bf-adbf-4590-8968-43093fcb3647,37,1.234567,6,0.497427,0.352304,0.5260
035be5bf-adbf-4590-8968-43093fcb3647,37,1.234567,7,0.941799,0.392170,0.5335
035be5bf-adbf-4590-8968-43093fcb3647,38,1.267933,1,0.574140,0.469903,0.9134
035be5bf-adbf-4590-8968-43093fcb3647,38,1.267933,3,0.709612,0.508939,0.8279
035be5bf-adbf-4590-8968-43093fcb3647,38,1.267933,4,0.970234,0.568588,0.7861
035be5bf-adbf-4590-8968-43093fcb3647,38,1.267933,5,0.449547,0.354375,0.7166
035be5bf-adbf-4590-8968-43093fcb3647,38,1.267933,6,0.496837,0.351812,0.5118
035be5bf-adbf-4590-8968-43093fcb3647,38,1.267933,7,0.944250,0.392946,0.3759
035be5bf-adbf-4590-8968-43093fcb3647,39,1.301300,1,0.574133,0.470958,0.9150
035be5bf-adbf-4590-8968-43093fcb3647,39,1.301300,3,0.709848,0.508881,0.8291
035be5bf-adbf-4590-8968-43093fcb3647,39,1.301300,4,0.970890,0.563973,0.7375
035be5bf-adbf-4590-8968-43093fcb3647,39,1.301300,5,0.448660,0.354125,0.7592
035be5bf-adbf-4590-8968-43093fcb3647,39,1.301300,6,0.496548,0.351938,0.5116
035be5bf-adbf-4590-8968-43093fcb3647,39,1.301300,7,0.946103,0.391595,0.4451
035be5bf-adbf-4590-8968-43093fcb3647,40,1.334667,1,0.573831,0.469512,0.9122
035be5bf-adbf-4590-8968-43093fcb3647,40,1.334667,3,0.710304,0.510296,0.8212
035be5bf-adbf-4590-8968-43093fcb3647,40,1.334667,4,0.973158,0.573630,0.6920
035be5bf-adbf-4590-8968-43093fcb3647,40,1.334667,5,0.447193,0.353355,0.6889
035be5bf-adbf-4590-8968-43093fcb3647,40,1.334667,6,0.495965,0.351562,0.4385
035be5bf-adbf-4590-8968-43093fcb3647,40,1.334667,7,0.948729,0.390983,0.4604
035be5bf-adbf-4590-8968-43093fcb3647,41,1.368033,1,0.573761,0.468954,0.9133
035be5bf-adbf-4590-8968-43093fcb3647,41,1.368033,3,0.711288,0.511542,0.8054
035be5bf-adbf-4590-8968-43093fcb3647,41,1.368033,4,0.976221,0.575636,0.6283
035be5bf-adbf-4590-8968-43093fcb3647,41,1.368033,5,0.446120,0.352526,0.7165
035be5bf-adbf-4590-8968-43093fcb3647,41,1.368033,6,0.496356,0.352193,0.4757
035be5bf-adbf-4590-8968-43093fcb3647,41,1.368033,7,0.951571,0.390588,0.4996
035be5bf-adbf-4590-8968-43093fcb3647,42,1.401400,1,0.573838,0.468662,0.9113
035be5bf-adbf-4590-8968-43093fcb3647,42,1.401400,3,0.711296,0.510134,0.8189
035be5bf-adbf-4590-8968-43093fcb3647,42,1.401400,4,0.970666,0.577636,0.5605
035be5bf-adbf-4590-8968-43093fcb3647,42,1.401400,5,0.445240,0.352134,0.7281
035be5bf-adbf-4590-8968-43093fcb3647,42,1.401400,6,0.497579,0.351687,0.5088
035be5bf-adbf-4590-8968-43093fcb3647,42,1.401400,7,0.953163,0.389697,0.6415
035be5bf-adbf-4590-8968-43093fcb3647,42,1.401400,8,0.479460,0.348963,0.4455
035be5bf-adbf-4590-8968-43093fcb3647,43,1.434767,1,0.574205,0.468456,0.9097
035be5bf-adbf-4590-8968-43093fcb3647,43,1.434767,3,0.712442,0.511547,0.8154
035be5bf-adbf-4590-8968-43093fcb3647,43,1.434767,4,0.980466,0.588003,0.2716
035be5bf-adbf-4590-8968-43093fcb3647,43,1.434767,5,0.444085,0.352126,0.7304
035be5bf-adbf-4590-8968-43093fcb3647,43,1.434767,6,0.498432,0.351706,0.4860
035be5bf-adbf-4590-8968-43093fcb3647,43,1.434767,7,0.956063,0.389794,0.6473
035be5bf-adbf-4590-8968-43093fcb3647,43,1.434767,8,0.479639,0.350121,0.5032
035be5bf-adbf-4590-8968-43093fcb3647,44,1.468133,1,0.574392,0.470396,0.9132
035be5bf-adbf-4590-8968-43093fcb3647,44,1.468133,3,0.712535,0.512476,0.8168
035be5bf-adbf-4590-8968-43093fcb3647,44,1.468133,4,0.971256,0.564687,0.2197
035be5bf-adbf-4590-8968-43093fcb3647,44,1.468133,5,0.443597,0.353457,0.7412
035be5bf-adbf-4590-8968-43093fcb3647,44,1.468133,6,0.497244,0.351700,0.4043
035be5bf-adbf-4590-8968-43093fcb3647,44,1.468133,7,0.957539,0.389379,0.6439
035be5bf-adbf-4590-8968-43093fcb3647,44,1.468133,8,0.479663,0.348813,0.4442
035be5bf-adbf-4590-8968-43093fcb3647,44,1.468133,9,0.974659,0.429656,0.4555
035be5bf-adbf-4590-8968-43093fcb3647,45,1.501500,1,0.574524,0.471276,0.9137
035be5bf-adbf-4590-8968-43093fcb3647,45,1.501500,3,0.712691,0.515098,0.7995
035be5bf-adbf-4590-8968-43093fcb3647,45,1.501500,4,0.972431,0.555010,0.2941
035be5bf-adbf-4590-8968-43093fcb3647,45,1.501500,5,0.442370,0.356510,0.7278
035be5bf-adbf-4590-8968-43093fcb3647,45,1.501500,6,0.495663,0.354023,0.3360
035be5bf-adbf-4590-8968-43093fcb3647,45,1.501500,7,0.958180,0.391012,0.5926
035be5bf-adbf-4590-8968-43093fcb3647,45,1.501500,8,0.479357,0.350250,0.2657
035be5bf-adbf-4590-8968-43093fcb3647,45,1.501500,9,0.983957,0.384696,0.4161
035be5bf-adbf-4590-8968-43093fcb3647,46,1.534867,1,0.573595,0.472726,0.9094
035be5bf-adbf-4590-8968-43093fcb3647,46,1.534867,3,0.713729,0.516010,0.7861
035be5bf-adbf-4590-8968-43093fcb3647,46,1.534867,4,0.975198,0.539391,0.1763
035be5bf-adbf-4590-8968-43093fcb3647,46,1.534867,5,0.441906,0.356451,0.6178
035be5bf-adbf-4590-8968-43093fcb3647,46,1.534867,6,0.494517,0.358053,0.3321
035be5bf-adbf-4590-8968-43093fcb3647,46,1.534867,7,0.960077,0.394143,0.4396
035be5bf-adbf-4590-8968-43093fcb3647,46,1.534867,8,0.478739,0.350733,0.2290
035be5bf-adbf-4590-8968-43093fcb3647,46,1.534867,9,0.980944,0.397840,0.4061
035be5bf-adbf-4590-8968-43093fcb3647,47,1.568233,1,0.573525,0.473673,0.9120
035be5bf-adbf-4590-8968-43093fcb3647,47,1.568233,3,0.713964,0.518010,0.7857
035be5bf-adbf-4590-8968-43093fcb3647,47,1.568233,4,0.974821,0.437467,0.3741
035be5bf-adbf-4590-8968-43093fcb3647,47,1.568233,5,0.440428,0.358565,0.5535
035be5bf-adbf-4590-8968-43093fcb3647,47,1.568233,6,0.492284,0.358975,0.3774
035be5bf-adbf-4590-8968-43093fcb3647,47,1.568233,8,0.479175,0.349914,0.2068
035be5bf-adbf-4590-8968-43093fcb3647,47,1.568233,9,0.972373,0.397743,0.2741
035be5bf-adbf-4590-8968-43093fcb3647,48,1.601600,1,0.573373,0.475791,0.9144
035be5bf-adbf-4590-8968-43093fcb3647,48,1.601600,3,0.714718,0.519911,0.7960
035be5bf-adbf-4590-8968-43093fcb3647,48,1.601600,4,0.975944,0.430133,0.4187
035be5bf-adbf-4590-8968-43093fcb3647,48,1.601600,5,0.439775,0.357891,0.6730
035be5bf-adbf-4590-8968-43093fcb3647,48,1.601600,6,0.493526,0.355765,0.2834
035be5bf-adbf-4590-8968-43093fcb3647,48,1.601600,7,0.968135,0.397641,0.2418
035be5bf-adbf-4590-8968-43093fcb3647,48,1.601600,8,0.482839,0.353719,0.3996
035be5bf-adbf-4590-8968-43093fcb3647,49,1.634967,1,0.573172,0.477009,0.9152
035be5bf-adbf-4590-8968-43093fcb3647,49,1.634967,3,0.715422,0.519778,0.7980
035be5bf-adbf-4590-8968-43093fcb3647,49,1.634967,4,0.978199,0.457909,0.4300
035be5bf-adbf-4590-8968-43093fcb3647,49,1.634967,5,0.437934,0.357934,0.6988
035be5bf-adbf-4590-8968-43093fcb3647,49,1.634967,6,0.492185,0.354811,0.3837
035be5bf-adbf-4590-8968-43093fcb3647,49,1.634967,7,0.971490,0.401316,0.4287
035be5bf-adbf-4590-8968-43093fcb3647,49,1.634967,8,0.481525,0.354239,0.4552
035be5bf-adbf-4590-8968-43093fcb3647,50,1.668333,1,0.572112,0.479106,0.9164
035be5bf-adbf-4590-8968-43093fcb3647,50,1.668333,3,0.715509,0.520091,0.7870
035be5bf-adbf-4590-8968-43093fcb3647,50,1.668333,4,0.978697,0.456688,0.4952
035be5bf-adbf-4590-8968-43093fcb3647,50,1.668333,5,0.436250,0.356710,0.6607
035be5bf-adbf-4590-8968-43093fcb3647,50,1.668333,6,0.487364,0.354792,0.4044
035be5bf-adbf-4590-8968-43093fcb3647,50,1.668333,7,0.970259,0.399228,0.4762
035be5bf-adbf-4590-8968-43093fcb3647,50,1.668333,8,0.477130,0.353229,0.4819
035be5bf-adbf-4590-8968-43093fcb3647,51,1.701700,1,0.570810,0.479034,0.9219
035be5bf-adbf-4590-8968-43093fcb3647,51,1.701700,3,0.715165,0.520127,0.7946
035be5bf-adbf-4590-8968-43093fcb3647,51,1.701700,4,0.979283,0.456905,0.3913
035be5bf-adbf-4590-8968-43093fcb3647,51,1.701700,5,0.435154,0.356636,0.7811
035be5bf-adbf-4590-8968-43093fcb3647,51,1.701700,6,0.485549,0.354682,0.2796
035be5bf-adbf-4590-8968-43093fcb3647,51,1.701700,7,0.969001,0.401246,0.4667
035be5bf-adbf-4590-8968-43093fcb3647,51,1.701700,8,0.476021,0.354131,0.3986
035be5bf-adbf-4590-8968-43093fcb3647,52,1.735067,1,0.570171,0.480418,0.9214
035be5bf-adbf-4590-8968-43093fcb3647,52,1.735067,3,0.715246,0.521013,0.7955
035be5bf-adbf-4590-8968-43093fcb3647,52,1.735067,4,0.979890,0.459815,0.1454
035be5bf-adbf-4590-8968-43093fcb3647,52,1.735067,5,0.433514,0.356577,0.8153
035be5bf-adbf-4590-8968-43093fcb3647,52,1.735067,6,0.493491,0.354063,0.2970
035be5bf-adbf-4590-8968-43093fcb3647,52,1.735067,7,0.965211,0.420002,0.2253
035be5bf-adbf-4590-8968-43093fcb3647,52,1.735067,8,0.474513,0.354455,0.1597
035be5bf-adbf-4590-8968-43093fcb3647,53,1.768433,1,0.569162,0.482019,0.9243
035be5bf-adbf-4590-8968-43093fcb3647,53,1.768433,3,0.715065,0.521651,0.7886
035be5bf-adbf-4590-8968-43093fcb3647,53,1.768433,5,0.431706,0.355680,0.8049
035be5bf-adbf-4590-8968-43093fcb3647,53,1.768433,6,0.493147,0.353626,0.3491
035be5bf-adbf-4590-8968-43093fcb3647,53,1.768433,7,0.963133,0.415102,0.5373
035be5bf-adbf-4590-8968-43093fcb3647,53,1.768433,8,0.474244,0.354833,0.1780
035be5bf-adbf-4590-8968-43093fcb3647,54,1.801800,1,0.568099,0.482959,0.9210
035be5bf-adbf-4590-8968-43093fcb3647,54,1.801800,3,0.714436,0.521472,0.7425
035be5bf-adbf-4590-8968-43093fcb3647,54,1.801800,4,0.982833,0.448561,0.1509
035be5bf-adbf-4590-8968-43093fcb3647,54,1.801800,5,0.429445,0.356561,0.7769
035be5bf-adbf-4590-8968-43093fcb3647,54,1.801800,6,0.492142,0.368820,0.2794
035be5bf-adbf-4590-8968-43093fcb3647,54,1.801800,7,0.960904,0.414752,0.6176
035be5bf-adbf-4590-8968-43093fcb3647,54,1.801800,8,0.472301,0.355295,0.1947
035be5bf-adbf-4590-8968-43093fcb3647,55,1.835167,1,0.567124,0.483861,0.9188
035be5bf-adbf-4590-8968-43093fcb3647,55,1.835167,3,0.713794,0.521618,0.7699
035be5bf-adbf-4590-8968-43093fcb3647,55,1.835167,4,0.979407,0.448605,0.1954
035be5bf-adbf-4590-8968-43093fcb3647,55,1.835167,5,0.426900,0.358406,0.7411
035be5bf-adbf-4590-8968-43093fcb3647,55,1.835167,6,0.491031,0.352211,0.1215
035be5bf-adbf-4590-8968-43093fcb3647,55,1.835167,7,0.959057,0.414904,0.6476
035be5bf-adbf-4590-8968-43093fcb3647,56,1.868533,1,0.565751,0.482627,0.9175
035be5bf-adbf-4590-8968-43093fcb3647,56,1.868533,3,0.713635,0.522534,0.8031
035be5bf-adbf-4590-8968-43093fcb3647,56,1.868533,4,0.980306,0.453995,0.3420
035be5bf-adbf-4590-8968-43093fcb3647,56,1.868533,5,0.424760,0.356132,0.7473
035be5bf-adbf-4590-8968-43093fcb3647,56,1.868533,6,0.489974,0.366621,0.1799
035be5bf-adbf-4590-8968-43093fcb3647,56,1.868533,7,0.956162,0.421308,0.5846
035be5bf-adbf-4590-8968-43093fcb3647,56,1.868533,8,0.471575,0.353029,0.1344
035be5bf-adbf-4590-8968-43093fcb3647,57,1.901900,1,0.564919,0.485204,0.9186
035be5bf-adbf-4590-8968-43093fcb3647,57,1.901900,3,0.712939,0.522351,0.7802
035be5bf-adbf-4590-8968-43093fcb3647,57,1.901900,4,0.980794,0.450861,0.2552
035be5bf-adbf-4590-8968-43093fcb3647,57,1.901900,5,0.423624,0.354187,0.7682
035be5bf-adbf-4590-8968-43093fcb3647,57,1.901900,6,0.487986,0.354443,0.3305
035be5bf-adbf-4590-8968-43093fcb3647,57,1.901900,7,0.952681,0.423516,0.5054
035be5bf-adbf-4590-8968-43093fcb3647,57,1.901900,8,0.469588,0.355151,0.1749
035be5bf-adbf-4590-8968-43093fcb3647,58,1.935267,1,0.562809,0.483053,0.9152
035be5bf-adbf-4590-8968-43093fcb3647,58,1.935267,3,0.712651,0.522590,0.7746
035be5bf-adbf-4590-8968-43093fcb3647,58,1.935267,4,0.979162,0.401746,0.4272
035be5bf-adbf-4590-8968-43093fcb3647,58,1.935267,5,0.421421,0.352135,0.8012
035be5bf-adbf-4590-8968-43093fcb3647,58,1.935267,6,0.488641,0.354821,0.3246
035be5bf-adbf-4590-8968-43093fcb3647,58,1.935267,7,0.947588,0.423552,0.5768
035be5bf-adbf-4590-8968-43093fcb3647,58,1.935267,8,0.468182,0.353267,0.3785
035be5bf-adbf-4590-8968-43093fcb3647,59,1.968633,1,0.561197,0.481116,0.9148
035be5bf-adbf-4590-8968-43093fcb3647,59,1.968633,3,0.712702,0.522944,0.7990
035be5bf-adbf-4590-8968-43093fcb3647,59,1.968633,4,0.978952,0.400260,0.4455
035be5bf-adbf-4590-8968-43093fcb3647,59,1.968633,5,0.416988,0.351544,0.7604
035be5bf-adbf-4590-8968-43093fcb3647,59,1.968633,6,0.486336,0.350147,0.3735
035be5bf-adbf-4590-8968-43093fcb3647,59,1.968633,7,0.943292,0.424659,0.6891
035be5bf-adbf-4590-8968-43093fcb3647,59,1.968633,8,0.466594,0.350819,0.4701
035be5bf-adbf-4590-8968-43093fcb3647,60,2.002000,1,0.559739,0.479392,0.9204
035be5bf-adbf-4590-8968-43093fcb3647,60,2.002000,3,0.712216,0.521882,0.7820
035be5bf-adbf-4590-8968-43093fcb3647,60,2.002000,4,0.980125,0.404032,0.4758
035be5bf-adbf-4590-8968-43093fcb3647,60,2.002000,5,0.413954,0.354662,0.7353
035be5bf-adbf-4590-8968-43093fcb3647,60,2.002000,6,0.485066,0.352093,0.1878
035be5bf-adbf-4590-8968-43093fcb3647,60,2.002000,7,0.941621,0.424987,0.6857
035be5bf-adbf-4590-8968-43093fcb3647,60,2.002000,8,0.466640,0.352324,0.5049
035be5bf-adbf-4590-8968-43093fcb3647,61,2.035367,1,0.557017,0.480191,0.9159
035be5bf-adbf-4590-8968-43093fcb3647,61,2.035367,3,0.711589,0.523060,0.8022
035be5bf-adbf-4590-8968-43093fcb3647,61,2.035367,4,0.978546,0.400360,0.3994
035be5bf-adbf-4590-8968-43093fcb3647,61,2.035367,5,0.411115,0.355286,0.7376
035be5bf-adbf-4590-8968-43093fcb3647,61,2.035367,6,0.485609,0.349731,0.1894
035be5bf-adbf-4590-8968-43093fcb3647,61,2.035367,7,0.937765,0.428059,0.6752
035be5bf-adbf-4590-8968-43093fcb3647,61,2.035367,8,0.465316,0.352374,0.6368
035be5bf-adbf-4590-8968-43093fcb3647,62,2.068733,1,0.554630,0.478979,0.9146
035be5bf-adbf-4590-8968-43093fcb3647,62,2.068733,3,0.711300,0.522966,0.8140
035be5bf-adbf-4590-8968-43093fcb3647,62,2.068733,4,0.978048,0.399791,0.2871
035be5bf-adbf-4590-8968-43093fcb3647,62,2.068733,5,0.408940,0.355298,0.6754
035be5bf-adbf-4590-8968-43093fcb3647,62,2.068733,6,0.482768,0.349042,0.1372
035be5bf-adbf-4590-8968-43093fcb3647,62,2.068733,7,0.938785,0.426053,0.6749
035be5bf-adbf-4590-8968-43093fcb3647,62,2.068733,8,0.464019,0.351193,0.6511
035be5bf-adbf-4590-8968-43093fcb3647,63,2.102100,1,0.552728,0.480528,0.9152
035be5bf-adbf-4590-8968-43093fcb3647,63,2.102100,3,0.710722,0.523476,0.8083
035be5bf-adbf-4590-8968-43093fcb3647,63,2.102100,4,0.978741,0.396771,0.2880
035be5bf-adbf-4590-8968-43093fcb3647,63,2.102100,5,0.406207,0.356518,0.7231
035be5bf-adbf-4590-8968-43093fcb3647,63,2.102100,7,0.938075,0.426518,0.7082
035be5bf-adbf-4590-8968-43093fcb3647,63,2.102100,8,0.462086,0.352555,0.5839
035be5bf-adbf-4590-8968-43093fcb3647,64,2.135467,1,0.550828,0.484802,0.9127
035be5bf-adbf-4590-8968-43093fcb3647,64,2.135467,3,0.708830,0.524557,0.8129
035be5bf-adbf-4590-8968-43093fcb3647,64,2.135467,4,0.980701,0.450477,0.4319
035be5bf-adbf-4590-8968-43093fcb3647,64,2.135467,5,0.402978,0.356371,0.7437
035be5bf-adbf-4590-8968-43093fcb3647,64,2.135467,6,0.483489,0.351430,0.4695
035be5bf-adbf-4590-8968-43093fcb3647,64,2.135467,7,0.936067,0.429355,0.6628
035be5bf-adbf-4590-8968-43093fcb3647,64,2.135467,8,0.459677,0.353317,0.5682
035be5bf-adbf-4590-8968-43093fcb3647,65,2.168833,1,0.548897,0.483042,0.9137
035be5bf-adbf-4590-8968-43093fcb3647,65,2.168833,3,0.706407,0.526458,0.7854
035be5bf-adbf-4590-8968-43093fcb3647,65,2.168833,4,0.980443,0.450766,0.5198
035be5bf-adbf-4590-8968-43093fcb3647,65,2.168833,5,0.399899,0.356753,0.6742
035be5bf-adbf-4590-8968-43093fcb3647,65,2.168833,6,0.484086,0.355155,0.3196
035be5bf-adbf-4590-8968-43093fcb3647,65,2.168833,7,0.935191,0.430773,0.6994
035be5bf-adbf-4590-8968-43093fcb3647,65,2.168833,8,0.457824,0.354949,0.5079
035be5bf-adbf-4590-8968-43093fcb3647,66,2.202200,1,0.546892,0.485584,0.9171
035be5bf-adbf-4590-8968-43093fcb3647,66,2.202200,3,0.705243,0.528450,0.7851
035be5bf-adbf-4590-8968-43093fcb3647,66,2.202200,4,0.980503,0.451274,0.5876
035be5bf-adbf-4590-8968-43093fcb3647,66,2.202200,5,0.398154,0.358716,0.7171
035be5bf-adbf-4590-8968-43093fcb3647,66,2.202200,7,0.934639,0.432486,0.7190
035be5bf-adbf-4590-8968-43093fcb3647,66,2.202200,8,0.458407,0.354938,0.4312
035be5bf-adbf-4590-8968-43093fcb3647,67,2.235567,1,0.545361,0.483456,0.9215
035be5bf-adbf-4590-8968-43093fcb3647,67,2.235567,3,0.704993,0.532867,0.7572
035be5bf-adbf-4590-8968-43093fcb3647,67,2.235567,4,0.980364,0.447330,0.6208
035be5bf-adbf-4590-8968-43093fcb3647,67,2.235567,5,0.404930,0.360427,0.6433
035be5bf-adbf-4590-8968-43093fcb3647,67,2.235567,6,0.465466,0.377045,0.1623
035be5bf-adbf-4590-8968-43093fcb3647,67,2.235567,7,0.932530,0.433347,0.7682
035be5bf-adbf-4590-8968-43093fcb3647,67,2.235567,8,0.456493,0.357054,0.3198
035be5bf-adbf-4590-8968-43093fcb3647,68,2.268933,1,0.543830,0.484094,0.9212
035be5bf-adbf-4590-8968-43093fcb3647,68,2.268933,3,0.704332,0.534730,0.7120
035be5bf-adbf-4590-8968-43093fcb3647,68,2.268933,4,0.980508,0.443364,0.6443
035be5bf-adbf-4590-8968-43093fcb3647,68,2.268933,5,0.408489,0.361735,0.6986
035be5bf-adbf-4590-8968-43093fcb3647,68,2.268933,6,0.458327,0.357555,0.3028
035be5bf-adbf-4590-8968-43093fcb3647,68,2.268933,7,0.931414,0.432011,0.7362
035be5bf-adbf-4590-8968-43093fcb3647,68,2.268933,8,0.447854,0.379070,0.3646
035be5bf-adbf-4590-8968-43093fcb3647,69,2.302300,1,0.542129,0.487347,0.9202
035be5bf-adbf-4590-8968-43093fcb3647,69,2.302300,3,0.703527,0.534944,0.7640
035be5bf-adbf-4590-8968-43093fcb3647,69,2.302300,4,0.981200,0.449497,0.6183
035be5bf-adbf-4590-8968-43093fcb3647,69,2.302300,5,0.405785,0.363824,0.4040
035be5bf-adbf-4590-8968-43093fcb3647,69,2.302300,6,0.476874,0.358888,0.1418
035be5bf-adbf-4590-8968-43093fcb3647,69,2.302300,7,0.929971,0.434725,0.6759
035be5bf-adbf-4590-8968-43093fcb3647,69,2.302300,8,0.459224,0.359734,0.4069
035be5bf-adbf-4590-8968-43093fcb3647,70,2.335667,1,0.540164,0.491574,0.9172
035be5bf-adbf-4590-8968-43093fcb3647,70,2.335667,3,0.702251,0.538122,0.7506
035be5bf-adbf-4590-8968-43093fcb3647,70,2.335667,4,0.981052,0.444566,0.6520
035be5bf-adbf-4590-8968-43093fcb3647,70,2.335667,5,0.406214,0.361938,0.4709
035be5bf-adbf-4590-8968-43093fcb3647,70,2.335667,6,0.476197,0.357332,0.3096
035be5bf-adbf-4590-8968-43093fcb3647,70,2.335667,7,0.926579,0.434058,0.7150
035be5bf-adbf-4590-8968-43093fcb3647,70,2.335667,8,0.441585,0.378060,0.5315
035be5bf-adbf-4590-8968-43093fcb3647,71,2.369033,1,0.539336,0.495402,0.9161
035be5bf-adbf-4590-8968-43093fcb3647,71,2.369033,3,0.702712,0.537602,0.7787
035be5bf-adbf-4590-8968-43093fcb3647,71,2.369033,4,0.981583,0.440892,0.6256
035be5bf-adbf-4590-8968-43093fcb3647,71,2.369033,5,0.402222,0.362840,0.2724
035be5bf-adbf-4590-8968-43093fcb3647,71,2.369033,6,0.456575,0.365736,0.3712
035be5bf-adbf-4590-8968-43093fcb3647,71,2.369033,7,0.922407,0.434040,0.7488
035be5bf-adbf-4590-8968-43093fcb3647,71,2.369033,8,0.440535,0.377760,0.5747
035be5bf-adbf-4590-8968-43093fcb3647,72,2.402400,1,0.537915,0.496097,0.9163
035be5bf-adbf-4590-8968-43093fcb3647,72,2.402400,3,0.702097,0.538165,0.8001
035be5bf-adbf-4590-8968-43093fcb3647,72,2.402400,4,0.982083,0.433801,0.6066
035be5bf-adbf-4590-8968-43093fcb3647,72,2.402400,5,0.399425,0.360219,0.4385
035be5bf-adbf-4590-8968-43093fcb3647,72,2.402400,6,0.455452,0.358805,0.2388
035be5bf-adbf-4590-8968-43093fcb3647,72,2.402400,7,0.919784,0.433355,0.7322
035be5bf-adbf-4590-8968-43093fcb3647,72,2.402400,8,0.439394,0.378766,0.2429
035be5bf-adbf-4590-8968-43093fcb3647,73,2.435767,1,0.537260,0.496196,0.9175
035be5bf-adbf-4590-8968-43093fcb3647,73,2.435767,3,0.702077,0.540161,0.8087
035be5bf-adbf-4590-8968-43093fcb3647,73,2.435767,4,0.982793,0.422170,0.6241
035be5bf-adbf-4590-8968-43093fcb3647,73,2.435767,5,0.397234,0.364484,0.5435
035be5bf-adbf-4590-8968-43093fcb3647,73,2.435767,6,0.455251,0.355473,0.2574
035be5bf-adbf-4590-8968-43093fcb3647,73,2.435767,7,0.913547,0.427285,0.7211
035be5bf-adbf-4590-8968-43093fcb3647,73,2.435767,8,0.438068,0.378342,0.2169
035be5bf-adbf-4590-8968-43093fcb3647,74,2.469133,1,0.536648,0.496375,0.9170
035be5bf-adbf-4590-8968-43093fcb3647,74,2.469133,3,0.702314,0.539863,0.8027
035be5bf-adbf-4590-8968-43093fcb3647,74,2.469133,4,0.981437,0.419902,0.7002
035be5bf-adbf-4590-8968-43093fcb3647,74,2.469133,5,0.396231,0.363622,0.5177
035be5bf-adbf-4590-8968-43093fcb3647,74,2.469133,6,0.455009,0.356047,0.3226
035be5bf-adbf-4590-8968-43093fcb3647,74,2.469133,7,0.908530,0.426684,0.6950
035be5bf-adbf-4590-8968-43093fcb3647,75,2.502500,1,0.535789,0.496212,0.9147
035be5bf-adbf-4590-8968-43093fcb3647,75,2.502500,3,0.702803,0.539721,0.7965
035be5bf-adbf-4590-8968-43093fcb3647,75,2.502500,4,0.979834,0.417287,0.7330
035be5bf-adbf-4590-8968-43093fcb3647,75,2.502500,5,0.397076,0.362879,0.4364
035be5bf-adbf-4590-8968-43093fcb3647,75,2.502500,6,0.455432,0.356272,0.2303
035be5bf-adbf-4590-8968-43093fcb3647,75,2.502500,7,0.906067,0.423399,0.7284
035be5bf-adbf-4590-8968-43093fcb3647,76,2.535867,1,0.534795,0.494260,0.9166
035be5bf-adbf-4590-8968-43093fcb3647,76,2.535867,3,0.702966,0.539342,0.8035
035be5bf-adbf-4590-8968-43093fcb3647,76,2.535867,4,0.978337,0.407796,0.6861
035be5bf-adbf-4590-8968-43093fcb3647,76,2.535867,5,0.394141,0.358293,0.5718
035be5bf-adbf-4590-8968-43093fcb3647,76,2.535867,7,0.904138,0.432284,0.7664
035be5bf-adbf-4590-8968-43093fcb3647,77,2.569233,1,0.534072,0.494175,0.9162
035be5bf-adbf-4590-8968-43093fcb3647,77,2.569233,3,0.703215,0.538636,0.7982
035be5bf-adbf-4590-8968-43093fcb3647,77,2.569233,4,0.976633,0.402984,0.7242
035be5bf-adbf-4590-8968-43093fcb3647,77,2.569233,5,0.389720,0.358266,0.5967
035be5bf-adbf-4590-8968-43093fcb3647,77,2.569233,6,0.450217,0.361250,0.2500
035be5bf-adbf-4590-8968-43093fcb3647,77,2.569233,7,0.902273,0.434335,0.7867
035be5bf-adbf-4590-8968-43093fcb3647,78,2.602600,1,0.533868,0.492711,0.9145
035be5bf-adbf-4590-8968-43093fcb3647,78,2.602600,3,0.702965,0.540424,0.7751
035be5bf-adbf-4590-8968-43093fcb3647,78,2.602600,4,0.973784,0.411809,0.7777
035be5bf-adbf-4590-8968-43093fcb3647,78,2.602600,5,0.387586,0.358451,0.5383
035be5bf-adbf-4590-8968-43093fcb3647,78,2.602600,6,0.449811,0.363109,0.1225
035be5bf-adbf-4590-8968-43093fcb3647,78,2.602600,7,0.902732,0.430526,0.7535
035be5bf-adbf-4590-8968-43093fcb3647,79,2.635967,1,0.533832,0.491549,0.9152
035be5bf-adbf-4590-8968-43093fcb3647,79,2.635967,3,0.702837,0.544855,0.7762
035be5bf-adbf-4590-8968-43093fcb3647,79,2.635967,4,0.972505,0.414587,0.8082
035be5bf-adbf-4590-8968-43093fcb3647,79,2.635967,5,0.388170,0.355556,0.3009
035be5bf-adbf-4590-8968-43093fcb3647,79,2.635967,7,0.900703,0.426646,0.7459
035be5bf-adbf-4590-8968-43093fcb3647,80,2.669333,1,0.533567,0.490425,0.9182
035be5bf-adbf-4590-8968-43093fcb3647,80,2.669333,3,0.704406,0.540002,0.7975
035be5bf-adbf-4590-8968-43093fcb3647,80,2.669333,4,0.969917,0.416069,0.8101
035be5bf-adbf-4590-8968-43093fcb3647,80,2.669333,5,0.387264,0.355912,0.2962
035be5bf-adbf-4590-8968-43093fcb3647,80,2.669333,6,0.447844,0.363518,0.1316
035be5bf-adbf-4590-8968-43093fcb3647,80,2.669333,7,0.898422,0.424510,0.7229
035be5bf-adbf-4590-8968-43093fcb3647,81,2.702700,1,0.533656,0.490506,0.9202
035be5bf-adbf-4590-8968-43093fcb3647,81,2.702700,3,0.704554,0.540707,0.7870
035be5bf-adbf-4590-8968-43093fcb3647,81,2.702700,4,0.967737,0.416487,0.8103
035be5bf-adbf-4590-8968-43093fcb3647,81,2.702700,5,0.387472,0.353703,0.6693
035be5bf-adbf-4590-8968-43093fcb3647,81,2.702700,6,0.447575,0.352569,0.1387
035be5bf-adbf-4590-8968-43093fcb3647,81,2.702700,7,0.895629,0.424273,0.7532
035be5bf-adbf-4590-8968-43093fcb3647,82,2.736067,1,0.533669,0.490641,0.9211
035be5bf-adbf-4590-8968-43093fcb3647,82,2.736067,3,0.704998,0.541542,0.7757
035be5bf-adbf-4590-8968-43093fcb3647,82,2.736067,4,0.964419,0.417504,0.8244
035be5bf-adbf-4590-8968-43093fcb3647,82,2.736067,5,0.387080,0.352539,0.6704
035be5bf-adbf-4590-8968-43093fcb3647,82,2.736067,6,0.446689,0.355182,0.1695
035be5bf-adbf-4590-8968-43093fcb3647,82,2.736067,7,0.894066,0.425464,0.7616
035be5bf-adbf-4590-8968-43093fcb3647,83,2.769433,1,0.532744,0.490849,0.9227
035be5bf-adbf-4590-8968-43093fcb3647,83,2.769433,3,0.706071,0.540634,0.8084
035be5bf-adbf-4590-8968-43093fcb3647,83,2.769433,4,0.960763,0.418598,0.8077
035be5bf-adbf-4590-8968-43093fcb3647,83,2.769433,5,0.386214,0.351880,0.6964
035be5bf-adbf-4590-8968-43093fcb3647,83,2.769433,6,0.446251,0.353219,0.2670
035be5bf-adbf-4590-8968-43093fcb3647,83,2.769433,7,0.892112,0.429384,0.7596
035be5bf-adbf-4590-8968-43093fcb3647,84,2.802800,1,0.532191,0.494391,0.9234
035be5bf-adbf-4590-8968-43093fcb3647,84,2.802800,3,0.706753,0.542085,0.8323
035be5bf-adbf-4590-8968-43093fcb3647,84,2.802800,4,0.958065,0.417750,0.8053
035be5bf-adbf-4590-8968-43093fcb3647,84,2.802800,5,0.382908,0.352688,0.7613
035be5bf-adbf-4590-8968-43093fcb3647,84,2.802800,6,0.445473,0.358678,0.2546
035be5bf-adbf-4590-8968-43093fcb3647,84,2.802800,7,0.893752,0.429001,0.7867
035be5bf-adbf-4590-8968-43093fcb3647,85,2.836167,1,0.531315,0.494873,0.9229
035be5bf-adbf-4590-8968-43093fcb3647,85,2.836167,3,0.706880,0.543374,0.8274
035be5bf-adbf-4590-8968-43093fcb3647,85,2.836167,4,0.955932,0.415567,0.8222
035be5bf-adbf-4590-8968-43093fcb3647,85,2.836167,5,0.381152,0.352988,0.7302
035be5bf-adbf-4590-8968-43093fcb3647,85,2.836167,6,0.447973,0.357655,0.2004
035be5bf-adbf-4590-8968-43093fcb3647,85,2.836167,7,0.889986,0.431183,0.8029
035be5bf-adbf-4590-8968-43093fcb3647,85,2.836167,8,0.425676,0.380281,0.1544
035be5bf-adbf-4590-8968-43093fcb3647,86,2.869533,1,0.531220,0.498723,0.9201
035be5bf-adbf-4590-8968-43093fcb3647,86,2.869533,3,0.706981,0.545130,0.8253
035be5bf-adbf-4590-8968-43093fcb3647,86,2.869533,4,0.952157,0.417118,0.8343
035be5bf-adbf-4590-8968-43093fcb3647,86,2.869533,5,0.380064,0.353586,0.7592
035be5bf-adbf-4590-8968-43093fcb3647,86,2.869533,6,0.445669,0.362478,0.3088
035be5bf-adbf-4590-8968-43093fcb3647,86,2.869533,7,0.890313,0.431496,0.7707
035be5bf-adbf-4590-8968-43093fcb3647,87,2.902900,1,0.530615,0.498701,0.9209
035be5bf-adbf-4590-8968-43093fcb3647,87,2.902900,3,0.707171,0.544400,0.8298
035be5bf-adbf-4590-8968-43093fcb3647,87,2.902900,4,0.948565,0.419044,0.8131
035be5bf-adbf-4590-8968-43093fcb3647,87,2.902900,5,0.379325,0.354131,0.7716
035be5bf-adbf-4590-8968-43093fcb3647,87,2.902900,6,0.445011,0.359845,0.2387
035be5bf-adbf-4590-8968-43093fcb3647,87,2.902900,7,0.886357,0.433621,0.7645
035be5bf-adbf-4590-8968-43093fcb3647,87,2.902900,8,0.430516,0.375106,0.1254
035be5bf-adbf-4590-8968-43093fcb3647,88,2.936267,1,0.529548,0.502136,0.9220
035be5bf-adbf-4590-8968-43093fcb3647,88,2.936267,3,0.707086,0.545606,0.8264
035be5bf-adbf-4590-8968-43093fcb3647,88,2.936267,4,0.945804,0.420292,0.8077
035be5bf-adbf-4590-8968-43093fcb3647,88,2.936267,5,0.378862,0.355222,0.7825
035be5bf-adbf-4590-8968-43093fcb3647,88,2.936267,6,0.439331,0.368781,0.2558
035be5bf-adbf-4590-8968-43093fcb3647,88,2.936267,7,0.884395,0.435945,0.7110
035be5bf-adbf-4590-8968-43093fcb3647,89,2.969633,1,0.528709,0.503022,0.9225
035be5bf-adbf-4590-8968-43093fcb3647,89,2.969633,3,0.707185,0.547309,0.8201
035be5bf-adbf-4590-8968-43093fcb3647,89,2.969633,4,0.943288,0.420376,0.8190
035be5bf-adbf-4590-8968-43093fcb3647,89,2.969633,5,0.375696,0.356034,0.7240
035be5bf-adbf-4590-8968-43093fcb3647,89,2.969633,6,0.441285,0.359903,0.2635
035be5bf-adbf-4590-8968-43093fcb3647,89,2.969633,7,0.882143,0.436825,0.7128
035be5bf-adbf-4590-8968-43093fcb3647,89,2.969633,8,0.436604,0.378518,0.1863
035be5bf-adbf-4590-8968-43093fcb3647,90,3.003000,1,0.526498,0.504786,0.9219
035be5bf-adbf-4590-8968-43093fcb3647,90,3.003000,3,0.706479,0.549518,0.8239
035be5bf-adbf-4590-8968-43093fcb3647,90,3.003000,4,0.935429,0.423677,0.7902
035be5bf-adbf-4590-8968-43093fcb3647,90,3.003000,5,0.372440,0.353957,0.7713
035be5bf-adbf-4590-8968-43093fcb3647,90,3.003000,6,0.436057,0.368441,0.2589
035be5bf-adbf-4590-8968-43093fcb3647,90,3.003000,7,0.878496,0.435617,0.7627
035be5bf-adbf-4590-8968-43093fcb3647,91,3.036367,1,0.524882,0.505924,0.9239
035be5bf-adbf-4590-8968-43093fcb3647,91,3.036367,3,0.705090,0.553680,0.8177
035be5bf-adbf-4590-8968-43093fcb3647,91,3.036367,4,0.931203,0.426155,0.7893
035be5bf-adbf-4590-8968-43093fcb3647,91,3.036367,5,0.370103,0.355371,0.7281
035be5bf-adbf-4590-8968-43093fcb3647,91,3.036367,6,0.440750,0.363488,0.1905
035be5bf-adbf-4590-8968-43093fcb3647,91,3.036367,7,0.876570,0.435730,0.7723
035be5bf-adbf-4590-8968-43093fcb3647,91,3.036367,8,0.432660,0.372345,0.3008
035be5bf-adbf-4590-8968-43093fcb3647,92,3.069733,1,0.522775,0.505384,0.9213
035be5bf-adbf-4590-8968-43093fcb3647,92,3.069733,3,0.705197,0.553761,0.8098
035be5bf-adbf-4590-8968-43093fcb3647,92,3.069733,4,0.929275,0.423526,0.8067
035be5bf-adbf-4590-8968-43093fcb3647,92,3.069733,5,0.370216,0.355376,0.4864
035be5bf-adbf-4590-8968-43093fcb3647,92,3.069733,6,0.433028,0.373107,0.2223
035be5bf-adbf-4590-8968-43093fcb3647,92,3.069733,7,0.873726,0.434946,0.7585
035be5bf-adbf-4590-8968-43093fcb3647,93,3.103100,1,0.521708,0.503911,0.9160
035be5bf-adbf-4590-8968-43093fcb3647,93,3.103100,3,0.703594,0.557769,0.7749
035be5bf-adbf-4590-8968-43093fcb3647,93,3.103100,4,0.924208,0.423385,0.7991
035be5bf-adbf-4590-8968-43093fcb3647,93,3.103100,5,0.364378,0.353064,0.7613
035be5bf-adbf-4590-8968-43093fcb3647,93,3.103100,7,0.868700,0.433320,0.7472
035be5bf-adbf-4590-8968-43093fcb3647,94,3.136467,1,0.519424,0.502876,0.9161
035be5bf-adbf-4590-8968-43093fcb3647,94,3.136467,3,0.703052,0.556286,0.7797
035be5bf-adbf-4590-8968-43093fcb3647,94,3.136467,4,0.913386,0.425280,0.7717
035be5bf-adbf-4590-8968-43093fcb3647,94,3.136467,5,0.361309,0.350779,0.7920
035be5bf-adbf-4590-8968-43093fcb3647,94,3.136467,7,0.865559,0.431346,0.7238
035be5bf-adbf-4590-8968-43093fcb3647,94,3.136467,8,0.422300,0.376126,0.1660
035be5bf-adbf-4590-8968-43093fcb3647,95,3.169833,1,0.516717,0.505302,0.9179
035be5bf-adbf-4590-8968-43093fcb3647,95,3.169833,3,0.702261,0.554275,0.8045
035be5bf-adbf-4590-8968-43093fcb3647,95,3.169833,4,0.914173,0.416343,0.7804
035be5bf-adbf-4590-8968-43093fcb3647,95,3.169833,5,0.356665,0.350875,0.6373
035be5bf-adbf-4590-8968-43093fcb3647,95,3.169833,7,0.862742,0.428204,0.7026
035be5bf-adbf-4590-8968-43093fcb3647,95,3.169833,8,0.405705,0.377753,0.1854
035be5bf-adbf-4590-8968-43093fcb3647,95,3.169833,11,0.980914,0.401685,0.6132
035be5bf-adbf-4590-8968-43093fcb3647,96,3.203200,1,0.513836,0.506757,0.9224
035be5bf-adbf-4590-8968-43093fcb3647,96,3.203200,3,0.701332,0.555186,0.7750
035be5bf-adbf-4590-8968-43093fcb3647,96,3.203200,4,0.907518,0.413441,0.7661
035be5bf-adbf-4590-8968-43093fcb3647,96,3.203200,5,0.353523,0.349962,0.7570
035be5bf-adbf-4590-8968-43093fcb3647,96,3.203200,6,0.417761,0.375125,0.3548
035be5bf-adbf-4590-8968-43093fcb3647,96,3.203200,7,0.857837,0.426725,0.7353
035be5bf-adbf-4590-8968-43093fcb3647,96,3.203200,8,0.399756,0.377319,0.4644
035be5bf-adbf-4590-8968-43093fcb3647,96,3.203200,11,0.980300,0.400997,0.6946
035be5bf-adbf-4590-8968-43093fcb3647,97,3.236567,1,0.511103,0.508668,0.9252
035be5bf-adbf-4590-8968-43093fcb3647,97,3.236567,3,0.700642,0.552649,0.7803
035be5bf-adbf-4590-8968-43093fcb3647,97,3.236567,4,0.903916,0.417312,0.8264
035be5bf-adbf-4590-8968-43093fcb3647,97,3.236567,5,0.354913,0.348228,0.6893
035be5bf-adbf-4590-8968-43093fcb3647,97,3.236567,7,0.854613,0.428000,0.7493
035be5bf-adbf-4590-8968-43093fcb3647,97,3.236567,8,0.398957,0.377430,0.2396
035be5bf-adbf-4590-8968-43093fcb3647,97,3.236567,11,0.978235,0.401496,0.6414
035be5bf-adbf-4590-8968-43093fcb3647,98,3.269933,1,0.508773,0.510551,0.9261
035be5bf-adbf-4590-8968-43093fcb3647,98,3.269933,3,0.699509,0.551614,0.7702
035be5bf-adbf-4590-8968-43093fcb3647,98,3.269933,4,0.897679,0.416345,0.8170
035be5bf-adbf-4590-8968-43093fcb3647,98,3.269933,5,0.362296,0.347165,0.6034
035be5bf-adbf-4590-8968-43093fcb3647,98,3.269933,7,0.850149,0.426323,0.7606
035be5bf-adbf-4590-8968-43093fcb3647,98,3.269933,11,0.976533,0.401726,0.5475
035be5bf-adbf-4590-8968-43093fcb3647,99,3.303300,1,0.505538,0.511981,0.9292
035be5bf-adbf-4590-8968-43093fcb3647,99,3.303300,3,0.697953,0.551081,0.7478
035be5bf-adbf-4590-8968-43093fcb3647,99,3.303300,4,0.892692,0.415741,0.8326
035be5bf-adbf-4590-8968-43093fcb3647,99,3.303300,5,0.356886,0.345776,0.6809
035be5bf-adbf-4590-8968-43093fcb3647,99,3.303300,7,0.848075,0.422267,0.7201
035be5bf-adbf-4590-8968-43093fcb3647,99,3.303300,11,0.974835,0.401597,0.5813
035be5bf-adbf-4590-8968-43093fcb3647,100,3.336667,1,0.501501,0.511168,0.9222
035be5bf-adbf-4590-8968-43093fcb3647,100,3.336667,3,0.696600,0.550027,0.7626
035be5bf-adbf-4590-8968-43093fcb3647,100,3.336667,4,0.889272,0.415619,0.8302
035be5bf-adbf-4590-8968-43093fcb3647,100,3.336667,5,0.353101,0.343066,0.6290
035be5bf-adbf-4590-8968-43093fcb3647,100,3.336667,7,0.845067,0.426701,0.7620
035be5bf-adbf-4590-8968-43093fcb3647,100,3.336667,11,0.973596,0.400345,0.6525
035be5bf-adbf-4590-8968-43093fcb3647,101,3.370033,1,0.498765,0.507103,0.9189
035be5bf-adbf-4590-8968-43093fcb3647,101,3.370033,3,0.695110,0.550172,0.7682
035be5bf-adbf-4590-8968-43093fcb3647,101,3.370033,4,0.883058,0.413271,0.8155
035be5bf-adbf-4590-8968-43093fcb3647,101,3.370033,5,0.348696,0.344575,0.7458
035be5bf-adbf-4590-8968-43093fcb3647,101,3.370033,7,0.841577,0.424902,0.7464
035be5bf-adbf-4590-8968-43093fcb3647,101,3.370033,11,0.971846,0.399127,0.6925
035be5bf-adbf-4590-8968-43093fcb3647,102,3.403400,1,0.495802,0.504777,0.9136
035be5bf-adbf-4590-8968-43093fcb3647,102,3.403400,3,0.694925,0.551620,0.7385
035be5bf-adbf-4590-8968-43093fcb3647,102,3.403400,4,0.877424,0.412591,0.8419
035be5bf-adbf-4590-8968-43093fcb3647,102,3.403400,5,0.345913,0.346406,0.8245
035be5bf-adbf-4590-8968-43093fcb3647,102,3.403400,7,0.837098,0.418306,0.7416
035be5bf-adbf-4590-8968-43093fcb3647,102,3.403400,11,0.969976,0.399253,0.7208
035be5bf-adbf-4590-8968-43093fcb3647,103,3.436767,1,0.491111,0.506997,0.9120
035be5bf-adbf-4590-8968-43093fcb3647,103,3.436767,3,0.693120,0.553894,0.7785
035be5bf-adbf-4590-8968-43093fcb3647,103,3.436767,4,0.872782,0.413350,0.8146
035be5bf-adbf-4590-8968-43093fcb3647,103,3.436767,5,0.338957,0.345082,0.7689
035be5bf-adbf-4590-8968-43093fcb3647,103,3.436767,7,0.835197,0.418801,0.7324
035be5bf-adbf-4590-8968-43093fcb3647,103,3.436767,11,0.967097,0.399660,0.6838
035be5bf-adbf-4590-8968-43093fcb3647,104,3.470133,1,0.489044,0.511328,0.9165
035be5bf-adbf-4590-8968-43093fcb3647,104,3.470133,3,0.692037,0.554938,0.7785
035be5bf-adbf-4590-8968-43093fcb3647,104,3.470133,4,0.869344,0.414124,0.8393
035be5bf-adbf-4590-8968-43093fcb3647,104,3.470133,5,0.334127,0.346079,0.7881
035be5bf-adbf-4590-8968-43093fcb3647,104,3.470133,7,0.832724,0.421032,0.7722
035be5bf-adbf-4590-8968-43093fcb3647,104,3.470133,11,0.966103,0.400005,0.6219
035be5bf-adbf-4590-8968-43093fcb3647,105,3.503500,1,0.485881,0.516496,0.9197
035be5bf-adbf-4590-8968-43093fcb3647,105,3.503500,3,0.691162,0.556023,0.7962
035be5bf-adbf-4590-8968-43093fcb3647,105,3.503500,4,0.866445,0.413854,0.8470
035be5bf-adbf-4590-8968-43093fcb3647,105,3.503500,5,0.330167,0.347953,0.7981
035be5bf-adbf-4590-8968-43093fcb3647,105,3.503500,7,0.829127,0.421862,0.7679
035be5bf-adbf-4590-8968-43093fcb3647,105,3.503500,11,0.966570,0.400958,0.5191
035be5bf-adbf-4590-8968-43093fcb3647,106,3.536867,1,0.482999,0.515105,0.9167
035be5bf-adbf-4590-8968-43093fcb3647,106,3.536867,3,0.689780,0.556843,0.7724
035be5bf-adbf-4590-8968-43093fcb3647,106,3.536867,4,0.862343,0.416559,0.8365
035be5bf-adbf-4590-8968-43093fcb3647,106,3.536867,5,0.323721,0.348545,0.8298
035be5bf-adbf-4590-8968-43093fcb3647,106,3.536867,7,0.827113,0.424029,0.7211
035be5bf-adbf-4590-8968-43093fcb3647,106,3.536867,11,0.966073,0.401623,0.2034
035be5bf-adbf-4590-8968-43093fcb3647,107,3.570233,1,0.480193,0.521487,0.9129
035be5bf-adbf-4590-8968-43093fcb3647,107,3.570233,3,0.689898,0.556947,0.7975
035be5bf-adbf-4590-8968-43093fcb3647,107,3.570233,4,0.857810,0.416711,0.8230
035be5bf-adbf-4590-8968-43093fcb3647,107,3.570233,5,0.320437,0.349370,0.8152
035be5bf-adbf-4590-8968-43093fcb3647,107,3.570233,7,0.820930,0.426265,0.7521
035be5bf-adbf-4590-8968-43093fcb3647,107,3.570233,11,0.964256,0.402042,0.5548
035be5bf-adbf-4590-8968-43093fcb3647,108,3.603600,1,0.478510,0.527320,0.9134
035be5bf-adbf-4590-8968-43093fcb3647,108,3.603600,3,0.689324,0.557557,0.7980
035be5bf-adbf-4590-8968-43093fcb3647,108,3.603600,4,0.854506,0.416931,0.8277
035be5bf-adbf-4590-8968-43093fcb3647,108,3.603600,5,0.318447,0.350579,0.8123
035be5bf-adbf-4590-8968-43093fcb3647,108,3.603600,7,0.818508,0.425747,0.7798
035be5bf-adbf-4590-8968-43093fcb3647,108,3.603600,11,0.963933,0.402303,0.5223
035be5bf-adbf-4590-8968-43093fcb3647,109,3.636967,1,0.476078,0.535588,0.9062
035be5bf-adbf-4590-8968-43093fcb3647,109,3.636967,3,0.688786,0.558161,0.7876
035be5bf-adbf-4590-8968-43093fcb3647,109,3.636967,4,0.849264,0.417920,0.7874
035be5bf-adbf-4590-8968-43093fcb3647,109,3.636967,5,0.314696,0.350858,0.8152
035be5bf-adbf-4590-8968-43093fcb3647,109,3.636967,7,0.815373,0.426893,0.7548
035be5bf-adbf-4590-8968-43093fcb3647,109,3.636967,11,0.963602,0.402157,0.6122
035be5bf-adbf-4590-8968-43093fcb3647,110,3.670333,1,0.473386,0.533552,0.9054
035be5bf-adbf-4590-8968-43093fcb3647,110,3.670333,3,0.688694,0.560040,0.7851
035be5bf-adbf-4590-8968-43093fcb3647,110,3.670333,4,0.844078,0.419788,0.7766
035be5bf-adbf-4590-8968-43093fcb3647,110,3.670333,5,0.309157,0.351994,0.8583
035be5bf-adbf-4590-8968-43093fcb3647,110,3.670333,7,0.812656,0.425594,0.6885
035be5bf-adbf-4590-8968-43093fcb3647,110,3.670333,11,0.962445,0.401947,0.6869
035be5bf-adbf-4590-8968-43093fcb3647,111,3.703700,1,0.471812,0.533461,0.9095
035be5bf-adbf-4590-8968-43093fcb3647,111,3.703700,3,0.687492,0.561016,0.7832
035be5bf-adbf-4590-8968-43093fcb3647,111,3.703700,4,0.836306,0.421189,0.7859
035be5bf-adbf-4590-8968-43093fcb3647,111,3.703700,5,0.304566,0.353417,0.8140
035be5bf-adbf-4590-8968-43093fcb3647,111,3.703700,7,0.807847,0.426970,0.6172
035be5bf-adbf-4590-8968-43093fcb3647,111,3.703700,11,0.961409,0.402691,0.6450
035be5bf-adbf-4590-8968-43093fcb3647,112,3.737067,1,0.469044,0.535942,0.9063
035be5bf-adbf-4590-8968-43093fcb3647,112,3.737067,3,0.686889,0.562370,0.7385
035be5bf-adbf-4590-8968-43093fcb3647,112,3.737067,4,0.832486,0.420976,0.7467
035be5bf-adbf-4590-8968-43093fcb3647,112,3.737067,5,0.301186,0.353674,0.8026
035be5bf-adbf-4590-8968-43093fcb3647,112,3.737067,7,0.803973,0.427062,0.6646
035be5bf-adbf-4590-8968-43093fcb3647,112,3.737067,11,0.960752,0.402535,0.6738
035be5bf-adbf-4590-8968-43093fcb3647,113,3.770433,1,0.467283,0.537327,0.9064
035be5bf-adbf-4590-8968-43093fcb3647,113,3.770433,3,0.687153,0.564261,0.7416
035be5bf-adbf-4590-8968-43093fcb3647,113,3.770433,4,0.826054,0.417807,0.7583
035be5bf-adbf-4590-8968-43093fcb3647,113,3.770433,5,0.297464,0.354519,0.8264
035be5bf-adbf-4590-8968-43093fcb3647,113,3.770433,7,0.802057,0.429030,0.7080
035be5bf-adbf-4590-8968-43093fcb3647,113,3.770433,11,0.959587,0.403380,0.6033
035be5bf-adbf-4590-8968-43093fcb3647,114,3.803800,1,0.464704,0.538342,0.9073
035be5bf-adbf-4590-8968-43093fcb3647,114,3.803800,3,0.687098,0.565993,0.7490
035be5bf-adbf-4590-8968-43093fcb3647,114,3.803800,4,0.821282,0.416489,0.7642
035be5bf-adbf-4590-8968-43093fcb3647,114,3.803800,5,0.294890,0.353907,0.8424
035be5bf-adbf-4590-8968-43093fcb3647,114,3.803800,7,0.799753,0.429997,0.5659
035be5bf-adbf-4590-8968-43093fcb3647,114,3.803800,11,0.959850,0.403405,0.6393
035be5bf-adbf-4590-8968-43093fcb3647,115,3.837167,1,0.461945,0.540569,0.9020
035be5bf-adbf-4590-8968-43093fcb3647,115,3.837167,3,0.686122,0.572006,0.6971
035be5bf-adbf-4590-8968-43093fcb3647,115,3.837167,4,0.817028,0.415132,0.7795
035be5bf-adbf-4590-8968-43093fcb3647,115,3.837167,5,0.291458,0.353183,0.8262
035be5bf-adbf-4590-8968-43093fcb3647,115,3.837167,7,0.798397,0.427853,0.4008
035be5bf-adbf-4590-8968-43093fcb3647,115,3.837167,11,0.960000,0.403203,0.6489
035be5bf-adbf-4590-8968-43093fcb3647,116,3.870533,1,0.460198,0.543357,0.9009
035be5bf-adbf-4590-8968-43093fcb3647,116,3.870533,3,0.685234,0.573516,0.7437
035be5bf-adbf-4590-8968-43093fcb3647,116,3.870533,4,0.812362,0.414231,0.7774
035be5bf-adbf-4590-8968-43093fcb3647,116,3.870533,5,0.288097,0.353667,0.8342
035be5bf-adbf-4590-8968-43093fcb3647,116,3.870533,11,0.958969,0.403180,0.6385
035be5bf-adbf-4590-8968-43093fcb3647,117,3.903900,1,0.458031,0.545086,0.9002
035be5bf-adbf-4590-8968-43093fcb3647,117,3.903900,3,0.685266,0.572983,0.7627
035be5bf-adbf-4590-8968-43093fcb3647,117,3.903900,4,0.806989,0.413331,0.8061
035be5bf-adbf-4590-8968-43093fcb3647,117,3.903900,5,0.285193,0.354131,0.8306
035be5bf-adbf-4590-8968-43093fcb3647,117,3.903900,11,0.958969,0.403148,0.6509
035be5bf-adbf-4590-8968-43093fcb3647,118,3.937267,1,0.453960,0.547611,0.8997
035be5bf-adbf-4590-8968-43093fcb3647,118,3.937267,3,0.685307,0.573021,0.7768
035be5bf-adbf-4590-8968-43093fcb3647,118,3.937267,4,0.805524,0.413587,0.8133
035be5bf-adbf-4590-8968-43093fcb3647,118,3.937267,5,0.282161,0.352836,0.8323
035be5bf-adbf-4590-8968-43093fcb3647,118,3.937267,11,0.959708,0.403075,0.6769
035be5bf-adbf-4590-8968-43093fcb3647,119,3.970633,1,0.451925,0.547234,0.8978
035be5bf-adbf-4590-8968-43093fcb3647,119,3.970633,3,0.685712,0.572848,0.7762
035be5bf-adbf-4590-8968-43093fcb3647,119,3.970633,4,0.803296,0.411853,0.8219
035be5bf-adbf-4590-8968-43093fcb3647,119,3.970633,5,0.279595,0.350810,0.8348
035be5bf-adbf-4590-8968-43093fcb3647,119,3.970633,11,0.960321,0.403281,0.6978
035be5bf-adbf-4590-8968-43093fcb3647,120,4.004000,1,0.449897,0.549956,0.8975
035be5bf-adbf-4590-8968-43093fcb3647,120,4.004000,3,0.685840,0.571043,0.7840
035be5bf-adbf-4590-8968-43093fcb3647,120,4.004000,4,0.800915,0.411759,0.8342
035be5bf-adbf-4590-8968-43093fcb3647,120,4.004000,5,0.276538,0.349311,0.8228
035be5bf-adbf-4590-8968-43093fcb3647,120,4.004000,11,0.960375,0.403264,0.7200
035be5bf-adbf-4590-8968-43093fcb3647,121,4.037367,1,0.448167,0.550547,0.8997
035be5bf-adbf-4590-8968-43093fcb3647,121,4.037367,3,0.685755,0.571888,0.7772
035be5bf-adbf-4590-8968-43093fcb3647,121,4.037367,4,0.798517,0.412211,0.8301
035be5bf-adbf-4590-8968-43093fcb3647,121,4.037367,5,0.275080,0.348030,0.8069
035be5bf-adbf-4590-8968-43093fcb3647,121,4.037367,11,0.961020,0.403464,0.7203
035be5bf-adbf-4590-8968-43093fcb3647,122,4.070733,1,0.446141,0.551652,0.9042
035be5bf-adbf-4590-8968-43093fcb3647,122,4.070733,3,0.685336,0.572713,0.7810
035be5bf-adbf-4590-8968-43093fcb3647,122,4.070733,4,0.795489,0.413387,0.8171
035be5bf-adbf-4590-8968-43093fcb3647,122,4.070733,5,0.272868,0.346936,0.8053
035be5bf-adbf-4590-8968-43093fcb3647,122,4.070733,11,0.961011,0.403621,0.7308
035be5bf-adbf-4590-8968-43093fcb3647,123,4.104100,1,0.443666,0.550337,0.9023
035be5bf-adbf-4590-8968-43093fcb3647,123,4.104100,3,0.685070,0.573167,0.8060
035be5bf-adbf-4590-8968-43093fcb3647,123,4.104100,4,0.793201,0.412658,0.8092
035be5bf-adbf-4590-8968-43093fcb3647,123,4.104100,5,0.267713,0.345730,0.7898
035be5bf-adbf-4590-8968-43093fcb3647,123,4.104100,11,0.960954,0.403478,0.7329
035be5bf-adbf-4590-8968-43093fcb3647,124,4.137467,1,0.441381,0.551575,0.9022
035be5bf-adbf-4590-8968-43093fcb3647,124,4.137467,3,0.684763,0.573894,0.7820
035be5bf-adbf-4590-8968-43093fcb3647,124,4.137467,4,0.790110,0.412278,0.8176
035be5bf-adbf-4590-8968-43093fcb3647,124,4.137467,5,0.263880,0.344075,0.8016
035be5bf-adbf-4590-8968-43093fcb3647,124,4.137467,11,0.960423,0.404023,0.7101
035be5bf-adbf-4590-8968-43093fcb3647,125,4.170833,1,0.438301,0.552066,0.9015
035be5bf-adbf-4590-8968-43093fcb3647,125,4.170833,3,0.684860,0.576131,0.7899
035be5bf-adbf-4590-8968-43093fcb3647,125,4.170833,4,0.787113,0.409733,0.8393
035be5bf-adbf-4590-8968-43093fcb3647,125,4.170833,5,0.259339,0.344180,0.8158
035be5bf-adbf-4590-8968-43093fcb3647,125,4.170833,11,0.959954,0.404223,0.7067
035be5bf-adbf-4590-8968-43093fcb3647,126,4.204200,1,0.433740,0.550931,0.9048
035be5bf-adbf-4590-8968-43093fcb3647,126,4.204200,3,0.684176,0.577334,0.7953
035be5bf-adbf-4590-8968-43093fcb3647,126,4.204200,4,0.783453,0.410128,0.7975
035be5bf-adbf-4590-8968-43093fcb3647,126,4.204200,5,0.253994,0.345051,0.8245
035be5bf-adbf-4590-8968-43093fcb3647,126,4.204200,11,0.958987,0.405539,0.6592
035be5bf-adbf-4590-8968-43093fcb3647,127,4.237567,1,0.431555,0.550835,0.9055
035be5bf-adbf-4590-8968-43093fcb3647,127,4.237567,3,0.682761,0.577712,0.7974
035be5bf-adbf-4590-8968-43093fcb3647,127,4.237567,4,0.779181,0.412591,0.7946
035be5bf-adbf-4590-8968-43093fcb3647,127,4.237567,5,0.251623,0.344398,0.8043
035be5bf-adbf-4590-8968-43093fcb3647,127,4.237567,11,0.958356,0.406028,0.6632
035be5bf-adbf-4590-8968-43093fcb3647,128,4.270933,1,0.428625,0.551987,0.9118
035be5bf-adbf-4590-8968-43093fcb3647,128,4.270933,3,0.682241,0.580103,0.7552
035be5bf-adbf-4590-8968-43093fcb3647,128,4.270933,4,0.775500,0.413240,0.8212
035be5bf-adbf-4590-8968-43093fcb3647,128,4.270933,5,0.247263,0.343831,0.7824
035be5bf-adbf-4590-8968-43093fcb3647,128,4.270933,11,0.957187,0.406096,0.6628
035be5bf-adbf-4590-8968-43093fcb3647,129,4.304300,1,0.424229,0.554745,0.9124
035be5bf-adbf-4590-8968-43093fcb3647,129,4.304300,3,0.683171,0.580887,0.7662
035be5bf-adbf-4590-8968-43093fcb3647,129,4.304300,4,0.770345,0.412504,0.8191
035be5bf-adbf-4590-8968-43093fcb3647,129,4.304300,5,0.243693,0.343356,0.7389
035be5bf-adbf-4590-8968-43093fcb3647,129,4.304300,11,0.957215,0.405857,0.6937
035be5bf-adbf-4590-8968-43093fcb3647,130,4.337667,1,0.421558,0.557729,0.9159
035be5bf-adbf-4590-8968-43093fcb3647,130,4.337667,3,0.680897,0.579940,0.7501
035be5bf-adbf-4590-8968-43093fcb3647,130,4.337667,4,0.764857,0.412482,0.8376
035be5bf-adbf-4590-8968-43093fcb3647,130,4.337667,5,0.233623,0.344188,0.7869
035be5bf-adbf-4590-8968-43093fcb3647,130,4.337667,11,0.955713,0.406003,0.6915
035be5bf-adbf-4590-8968-43093fcb3647,131,4.371033,1,0.416580,0.558308,0.9112
035be5bf-adbf-4590-8968-43093fcb3647,131,4.371033,3,0.679378,0.581269,0.8099
035be5bf-adbf-4590-8968-43093fcb3647,131,4.371033,4,0.761040,0.407661,0.8289
035be5bf-adbf-4590-8968-43093fcb3647,131,4.371033,5,0.227322,0.344370,0.8023
035be5bf-adbf-4590-8968-43093fcb3647,131,4.371033,11,0.954794,0.405458,0.7217
035be5bf-adbf-4590-8968-43093fcb3647,132,4.404400,1,0.414137,0.555984,0.9072
035be5bf-adbf-4590-8968-43093fcb3647,132,4.404400,3,0.677252,0.588504,0.8077
035be5bf-adbf-4590-8968-43093fcb3647,132,4.404400,4,0.754639,0.421526,0.7941
035be5bf-adbf-4590-8968-43093fcb3647,132,4.404400,5,0.222434,0.343129,0.8092
035be5bf-adbf-4590-8968-43093fcb3647,132,4.404400,11,0.953244,0.405480,0.7362
035be5bf-adbf-4590-8968-43093fcb3647,133,4.437767,1,0.407295,0.559395,0.9051
035be5bf-adbf-4590-8968-43093fcb3647,133,4.437767,3,0.675172,0.582599,0.8038
035be5bf-adbf-4590-8968-43093fcb3647,133,4.437767,4,0.747445,0.414393,0.7888
035be5bf-adbf-4590-8968-43093fcb3647,133,4.437767,5,0.216000,0.341555,0.8362
035be5bf-adbf-4590-8968-43093fcb3647,133,4.437767,11,0.952682,0.405673,0.7227
035be5bf-adbf-4590-8968-43093fcb3647,134,4.471133,1,0.403536,0.555328,0.8953
035be5bf-adbf-4590-8968-43093fcb3647,134,4.471133,3,0.673251,0.581231,0.7383
035be5bf-adbf-4590-8968-43093fcb3647,134,4.471133,4,0.744685,0.415965,0.7982
035be5bf-adbf-4590-8968-43093fcb3647,134,4.471133,5,0.212593,0.338733,0.7775
035be5bf-adbf-4590-8968-43093fcb3647,134,4.471133,11,0.949803,0.405839,0.7369
035be5bf-adbf-4590-8968-43093fcb3647,135,4.504500,1,0.395917,0.556770,0.9003
035be5bf-adbf-4590-8968-43093fcb3647,135,4.504500,3,0.670438,0.581612,0.7389
035be5bf-adbf-4590-8968-43093fcb3647,135,4.504500,4,0.740628,0.423246,0.8147
035be5bf-adbf-4590-8968-43093fcb3647,135,4.504500,5,0.202843,0.336460,0.8271
035be5bf-adbf-4590-8968-43093fcb3647,135,4.504500,11,0.947616,0.405082,0.7538
035be5bf-adbf-4590-8968-43093fcb3647,136,4.537867,1,0.392034,0.561645,0.8990
035be5bf-adbf-4590-8968-43093fcb3647,136,4.537867,3,0.670101,0.579776,0.6955
035be5bf-adbf-4590-8968-43093fcb3647,136,4.537867,4,0.736505,0.423929,0.7952
035be5bf-adbf-4590-8968-43093fcb3647,136,4.537867,5,0.198772,0.336270,0.7559
035be5bf-adbf-4590-8968-43093fcb3647,136,4.537867,11,0.947196,0.406130,0.7345
035be5bf-adbf-4590-8968-43093fcb3647,137,4.571233,1,0.386746,0.560243,0.8993
035be5bf-adbf-4590-8968-43093fcb3647,137,4.571233,3,0.667940,0.578536,0.7466
035be5bf-adbf-4590-8968-43093fcb3647,137,4.571233,4,0.733016,0.417751,0.8065
035be5bf-adbf-4590-8968-43093fcb3647,137,4.571233,5,0.197802,0.335008,0.7553
035be5bf-adbf-4590-8968-43093fcb3647,137,4.571233,11,0.944522,0.406782,0.6765
035be5bf-adbf-4590-8968-43093fcb3647,138,4.604600,1,0.380978,0.560366,0.9133
035be5bf-adbf-4590-8968-43093fcb3647,138,4.604600,3,0.665396,0.581472,0.7410
035be5bf-adbf-4590-8968-43093fcb3647,138,4.604600,4,0.728944,0.420812,0.7944
035be5bf-adbf-4590-8968-43093fcb3647,138,4.604600,5,0.192167,0.332683,0.7782
035be5bf-adbf-4590-8968-43093fcb3647,138,4.604600,11,0.943498,0.405963,0.7162
035be5bf-adbf-4590-8968-43093fcb3647,139,4.637967,1,0.371702,0.553438,0.9082
035be5bf-adbf-4590-8968-43093fcb3647,139,4.637967,3,0.662859,0.585462,0.6898
035be5bf-adbf-4590-8968-43093fcb3647,139,4.637967,4,0.723472,0.415856,0.8059
035be5bf-adbf-4590-8968-43093fcb3647,139,4.637967,5,0.177027,0.328759,0.8563
035be5bf-adbf-4590-8968-43093fcb3647,139,4.637967,11,0.943869,0.404872,0.7690
035be5bf-adbf-4590-8968-43093fcb3647,140,4.671333,1,0.367704,0.562451,0.9157
035be5bf-adbf-4590-8968-43093fcb3647,140,4.671333,3,0.661818,0.582664,0.6387
035be5bf-adbf-4590-8968-43093fcb3647,140,4.671333,4,0.717614,0.417983,0.7703
035be5bf-adbf-4590-8968-43093fcb3647,140,4.671333,5,0.167944,0.328463,0.8230
035be5bf-adbf-4590-8968-43093fcb3647,140,4.671333,11,0.943061,0.404710,0.7656
035be5bf-adbf-4590-8968-43093fcb3647,141,4.704700,1,0.358305,0.561646,0.9332
035be5bf-adbf-4590-8968-43093fcb3647,141,4.704700,3,0.660104,0.587964,0.6679
035be5bf-adbf-4590-8968-43093fcb3647,141,4.704700,4,0.711139,0.419314,0.7865
035be5bf-adbf-4590-8968-43093fcb3647,141,4.704700,5,0.161283,0.328938,0.8171
035be5bf-adbf-4590-8968-43093fcb3647,141,4.704700,7,0.723641,0.417399,0.1261
035be5bf-adbf-4590-8968-43093fcb3647,141,4.704700,11,0.941369,0.405443,0.7268
035be5bf-adbf-4590-8968-43093fcb3647,141,4.704700,13,0.461146,0.387815,0.4305
035be5bf-adbf-4590-8968-43093fcb3647,142,4.738067,1,0.351727,0.561682,0.9261
035be5bf-adbf-4590-8968-43093fcb3647,142,4.738067,3,0.655286,0.595637,0.4775
035be5bf-adbf-4590-8968-43093fcb3647,142,4.738067,4,0.699242,0.421911,0.7406
035be5bf-adbf-4590-8968-43093fcb3647,142,4.738067,5,0.153019,0.324675,0.8387
035be5bf-adbf-4590-8968-43093fcb3647,142,4.738067,7,0.725742,0.425555,0.2603
035be5bf-adbf-4590-8968-43093fcb3647,142,4.738067,11,0.938959,0.405521,0.6783
035be5bf-adbf-4590-8968-43093fcb3647,142,4.738067,13,0.454587,0.362598,0.6062
035be5bf-adbf-4590-8968-43093fcb3647,143,4.771433,1,0.344484,0.560867,0.9317
035be5bf-adbf-4590-8968-43093fcb3647,143,4.771433,3,0.656455,0.588199,0.7648
035be5bf-adbf-4590-8968-43093fcb3647,143,4.771433,4,0.689748,0.422583,0.7627
035be5bf-adbf-4590-8968-43093fcb3647,143,4.771433,5,0.143965,0.326209,0.8104
035be5bf-adbf-4590-8968-43093fcb3647,143,4.771433,7,0.721321,0.423343,0.4237
035be5bf-adbf-4590-8968-43093fcb3647,143,4.771433,11,0.939073,0.405986,0.5873
035be5bf-adbf-4590-8968-43093fcb3647,143,4.771433,13,0.446751,0.402182,0.6902
035be5bf-adbf-4590-8968-43093fcb3647,144,4.804800,1,0.335243,0.558958,0.9390
035be5bf-adbf-4590-8968-43093fcb3647,144,4.804800,3,0.651923,0.597914,0.6919
035be5bf-adbf-4590-8968-43093fcb3647,144,4.804800,4,0.682506,0.424131,0.7680
035be5bf-adbf-4590-8968-43093fcb3647,144,4.804800,5,0.135505,0.326502,0.8275
035be5bf-adbf-4590-8968-43093fcb3647,144,4.804800,7,0.716527,0.425277,0.6342
035be5bf-adbf-4590-8968-43093fcb3647,144,4.804800,11,0.937256,0.406580,0.5617
035be5bf-adbf-4590-8968-43093fcb3647,144,4.804800,13,0.445585,0.389771,0.6447
035be5bf-adbf-4590-8968-43093fcb3647,145,4.838167,1,0.326055,0.552490,0.9378
035be5bf-adbf-4590-8968-43093fcb3647,145,4.838167,3,0.649255,0.600130,0.6517
035be5bf-adbf-4590-8968-43093fcb3647,145,4.838167,4,0.676990,0.427592,0.7911
035be5bf-adbf-4590-8968-43093fcb3647,145,4.838167,5,0.135367,0.325775,0.8400
035be5bf-adbf-4590-8968-43093fcb3647,145,4.838167,7,0.712156,0.428620,0.6429
035be5bf-adbf-4590-8968-43093fcb3647,145,4.838167,11,0.936304,0.406901,0.6113
035be5bf-adbf-4590-8968-43093fcb3647,145,4.838167,13,0.441780,0.404364,0.7027
035be5bf-adbf-4590-8968-43093fcb3647,146,4.871533,1,0.317966,0.549296,0.9415
035be5bf-adbf-4590-8968-43093fcb3647,146,4.871533,3,0.649848,0.593261,0.6185
035be5bf-adbf-4590-8968-43093fcb3647,146,4.871533,4,0.673339,0.426562,0.7889
035be5bf-adbf-4590-8968-43093fcb3647,146,4.871533,5,0.128748,0.327455,0.8396
035be5bf-adbf-4590-8968-43093fcb3647,146,4.871533,7,0.707593,0.426793,0.6084
035be5bf-adbf-4590-8968-43093fcb3647,146,4.871533,11,0.936227,0.407192,0.5807
035be5bf-adbf-4590-8968-43093fcb3647,146,4.871533,13,0.437974,0.535431,0.5924
035be5bf-adbf-4590-8968-43093fcb3647,147,4.904900,1,0.309871,0.551620,0.9387
035be5bf-adbf-4590-8968-43093fcb3647,147,4.904900,3,0.646840,0.592327,0.6041
035be5bf-adbf-4590-8968-43093fcb3647,147,4.904900,4,0.671784,0.430872,0.7675
035be5bf-adbf-4590-8968-43093fcb3647,147,4.904900,5,0.118406,0.330545,0.8416
035be5bf-adbf-4590-8968-43093fcb3647,147,4.904900,7,0.703152,0.428301,0.6707
035be5bf-adbf-4590-8968-43093fcb3647,147,4.904900,11,0.934972,0.407743,0.6805
035be5bf-adbf-4590-8968-43093fcb3647,147,4.904900,13,0.430812,0.534801,0.6486
035be5bf-adbf-4590-8968-43093fcb3647,148,4.938267,1,0.304032,0.555970,0.9380
035be5bf-adbf-4590-8968-43093fcb3647,148,4.938267,3,0.645201,0.587918,0.5628
035be5bf-adbf-4590-8968-43093fcb3647,148,4.938267,4,0.665223,0.435830,0.7557
035be5bf-adbf-4590-8968-43093fcb3647,148,4.938267,5,0.111926,0.332547,0.8451
035be5bf-adbf-4590-8968-43093fcb3647,148,4.938267,7,0.698008,0.437066,0.6815
035be5bf-adbf-4590-8968-43093fcb3647,148,4.938267,11,0.933295,0.407957,0.6694
035be5bf-adbf-4590-8968-43093fcb3647,148,4.938267,13,0.429660,0.533448,0.7461
035be5bf-adbf-4590-8968-43093fcb3647,149,4.971633,1,0.297078,0.555820,0.9364
035be5bf-adbf-4590-8968-43093fcb3647,149,4.971633,3,0.643935,0.590515,0.5165
035be5bf-adbf-4590-8968-43093fcb3647,149,4.971633,4,0.656182,0.432369,0.7752
035be5bf-adbf-4590-8968-43093fcb3647,149,4.971633,5,0.103294,0.331397,0.8371
035be5bf-adbf-4590-8968-43093fcb3647,149,4.971633,7,0.693582,0.435549,0.6704
035be5bf-adbf-4590-8968-43093fcb3647,149,4.971633,11,0.933604,0.408060,0.6813
035be5bf-adbf-4590-8968-43093fcb3647,149,4.971633,13,0.427922,0.530277,0.7318
035be5bf-adbf-4590-8968-43093fcb3647,150,5.005000,1,0.289547,0.552386,0.9369
035be5bf-adbf-4590-8968-43093fcb3647,150,5.005000,3,0.641211,0.591553,0.6874
035be5bf-adbf-4590-8968-43093fcb3647,150,5.005000,4,0.653947,0.432707,0.7507
035be5bf-adbf-4590-8968-43093fcb3647,150,5.005000,5,0.095178,0.332862,0.8369
035be5bf-adbf-4590-8968-43093fcb3647,150,5.005000,7,0.690534,0.449941,0.6593
035be5bf-adbf-4590-8968-43093fcb3647,150,5.005000,11,0.935227,0.408220,0.6567
035be5bf-adbf-4590-8968-43093fcb3647,150,5.005000,13,0.425755,0.523332,0.7407
035be5bf-adbf-4590-8968-43093fcb3647,151,5.038367,1,0.283160,0.547581,0.9412
035be5bf-adbf-4590-8968-43093fcb3647,151,5.038367,3,0.641267,0.540209,0.6392
035be5bf-adbf-4590-8968-43093fcb3647,151,5.038367,4,0.650205,0.436860,0.7323
035be5bf-adbf-4590-8968-43093fcb3647,151,5.038367,5,0.083966,0.335688,0.8199
035be5bf-adbf-4590-8968-43093fcb3647,151,5.038367,7,0.687075,0.451554,0.6901
035be5bf-adbf-4590-8968-43093fcb3647,151,5.038367,11,0.935692,0.409421,0.6011
035be5bf-adbf-4590-8968-43093fcb3647,151,5.038367,13,0.420835,0.531584,0.7556
035be5bf-adbf-4590-8968-43093fcb3647,152,5.071733,1,0.275032,0.547071,0.9397
035be5bf-adbf-4590-8968-43093fcb3647,152,5.071733,3,0.640534,0.537466,0.4871
035be5bf-adbf-4590-8968-43093fcb3647,152,5.071733,4,0.646274,0.437895,0.7824
035be5bf-adbf-4590-8968-43093fcb3647,152,5.071733,5,0.078507,0.334439,0.8154
035be5bf-adbf-4590-8968-43093fcb3647,152,5.071733,7,0.684705,0.450549,0.7227
035be5bf-adbf-4590-8968-43093fcb3647,152,5.071733,11,0.935183,0.410172,0.4366
035be5bf-adbf-4590-8968-43093fcb3647,152,5.071733,13,0.408967,0.540585,0.7828
035be5bf-adbf-4590-8968-43093fcb3647,153,5.105100,1,0.269416,0.545819,0.9344
035be5bf-adbf-4590-8968-43093fcb3647,153,5.105100,3,0.637695,0.613094,0.5034
035be5bf-adbf-4590-8968-43093fcb3647,153,5.105100,4,0.642036,0.432767,0.8056
035be5bf-adbf-4590-8968-43093fcb3647,153,5.105100,5,0.073525,0.334690,0.7715
035be5bf-adbf-4590-8968-43093fcb3647,153,5.105100,7,0.682376,0.451037,0.7506
035be5bf-adbf-4590-8968-43093fcb3647,153,5.105100,11,0.935279,0.410150,0.3644
035be5bf-adbf-4590-8968-43093fcb3647,153,5.105100,13,0.405269,0.540558,0.7901
035be5bf-adbf-4590-8968-43093fcb3647,154,5.138467,1,0.264893,0.543864,0.9381
035be5bf-adbf-4590-8968-43093fcb3647,154,5.138467,3,0.639597,0.552255,0.4542
035be5bf-adbf-4590-8968-43093fcb3647,154,5.138467,4,0.637475,0.434997,0.8027
035be5bf-adbf-4590-8968-43093fcb3647,154,5.138467,5,0.069792,0.335371,0.5487
035be5bf-adbf-4590-8968-43093fcb3647,154,5.138467,7,0.679064,0.450872,0.7478
035be5bf-adbf-4590-8968-43093fcb3647,154,5.138467,11,0.935590,0.410450,0.4777
035be5bf-adbf-4590-8968-43093fcb3647,154,5.138467,13,0.403763,0.540304,0.7959
035be5bf-adbf-4590-8968-43093fcb3647,155,5.171833,1,0.258578,0.539506,0.9375
035be5bf-adbf-4590-8968-43093fcb3647,155,5.171833,3,0.639068,0.571299,0.5220
035be5bf-adbf-4590-8968-43093fcb3647,155,5.171833,4,0.634371,0.434994,0.8046
035be5bf-adbf-4590-8968-43093fcb3647,155,5.171833,5,0.067218,0.337618,0.4187
035be5bf-adbf-4590-8968-43093fcb3647,155,5.171833,7,0.677360,0.452394,0.7141
035be5bf-adbf-4590-8968-43093fcb3647,155,5.171833,11,0.936191,0.410828,0.5728
035be5bf-adbf-4590-8968-43093fcb3647,155,5.171833,13,0.405707,0.555288,0.7710
035be5bf-adbf-4590-8968-43093fcb3647,156,5.205200,1,0.251852,0.535776,0.9398
035be5bf-adbf-4590-8968-43093fcb3647,156,5.205200,3,0.637020,0.607825,0.5992
035be5bf-adbf-4590-8968-43093fcb3647,156,5.205200,4,0.631270,0.435601,0.8051
035be5bf-adbf-4590-8968-43093fcb3647,156,5.205200,7,0.674183,0.447555,0.7000
035be5bf-adbf-4590-8968-43093fcb3647,156,5.205200,11,0.937051,0.411196,0.5275
035be5bf-adbf-4590-8968-43093fcb3647,156,5.205200,13,0.403868,0.540173,0.7962
035be5bf-adbf-4590-8968-43093fcb3647,157,5.238567,1,0.245737,0.534078,0.9375
035be5bf-adbf-4590-8968-43093fcb3647,157,5.238567,3,0.636735,0.589361,0.6323
035be5bf-adbf-4590-8968-43093fcb3647,157,5.238567,4,0.627560,0.436025,0.7687
035be5bf-adbf-4590-8968-43093fcb3647,157,5.238567,5,0.095127,0.333336,0.3092
035be5bf-adbf-4590-8968-43093fcb3647,157,5.238567,7,0.670808,0.450154,0.6914
035be5bf-adbf-4590-8968-43093fcb3647,157,5.238567,11,0.936970,0.411298,0.6284
035be5bf-adbf-4590-8968-43093fcb3647,157,5.238567,13,0.403460,0.541437,0.7657
035be5bf-adbf-4590-8968-43093fcb3647,158,5.271933,1,0.239503,0.528991,0.9442
035be5bf-adbf-4590-8968-43093fcb3647,158,5.271933,3,0.636745,0.606946,0.7247
035be5bf-adbf-4590-8968-43093fcb3647,158,5.271933,4,0.623675,0.442336,0.8220
035be5bf-adbf-4590-8968-43093fcb3647,158,5.271933,7,0.669060,0.453489,0.6914
035be5bf-adbf-4590-8968-43093fcb3647,158,5.271933,11,0.937696,0.410772,0.6857
035be5bf-adbf-4590-8968-43093fcb3647,158,5.271933,13,0.396770,0.545354,0.7579
035be5bf-adbf-4590-8968-43093fcb3647,159,5.305300,1,0.231956,0.530325,0.9437
035be5bf-adbf-4590-8968-43093fcb3647,159,5.305300,3,0.636373,0.593269,0.7745
035be5bf-adbf-4590-8968-43093fcb3647,159,5.305300,4,0.617617,0.460893,0.8016
035be5bf-adbf-4590-8968-43093fcb3647,159,5.305300,7,0.667459,0.447877,0.6997
035be5bf-adbf-4590-8968-43093fcb3647,159,5.305300,11,0.938809,0.411237,0.6702
035be5bf-adbf-4590-8968-43093fcb3647,159,5.305300,13,0.394742,0.545030,0.7033
035be5bf-adbf-4590-8968-43093fcb3647,160,5.338667,1,0.226486,0.528890,0.9371
035be5bf-adbf-4590-8968-43093fcb3647,160,5.338667,3,0.634202,0.581693,0.7675
035be5bf-adbf-4590-8968-43093fcb3647,160,5.338667,4,0.608801,0.462081,0.8369
035be5bf-adbf-4590-8968-43093fcb3647,160,5.338667,5,0.082158,0.325509,0.5766
035be5bf-adbf-4590-8968-43093fcb3647,160,5.338667,7,0.665951,0.449958,0.7248
035be5bf-adbf-4590-8968-43093fcb3647,160,5.338667,11,0.939646,0.410970,0.7005
035be5bf-adbf-4590-8968-43093fcb3647,160,5.338667,13,0.388072,0.536972,0.7316
035be5bf-adbf-4590-8968-43093fcb3647,161,5.372033,1,0.218570,0.524395,0.9427
035be5bf-adbf-4590-8968-43093fcb3647,161,5.372033,3,0.633460,0.575905,0.7182
035be5bf-adbf-4590-8968-43093fcb3647,161,5.372033,4,0.604845,0.460690,0.8383
035be5bf-adbf-4590-8968-43093fcb3647,161,5.372033,5,0.076698,0.323234,0.6732
035be5bf-adbf-4590-8968-43093fcb3647,161,5.372033,7,0.661887,0.450827,0.6730
035be5bf-adbf-4590-8968-43093fcb3647,161,5.372033,11,0.942299,0.411195,0.7242
035be5bf-adbf-4590-8968-43093fcb3647,161,5.372033,13,0.384982,0.537787,0.7319
035be5bf-adbf-4590-8968-43093fcb3647,162,5.405400,1,0.211071,0.521501,0.9464
035be5bf-adbf-4590-8968-43093fcb3647,162,5.405400,3,0.635966,0.587118,0.7299
035be5bf-adbf-4590-8968-43093fcb3647,162,5.405400,4,0.600088,0.462841,0.8473
035be5bf-adbf-4590-8968-43093fcb3647,162,5.405400,5,0.068692,0.319020,0.7745
035be5bf-adbf-4590-8968-43093fcb3647,162,5.405400,7,0.661754,0.452454,0.6438
035be5bf-adbf-4590-8968-43093fcb3647,162,5.405400,11,0.942327,0.411520,0.6922
035be5bf-adbf-4590-8968-43093fcb3647,162,5.405400,13,0.383805,0.549304,0.7544
035be5bf-adbf-4590-8968-43093fcb3647,163,5.438767,1,0.203345,0.520306,0.9474
035be5bf-adbf-4590-8968-43093fcb3647,163,5.438767,3,0.635768,0.593872,0.7629
035be5bf-adbf-4590-8968-43093fcb3647,163,5.438767,4,0.598109,0.463359,0.8540
035be5bf-adbf-4590-8968-43093fcb3647,163,5.438767,5,0.062126,0.314801,0.7022
035be5bf-adbf-4590-8968-43093fcb3647,163,5.438767,7,0.656243,0.452888,0.6287
035be5bf-adbf-4590-8968-43093fcb3647,163,5.438767,11,0.940751,0.411952,0.5908
035be5bf-adbf-4590-8968-43093fcb3647,163,5.438767,13,0.384083,0.548095,0.7661
035be5bf-adbf-4590-8968-43093fcb3647,164,5.472133,1,0.197209,0.516551,0.9472
035be5bf-adbf-4590-8968-43093fcb3647,164,5.472133,3,0.635069,0.610358,0.7258
035be5bf-adbf-4590-8968-43093fcb3647,164,5.472133,4,0.593620,0.463037,0.8676
035be5bf-adbf-4590-8968-43093fcb3647,164,5.472133,5,0.052162,0.317675,0.7359
035be5bf-adbf-4590-8968-43093fcb3647,164,5.472133,7,0.653442,0.457049,0.6716
035be5bf-adbf-4590-8968-43093fcb3647,164,5.472133,11,0.941041,0.410803,0.6824
035be5bf-adbf-4590-8968-43093fcb3647,164,5.472133,13,0.382388,0.545935,0.7524
035be5bf-adbf-4590-8968-43093fcb3647,165,5.505500,1,0.188971,0.513456,0.9459
035be5bf-adbf-4590-8968-43093fcb3647,165,5.505500,3,0.634733,0.600682,0.7725
035be5bf-adbf-4590-8968-43093fcb3647,165,5.505500,4,0.590516,0.462794,0.8679
035be5bf-adbf-4590-8968-43093fcb3647,165,5.505500,5,0.044943,0.312677,0.4781
035be5bf-adbf-4590-8968-43093fcb3647,165,5.505500,7,0.651049,0.459133,0.6473
035be5bf-adbf-4590-8968-43093fcb3647,165,5.505500,11,0.941567,0.411479,0.7096
035be5bf-adbf-4590-8968-43093fcb3647,165,5.505500,13,0.381911,0.547939,0.7658
035be5bf-adbf-4590-8968-43093fcb3647,166,5.538867,1,0.183783,0.512001,0.9484
035be5bf-adbf-4590-8968-43093fcb3647,166,5.538867,3,0.634301,0.603341,0.8023
035be5bf-adbf-4590-8968-43093fcb3647,166,5.538867,4,0.587343,0.463556,0.8597
035be5bf-adbf-4590-8968-43093fcb3647,166,5.538867,5,0.037603,0.313399,0.6211
035be5bf-adbf-4590-8968-43093fcb3647,166,5.538867,7,0.646432,0.455754,0.6822
035be5bf-adbf-4590-8968-43093fcb3647,166,5.538867,11,0.942089,0.411475,0.6976
035be5bf-adbf-4590-8968-43093fcb3647,166,5.538867,13,0.376904,0.546668,0.7662
035be5bf-adbf-4590-8968-43093fcb3647,167,5.572233,1,0.180439,0.508738,0.9429
035be5bf-adbf-4590-8968-43093fcb3647,167,5.572233,3,0.633080,0.611777,0.7994
035be5bf-adbf-4590-8968-43093fcb3647,167,5.572233,4,0.585937,0.464815,0.8520
035be5bf-adbf-4590-8968-43093fcb3647,167,5.572233,5,0.033974,0.326868,0.6852
035be5bf-adbf-4590-8968-43093fcb3647,167,5.572233,7,0.644013,0.457141,0.6572
035be5bf-adbf-4590-8968-43093fcb3647,167,5.572233,11,0.942088,0.411269,0.6348
035be5bf-adbf-4590-8968-43093fcb3647,167,5.572233,13,0.364995,0.550708,0.8015
035be5bf-adbf-4590-8968-43093fcb3647,168,5.605600,1,0.178580,0.507860,0.9424
035be5bf-adbf-4590-8968-43093fcb3647,168,5.605600,3,0.633246,0.611182,0.7803
035be5bf-adbf-4590-8968-43093fcb3647,168,5.605600,4,0.582748,0.463235,0.8372
035be5bf-adbf-4590-8968-43093fcb3647,168,5.605600,5,0.029743,0.313499,0.6089
035be5bf-adbf-4590-8968-43093fcb3647,168,5.605600,7,0.638160,0.457621,0.6984
035be5bf-adbf-4590-8968-43093fcb3647,168,5.605600,11,0.943241,0.410844,0.6573
035be5bf-adbf-4590-8968-43093fcb3647,168,5.605600,13,0.362711,0.552255,0.8067
035be5bf-adbf-4590-8968-43093fcb3647,169,5.638967,1,0.176956,0.505911,0.9458
035be5bf-adbf-4590-8968-43093fcb3647,169,5.638967,3,0.633432,0.613940,0.7720
035be5bf-adbf-4590-8968-43093fcb3647,169,5.638967,4,0.580303,0.466337,0.8492
035be5bf-adbf-4590-8968-43093fcb3647,169,5.638967,5,0.027378,0.305597,0.5892
035be5bf-adbf-4590-8968-43093fcb3647,169,5.638967,7,0.635219,0.458857,0.7351
035be5bf-adbf-4590-8968-43093fcb3647,169,5.638967,11,0.941139,0.411414,0.5770
035be5bf-adbf-4590-8968-43093fcb3647,169,5.638967,13,0.360297,0.555296,0.8016
035be5bf-adbf-4590-8968-43093fcb3647,170,5.672333,1,0.174533,0.506730,0.9463
035be5bf-adbf-4590-8968-43093fcb3647,170,5.672333,3,0.632966,0.615497,0.7585
035be5bf-adbf-4590-8968-43093fcb3647,170,5.672333,4,0.574004,0.467489,0.8372
035be5bf-adbf-4590-8968-43093fcb3647,170,5.672333,5,0.025509,0.299783,0.5809
035be5bf-adbf-4590-8968-43093fcb3647,170,5.672333,7,0.633423,0.458522,0.7264
035be5bf-adbf-4590-8968-43093fcb3647,170,5.672333,11,0.941837,0.411152,0.6018
035be5bf-adbf-4590-8968-43093fcb3647,170,5.672333,13,0.357581,0.563705,0.8012
035be5bf-adbf-4590-8968-43093fcb3647,171,5.705700,1,0.171898,0.504202,0.9523
035be5bf-adbf-4590-8968-43093fcb3647,171,5.705700,3,0.632569,0.617319,0.8023
035be5bf-adbf-4590-8968-43093fcb3647,171,5.705700,4,0.568351,0.464595,0.8526
035be5bf-adbf-4590-8968-43093fcb3647,171,5.705700,5,0.022080,0.292816,0.5375
035be5bf-adbf-4590-8968-43093fcb3647,171,5.705700,7,0.630829,0.458340,0.6846
035be5bf-adbf-4590-8968-43093fcb3647,171,5.705700,11,0.942046,0.411874,0.7053
035be5bf-adbf-4590-8968-43093fcb3647,171,5.705700,13,0.355599,0.562610,0.8036
035be5bf-adbf-4590-8968-43093fcb3647,172,5.739067,1,0.169783,0.504034,0.9540
035be5bf-adbf-4590-8968-43093fcb3647,172,5.739067,3,0.631613,0.621766,0.7481
035be5bf-adbf-4590-8968-43093fcb3647,172,5.739067,4,0.563084,0.464863,0.8590
035be5bf-adbf-4590-8968-43093fcb3647,172,5.739067,5,0.018208,0.256893,0.2360
035be5bf-adbf-4590-8968-43093fcb3647,172,5.739067,7,0.624825,0.461224,0.6748
035be5bf-adbf-4590-8968-43093fcb3647,172,5.739067,11,0.941882,0.412451,0.7261
035be5bf-adbf-4590-8968-43093fcb3647,172,5.739067,13,0.355720,0.553908,0.7995
035be5bf-adbf-4590-8968-43093fcb3647,173,5.772433,1,0.166278,0.504288,0.9504
035be5bf-adbf-4590-8968-43093fcb3647,173,5.772433,3,0.629290,0.629164,0.7349
035be5bf-adbf-4590-8968-43093fcb3647,173,5.772433,4,0.558583,0.464981,0.8698
035be5bf-adbf-4590-8968-43093fcb3647,173,5.772433,7,0.619156,0.463255,0.6915
035be5bf-adbf-4590-8968-43093fcb3647,173,5.772433,11,0.940934,0.412554,0.7127
035be5bf-adbf-4590-8968-43093fcb3647,173,5.772433,13,0.347639,0.561280,0.8042
035be5bf-adbf-4590-8968-43093fcb3647,174,5.805800,1,0.163474,0.500876,0.9433
035be5bf-adbf-4590-8968-43093fcb3647,174,5.805800,3,0.629401,0.629823,0.5881
035be5bf-adbf-4590-8968-43093fcb3647,174,5.805800,4,0.554190,0.467782,0.8657
035be5bf-adbf-4590-8968-43093fcb3647,174,5.805800,7,0.615591,0.461962,0.7578
035be5bf-adbf-4590-8968-43093fcb3647,174,5.805800,11,0.940374,0.413245,0.6389
035be5bf-adbf-4590-8968-43093fcb3647,174,5.805800,13,0.340920,0.544173,0.8088
035be5bf-adbf-4590-8968-43093fcb3647,175,5.839167,1,0.160995,0.503072,0.9418
035be5bf-adbf-4590-8968-43093fcb3647,175,5.839167,3,0.626116,0.627135,0.6132
035be5bf-adbf-4590-8968-43093fcb3647,175,5.839167,4,0.550055,0.466561,0.8723
035be5bf-adbf-4590-8968-43093fcb3647,175,5.839167,7,0.612601,0.461505,0.7469
035be5bf-adbf-4590-8968-43093fcb3647,175,5.839167,11,0.938257,0.412980,0.6986
035be5bf-adbf-4590-8968-43093fcb3647,175,5.839167,13,0.337982,0.551367,0.8088
035be5bf-adbf-4590-8968-43093fcb3647,176,5.872533,1,0.157502,0.502046,0.9433
035be5bf-adbf-4590-8968-43093fcb3647,176,5.872533,3,0.625088,0.634575,0.6094
035be5bf-adbf-4590-8968-43093fcb3647,176,5.872533,4,0.544165,0.466291,0.8668
035be5bf-adbf-4590-8968-43093fcb3647,176,5.872533,7,0.608782,0.462118,0.7601
035be5bf-adbf-4590-8968-43093fcb3647,176,5.872533,11,0.937840,0.413243,0.6969
035be5bf-adbf-4590-8968-43093fcb3647,176,5.872533,13,0.332657,0.543934,0.8372
035be5bf-adbf-4590-8968-43093fcb3647,177,5.905900,1,0.153821,0.499846,0.9375
035be5bf-adbf-4590-8968-43093fcb3647,177,5.905900,3,0.622309,0.642686,0.4471
035be5bf-adbf-4590-8968-43093fcb3647,177,5.905900,4,0.538067,0.467303,0.8729
035be5bf-adbf-4590-8968-43093fcb3647,177,5.905900,7,0.605227,0.465227,0.7616
035be5bf-adbf-4590-8968-43093fcb3647,177,5.905900,11,0.935783,0.412632,0.7039
035be5bf-adbf-4590-8968-43093fcb3647,177,5.905900,13,0.322669,0.540322,0.8319
035be5bf-adbf-4590-8968-43093fcb3647,178,5.939267,1,0.149394,0.501079,0.9457
035be5bf-adbf-4590-8968-43093fcb3647,178,5.939267,3,0.621718,0.645179,0.3117
035be5bf-adbf-4590-8968-43093fcb3647,178,5.939267,4,0.533240,0.467886,0.8674
035be5bf-adbf-4590-8968-43093fcb3647,178,5.939267,7,0.603054,0.470096,0.7573
035be5bf-adbf-4590-8968-43093fcb3647,178,5.939267,11,0.934540,0.412978,0.6217
035be5bf-adbf-4590-8968-43093fcb3647,178,5.939267,13,0.319058,0.552603,0.8250
035be5bf-adbf-4590-8968-43093fcb3647,179,5.972633,1,0.145514,0.499917,0.9476
035be5bf-adbf-4590-8968-43093fcb3647,179,5.972633,3,0.623105,0.637920,0.2074
035be5bf-adbf-4590-8968-43093fcb3647,179,5.972633,4,0.529865,0.468785,0.8772
035be5bf-adbf-4590-8968-43093fcb3647,179,5.972633,7,0.595907,0.479234,0.7709
035be5bf-adbf-4590-8968-43093fcb3647,179,5.972633,11,0.933675,0.413187,0.6599
035be5bf-adbf-4590-8968-43093fcb3647,179,5.972633,13,0.301051,0.530839,0.8530
035be5bf-adbf-4590-8968-43093fcb3647,180,6.006000,1,0.146188,0.502285,0.9438
035be5bf-adbf-4590-8968-43093fcb3647,180,6.006000,3,0.619512,0.631162,0.6107
035be5bf-adbf-4590-8968-43093fcb3647,180,6.006000,4,0.526043,0.469147,0.8887
035be5bf-adbf-4590-8968-43093fcb3647,180,6.006000,7,0.591711,0.475808,0.8027
035be5bf-adbf-4590-8968-43093fcb3647,180,6.006000,11,0.932117,0.413237,0.6162
035be5bf-adbf-4590-8968-43093fcb3647,180,6.006000,13,0.305260,0.531297,0.8370
035be5bf-adbf-4590-8968-43093fcb3647,181,6.039367,1,0.137196,0.501121,0.9340
035be5bf-adbf-4590-8968-43093fcb3647,181,6.039367,3,0.618015,0.628958,0.6875
035be5bf-adbf-4590-8968-43093fcb3647,181,6.039367,4,0.522860,0.466944,0.8860
035be5bf-adbf-4590-8968-43093fcb3647,181,6.039367,7,0.587592,0.479466,0.8067
035be5bf-adbf-4590-8968-43093fcb3647,181,6.039367,11,0.931990,0.412488,0.6473
035be5bf-adbf-4590-8968-43093fcb3647,181,6.039367,13,0.296774,0.523156,0.8266
035be5bf-adbf-4590-8968-43093fcb3647,182,6.072733,1,0.131683,0.500715,0.9342
035be5bf-adbf-4590-8968-43093fcb3647,182,6.072733,3,0.615896,0.630056,0.7323
035be5bf-adbf-4590-8968-43093fcb3647,182,6.072733,4,0.518724,0.467951,0.8869
035be5bf-adbf-4590-8968-43093fcb3647,182,6.072733,7,0.584978,0.477123,0.7787
035be5bf-adbf-4590-8968-43093fcb3647,182,6.072733,11,0.930498,0.412765,0.6263
035be5bf-adbf-4590-8968-43093fcb3647,182,6.072733,13,0.272541,0.522474,0.8472
035be5bf-adbf-4590-8968-43093fcb3647,183,6.106100,1,0.128178,0.500477,0.9357
035be5bf-adbf-4590-8968-43093fcb3647,183,6.106100,3,0.614744,0.631606,0.5009
035be5bf-adbf-4590-8968-43093fcb3647,183,6.106100,4,0.514209,0.469260,0.8910
035be5bf-adbf-4590-8968-43093fcb3647,183,6.106100,7,0.585896,0.476699,0.7828
035be5bf-adbf-4590-8968-43093fcb3647,183,6.106100,11,0.930424,0.413522,0.5951
035be5bf-adbf-4590-8968-43093fcb3647,183,6.106100,13,0.264358,0.518228,0.8591
035be5bf-adbf-4590-8968-43093fcb3647,184,6.139467,1,0.123604,0.498127,0.9339
035be5bf-adbf-4590-8968-43093fcb3647,184,6.139467,3,0.611874,0.634681,0.6442
035be5bf-adbf-4590-8968-43093fcb3647,184,6.139467,4,0.509340,0.471158,0.8799
035be5bf-adbf-4590-8968-43093fcb3647,184,6.139467,7,0.581384,0.477581,0.7905
035be5bf-adbf-4590-8968-43093fcb3647,184,6.139467,11,0.929360,0.413387,0.5339
035be5bf-adbf-4590-8968-43093fcb3647,184,6.139467,13,0.255838,0.511612,0.8700
035be5bf-adbf-4590-8968-43093fcb3647,185,6.172833,1,0.119871,0.497752,0.9276
035be5bf-adbf-4590-8968-43093fcb3647,185,6.172833,3,0.608927,0.649413,0.6145
035be5bf-adbf-4590-8968-43093fcb3647,185,6.172833,4,0.502292,0.469120,0.8739
035be5bf-adbf-4590-8968-43093fcb3647,185,6.172833,7,0.577686,0.478511,0.7768
035be5bf-adbf-4590-8968-43093fcb3647,185,6.172833,11,0.927839,0.413341,0.5220
035be5bf-adbf-4590-8968-43093fcb3647,185,6.172833,13,0.251595,0.513098,0.8629
035be5bf-adbf-4590-8968-43093fcb3647,186,6.206200,1,0.112407,0.497087,0.9322
035be5bf-adbf-4590-8968-43093fcb3647,186,6.206200,3,0.607196,0.651361,0.5316
035be5bf-adbf-4590-8968-43093fcb3647,186,6.206200,4,0.496708,0.468985,0.8545
035be5bf-adbf-4590-8968-43093fcb3647,186,6.206200,7,0.573741,0.478067,0.7541
035be5bf-adbf-4590-8968-43093fcb3647,186,6.206200,11,0.927430,0.413756,0.5497
035be5bf-adbf-4590-8968-43093fcb3647,186,6.206200,13,0.258658,0.502092,0.8357
035be5bf-adbf-4590-8968-43093fcb3647,187,6.239567,1,0.107284,0.496803,0.9212
035be5bf-adbf-4590-8968-43093fcb3647,187,6.239567,3,0.603406,0.656779,0.4137
035be5bf-adbf-4590-8968-43093fcb3647,187,6.239567,4,0.490895,0.470160,0.8684
035be5bf-adbf-4590-8968-43093fcb3647,187,6.239567,7,0.570058,0.480989,0.7987
035be5bf-adbf-4590-8968-43093fcb3647,187,6.239567,11,0.927395,0.414245,0.5837
035be5bf-adbf-4590-8968-43093fcb3647,187,6.239567,13,0.246387,0.496484,0.8409
035be5bf-adbf-4590-8968-43093fcb3647,188,6.272933,1,0.102627,0.495765,0.9218
035be5bf-adbf-4590-8968-43093fcb3647,188,6.272933,3,0.602276,0.659344,0.3937
035be5bf-adbf-4590-8968-43093fcb3647,188,6.272933,4,0.483199,0.468819,0.8650
035be5bf-adbf-4590-8968-43093fcb3647,188,6.272933,7,0.567714,0.480570,0.8135
035be5bf-adbf-4590-8968-43093fcb3647,188,6.272933,11,0.928534,0.414931,0.4941
035be5bf-adbf-4590-8968-43093fcb3647,188,6.272933,13,0.227250,0.508278,0.8574
035be5bf-adbf-4590-8968-43093fcb3647,189,6.306300,1,0.098542,0.495101,0.9308
035be5bf-adbf-4590-8968-43093fcb3647,189,6.306300,3,0.600497,0.666801,0.3947
035be5bf-adbf-4590-8968-43093fcb3647,189,6.306300,4,0.479143,0.468758,0.8651
035be5bf-adbf-4590-8968-43093fcb3647,189,6.306300,7,0.563912,0.481501,0.8170
035be5bf-adbf-4590-8968-43093fcb3647,189,6.306300,11,0.928379,0.415039,0.4671
035be5bf-adbf-4590-8968-43093fcb3647,189,6.306300,13,0.218114,0.509628,0.8657
035be5bf-adbf-4590-8968-43093fcb3647,190,6.339667,1,0.094889,0.495550,0.9331
035be5bf-adbf-4590-8968-43093fcb3647,190,6.339667,3,0.600560,0.668836,0.4647
035be5bf-adbf-4590-8968-43093fcb3647,190,6.339667,4,0.475315,0.477076,0.8678
035be5bf-adbf-4590-8968-43093fcb3647,190,6.339667,7,0.561846,0.482154,0.8113
035be5bf-adbf-4590-8968-43093fcb3647,190,6.339667,11,0.928343,0.415689,0.5233
035be5bf-adbf-4590-8968-43093fcb3647,190,6.339667,13,0.207282,0.509572,0.8924
035be5bf-adbf-4590-8968-43093fcb3647,191,6.373033,1,0.091059,0.495375,0.9274
035be5bf-adbf-4590-8968-43093fcb3647,191,6.373033,3,0.600413,0.671674,0.3036
035be5bf-adbf-4590-8968-43093fcb3647,191,6.373033,4,0.470987,0.476529,0.8759
035be5bf-adbf-4590-8968-43093fcb3647,191,6.373033,7,0.559468,0.482240,0.8151
035be5bf-adbf-4590-8968-43093fcb3647,191,6.373033,11,0.928463,0.416539,0.4808
035be5bf-adbf-4590-8968-43093fcb3647,191,6.373033,13,0.193415,0.506846,0.8950
035be5bf-adbf-4590-8968-43093fcb3647,192,6.406400,1,0.086280,0.496749,0.9247
035be5bf-adbf-4590-8968-43093fcb3647,192,6.406400,3,0.602765,0.675431,0.2678
035be5bf-adbf-4590-8968-43093fcb3647,192,6.406400,4,0.468253,0.470675,0.8832
035be5bf-adbf-4590-8968-43093fcb3647,192,6.406400,7,0.556291,0.483518,0.8253
035be5bf-adbf-4590-8968-43093fcb3647,192,6.406400,11,0.927762,0.417130,0.5490
035be5bf-adbf-4590-8968-43093fcb3647,192,6.406400,13,0.182541,0.504437,0.9021
035be5bf-adbf-4590-8968-43093fcb3647,193,6.439767,1,0.080856,0.495436,0.9253
035be5bf-adbf-4590-8968-43093fcb3647,193,6.439767,3,0.606094,0.677574,0.2927
035be5bf-adbf-4590-8968-43093fcb3647,193,6.439767,4,0.462268,0.470877,0.8839
035be5bf-adbf-4590-8968-43093fcb3647,193,6.439767,7,0.554074,0.482974,0.8369
035be5bf-adbf-4590-8968-43093fcb3647,193,6.439767,11,0.927925,0.417191,0.5827
035be5bf-adbf-4590-8968-43093fcb3647,193,6.439767,13,0.187121,0.500541,0.8827
035be5bf-adbf-4590-8968-43093fcb3647,194,6.473133,1,0.076140,0.495003,0.9160
035be5bf-adbf-4590-8968-43093fcb3647,194,6.473133,3,0.602097,0.680138,0.1738
035be5bf-adbf-4590-8968-43093fcb3647,194,6.473133,4,0.458703,0.471110,0.9002
035be5bf-adbf-4590-8968-43093fcb3647,194,6.473133,7,0.551875,0.485355,0.8127
035be5bf-adbf-4590-8968-43093fcb3647,194,6.473133,11,0.928331,0.417294,0.4913
035be5bf-adbf-4590-8968-43093fcb3647,194,6.473133,13,0.182797,0.502295,0.8678
035be5bf-adbf-4590-8968-43093fcb3647,195,6.506500,1,0.071151,0.494353,0.9124
035be5bf-adbf-4590-8968-43093fcb3647,195,6.506500,3,0.602430,0.680195,0.1536
035be5bf-adbf-4590-8968-43093fcb3647,195,6.506500,4,0.455345,0.473953,0.9078
035be5bf-adbf-4590-8968-43093fcb3647,195,6.506500,7,0.549931,0.486208,0.8424
035be5bf-adbf-4590-8968-43093fcb3647,195,6.506500,11,0.928591,0.416677,0.6223
035be5bf-adbf-4590-8968-43093fcb3647,195,6.506500,13,0.188401,0.501353,0.8979
035be5bf-adbf-4590-8968-43093fcb3647,196,6.539867,1,0.067457,0.495161,0.9049
035be5bf-adbf-4590-8968-43093fcb3647,196,6.539867,3,0.603292,0.681296,0.1380
035be5bf-adbf-4590-8968-43093fcb3647,196,6.539867,4,0.452770,0.474685,0.9087
035be5bf-adbf-4590-8968-43093fcb3647,196,6.539867,7,0.548634,0.487141,0.8377
035be5bf-adbf-4590-8968-43093fcb3647,196,6.539867,11,0.929363,0.416421,0.4639
035be5bf-adbf-4590-8968-43093fcb3647,196,6.539867,13,0.184732,0.499731,0.9175
035be5bf-adbf-4590-8968-43093fcb3647,197,6.573233,1,0.063435,0.498995,0.8968
035be5bf-adbf-4590-8968-43093fcb3647,197,6.573233,3,0.604996,0.682524,0.3430
035be5bf-adbf-4590-8968-43093fcb3647,197,6.573233,4,0.449725,0.474697,0.9001
035be5bf-adbf-4590-8968-43093fcb3647,197,6.573233,7,0.546107,0.487040,0.8407
035be5bf-adbf-4590-8968-43093fcb3647,197,6.573233,11,0.930049,0.416749,0.4129
035be5bf-adbf-4590-8968-43093fcb3647,197,6.573233,13,0.180954,0.502085,0.9250
035be5bf-adbf-4590-8968-43093fcb3647,198,6.606600,1,0.058585,0.500115,0.8934
035be5bf-adbf-4590-8968-43093fcb3647,198,6.606600,3,0.604415,0.682576,0.3702
035be5bf-adbf-4590-8968-43093fcb3647,198,6.606600,4,0.447487,0.475500,0.9146
035be5bf-adbf-4590-8968-43093fcb3647,198,6.606600,7,0.542442,0.484795,0.8539
035be5bf-adbf-4590-8968-43093fcb3647,198,6.606600,11,0.930075,0.417577,0.4100
035be5bf-adbf-4590-8968-43093fcb3647,198,6.606600,13,0.170690,0.502219,0.9260
035be5bf-adbf-4590-8968-43093fcb3647,199,6.639967,1,0.054426,0.503909,0.9004
035be5bf-adbf-4590-8968-43093fcb3647,199,6.639967,3,0.606080,0.680614,0.4658
035be5bf-adbf-4590-8968-43093fcb3647,199,6.639967,4,0.444813,0.475145,0.9010
035be5bf-adbf-4590-8968-43093fcb3647,199,6.639967,7,0.540618,0.486443,0.8658
035be5bf-adbf-4590-8968-43093fcb3647,199,6.639967,11,0.930767,0.418544,0.2174
035be5bf-adbf-4590-8968-43093fcb3647,199,6.639967,13,0.167393,0.500367,0.9137
035be5bf-adbf-4590-8968-43093fcb3647,200,6.673333,1,0.049928,0.503823,0.8849
035be5bf-adbf-4590-8968-43093fcb3647,200,6.673333,3,0.611068,0.683658,0.2263
035be5bf-adbf-4590-8968-43093fcb3647,200,6.673333,4,0.442432,0.474665,0.8948
035be5bf-adbf-4590-8968-43093fcb3647,200,6.673333,7,0.536857,0.485734,0.8610
035be5bf-adbf-4590-8968-43093fcb3647,200,6.673333,13,0.151212,0.499693,0.8941
035be5bf-adbf-4590-8968-43093fcb3647,201,6.706700,1,0.045935,0.508766,0.8528
035be5bf-adbf-4590-8968-43093fcb3647,201,6.706700,3,0.610735,0.683508,0.3259
035be5bf-adbf-4590-8968-43093fcb3647,201,6.706700,4,0.437430,0.473136,0.8948
035be5bf-adbf-4590-8968-43093fcb3647,201,6.706700,7,0.533455,0.485713,0.8492
035be5bf-adbf-4590-8968-43093fcb3647,201,6.706700,11,0.934088,0.415337,0.1309
035be5bf-adbf-4590-8968-43093fcb3647,201,6.706700,13,0.141381,0.499822,0.8947
035be5bf-adbf-4590-8968-43093fcb3647,202,6.740067,1,0.038863,0.516998,0.8115
035be5bf-adbf-4590-8968-43093fcb3647,202,6.740067,3,0.610197,0.688071,0.2595
035be5bf-adbf-4590-8968-43093fcb3647,202,6.740067,4,0.433335,0.470058,0.8873
035be5bf-adbf-4590-8968-43093fcb3647,202,6.740067,7,0.532694,0.486593,0.8654
035be5bf-adbf-4590-8968-43093fcb3647,202,6.740067,11,0.936083,0.414951,0.6387
035be5bf-adbf-4590-8968-43093fcb3647,202,6.740067,13,0.129801,0.498919,0.8977
035be5bf-adbf-4590-8968-43093fcb3647,203,6.773433,1,0.034985,0.516476,0.7693
035be5bf-adbf-4590-8968-43093fcb3647,203,6.773433,3,0.611308,0.687893,0.3239
035be5bf-adbf-4590-8968-43093fcb3647,203,6.773433,4,0.428796,0.469682,0.8857
035be5bf-adbf-4590-8968-43093fcb3647,203,6.773433,7,0.533507,0.486629,0.8583
035be5bf-adbf-4590-8968-43093fcb3647,203,6.773433,11,0.937320,0.414540,0.7094
035be5bf-adbf-4590-8968-43093fcb3647,203,6.773433,13,0.124027,0.499725,0.9063
035be5bf-adbf-4590-8968-43093fcb3647,204,6.806800,1,0.032574,0.515894,0.2755
035be5bf-adbf-4590-8968-43093fcb3647,204,6.806800,3,0.623682,0.682481,0.3539
035be5bf-adbf-4590-8968-43093fcb3647,204,6.806800,4,0.425197,0.470325,0.8619
035be5bf-adbf-4590-8968-43093fcb3647,204,6.806800,7,0.533639,0.483756,0.8597
035be5bf-adbf-4590-8968-43093fcb3647,204,6.806800,11,0.938537,0.414576,0.5375
035be5bf-adbf-4590-8968-43093fcb3647,204,6.806800,13,0.117097,0.493579,0.9089
035be5bf-adbf-4590-8968-43093fcb3647,205,6.840167,1,0.025849,0.299011,0.2866
035be5bf-adbf-4590-8968-43093fcb3647,205,6.840167,3,0.619996,0.679981,0.6698
035be5bf-adbf-4590-8968-43093fcb3647,205,6.840167,4,0.415336,0.469536,0.8721
035be5bf-adbf-4590-8968-43093fcb3647,205,6.840167,7,0.531521,0.485439,0.8810
035be5bf-adbf-4590-8968-43093fcb3647,205,6.840167,11,0.939770,0.414108,0.5209
035be5bf-adbf-4590-8968-43093fcb3647,205,6.840167,13,0.115336,0.498668,0.9129
035be5bf-adbf-4590-8968-43093fcb3647,206,6.873533,1,0.020314,0.284098,0.1814
035be5bf-adbf-4590-8968-43093fcb3647,206,6.873533,3,0.620765,0.675999,0.7393
035be5bf-adbf-4590-8968-43093fcb3647,206,6.873533,4,0.410259,0.468610,0.8783
035be5bf-adbf-4590-8968-43093fcb3647,206,6.873533,7,0.530427,0.487203,0.8726
035be5bf-adbf-4590-8968-43093fcb3647,206,6.873533,11,0.940944,0.413590,0.4724
035be5bf-adbf-4590-8968-43093fcb3647,206,6.873533,13,0.112951,0.499880,0.9093
035be5bf-adbf-4590-8968-43093fcb3647,207,6.906900,3,0.621927,0.676649,0.7737
035be5bf-adbf-4590-8968-43093fcb3647,207,6.906900,4,0.406033,0.471200,0.8840
035be5bf-adbf-4590-8968-43093fcb3647,207,6.906900,7,0.531009,0.488174,0.8677
035be5bf-adbf-4590-8968-43093fcb3647,207,6.906900,11,0.942656,0.414442,0.5906
035be5bf-adbf-4590-8968-43093fcb3647,207,6.906900,13,0.110840,0.499959,0.9110
035be5bf-adbf-4590-8968-43093fcb3647,208,6.940267,3,0.621460,0.689232,0.7135
035be5bf-adbf-4590-8968-43093fcb3647,208,6.940267,4,0.401795,0.473791,0.8847
035be5bf-adbf-4590-8968-43093fcb3647,208,6.940267,7,0.530121,0.489489,0.8479
035be5bf-adbf-4590-8968-43093fcb3647,208,6.940267,11,0.944785,0.415391,0.6651
035be5bf-adbf-4590-8968-43093fcb3647,208,6.940267,13,0.106877,0.497815,0.9265
035be5bf-adbf-4590-8968-43093fcb3647,209,6.973633,3,0.621126,0.688742,0.7096
035be5bf-adbf-4590-8968-43093fcb3647,209,6.973633,4,0.398627,0.474234,0.8814
035be5bf-adbf-4590-8968-43093fcb3647,209,6.973633,7,0.527711,0.488502,0.8465
035be5bf-adbf-4590-8968-43093fcb3647,209,6.973633,11,0.945073,0.415283,0.5873
035be5bf-adbf-4590-8968-43093fcb3647,209,6.973633,13,0.108640,0.498748,0.9172
035be5bf-adbf-4590-8968-43093fcb3647,210,7.007000,3,0.619499,0.705047,0.6366
035be5bf-adbf-4590-8968-43093fcb3647,210,7.007000,4,0.395446,0.475461,0.8808
035be5bf-adbf-4590-8968-43093fcb3647,210,7.007000,7,0.522658,0.486915,0.8138
035be5bf-adbf-4590-8968-43093fcb3647,210,7.007000,11,0.945720,0.415426,0.6757
035be5bf-adbf-4590-8968-43093fcb3647,210,7.007000,13,0.108710,0.506064,0.8841
035be5bf-adbf-4590-8968-43093fcb3647,211,7.040367,3,0.618687,0.713397,0.6266
035be5bf-adbf-4590-8968-43093fcb3647,211,7.040367,4,0.391559,0.475548,0.8897
035be5bf-adbf-4590-8968-43093fcb3647,211,7.040367,7,0.518974,0.487549,0.7874
035be5bf-adbf-4590-8968-43093fcb3647,211,7.040367,11,0.948112,0.415556,0.6847
035be5bf-adbf-4590-8968-43093fcb3647,211,7.040367,13,0.101501,0.507216,0.8875
035be5bf-adbf-4590-8968-43093fcb3647,212,7.073733,3,0.620263,0.714649,0.2764
035be5bf-adbf-4590-8968-43093fcb3647,212,7.073733,4,0.388337,0.475054,0.8909
035be5bf-adbf-4590-8968-43093fcb3647,212,7.073733,7,0.514468,0.489812,0.7881
035be5bf-adbf-4590-8968-43093fcb3647,212,7.073733,11,0.949281,0.415551,0.7191
035be5bf-adbf-4590-8968-43093fcb3647,212,7.073733,13,0.099871,0.505637,0.8574
035be5bf-adbf-4590-8968-43093fcb3647,213,7.107100,3,0.620634,0.713193,0.1616
035be5bf-adbf-4590-8968-43093fcb3647,213,7.107100,4,0.385369,0.477644,0.8839
035be5bf-adbf-4590-8968-43093fcb3647,213,7.107100,7,0.510716,0.488625,0.8008
035be5bf-adbf-4590-8968-43093fcb3647,213,7.107100,11,0.949423,0.415756,0.7205
035be5bf-adbf-4590-8968-43093fcb3647,213,7.107100,13,0.098464,0.499793,0.8734
035be5bf-adbf-4590-8968-43093fcb3647,214,7.140467,3,0.622228,0.718647,0.2436
035be5bf-adbf-4590-8968-43093fcb3647,214,7.140467,4,0.381442,0.479133,0.8627
035be5bf-adbf-4590-8968-43093fcb3647,214,7.140467,7,0.507482,0.489381,0.8129
035be5bf-adbf-4590-8968-43093fcb3647,214,7.140467,11,0.949943,0.415200,0.7517
035be5bf-adbf-4590-8968-43093fcb3647,214,7.140467,13,0.085832,0.501567,0.8751
035be5bf-adbf-4590-8968-43093fcb3647,215,7.173833,3,0.620806,0.720248,0.3136
035be5bf-adbf-4590-8968-43093fcb3647,215,7.173833,4,0.379658,0.477853,0.8129
035be5bf-adbf-4590-8968-43093fcb3647,215,7.173833,7,0.504520,0.488738,0.8171
035be5bf-adbf-4590-8968-43093fcb3647,215,7.173833,11,0.950405,0.414620,0.7512
035be5bf-adbf-4590-8968-43093fcb3647,215,7.173833,13,0.082700,0.499545,0.8988
035be5bf-adbf-4590-8968-43093fcb3647,216,7.207200,3,0.624554,0.720976,0.4227
035be5bf-adbf-4590-8968-43093fcb3647,216,7.207200,4,0.372771,0.477723,0.5998
035be5bf-adbf-4590-8968-43093fcb3647,216,7.207200,7,0.501460,0.489356,0.8481
035be5bf-adbf-4590-8968-43093fcb3647,216,7.207200,11,0.951166,0.414517,0.7229
035be5bf-adbf-4590-8968-43093fcb3647,216,7.207200,13,0.077269,0.499626,0.8863
035be5bf-adbf-4590-8968-43093fcb3647,217,7.240567,3,0.626409,0.722808,0.4510
035be5bf-adbf-4590-8968-43093fcb3647,217,7.240567,4,0.359318,0.428383,0.7973
035be5bf-adbf-4590-8968-43093fcb3647,217,7.240567,7,0.500713,0.490379,0.8216
035be5bf-adbf-4590-8968-43093fcb3647,217,7.240567,11,0.951663,0.413381,0.6645
035be5bf-adbf-4590-8968-43093fcb3647,217,7.240567,13,0.074163,0.501449,0.8442
035be5bf-adbf-4590-8968-43093fcb3647,218,7.273933,3,0.626386,0.726996,0.3152
035be5bf-adbf-4590-8968-43093fcb3647,218,7.273933,4,0.355154,0.426426,0.7979
035be5bf-adbf-4590-8968-43093fcb3647,218,7.273933,7,0.498567,0.491613,0.8357
035be5bf-adbf-4590-8968-43093fcb3647,218,7.273933,11,0.953745,0.412077,0.6931
035be5bf-adbf-4590-8968-43093fcb3647,218,7.273933,13,0.069933,0.502771,0.8262
035be5bf-adbf-4590-8968-43093fcb3647,219,7.307300,3,0.626337,0.728148,0.4624
035be5bf-adbf-4590-8968-43093fcb3647,219,7.307300,4,0.351182,0.427039,0.7687
035be5bf-adbf-4590-8968-43093fcb3647,219,7.307300,7,0.494523,0.492130,0.8413
035be5bf-adbf-4590-8968-43093fcb3647,219,7.307300,11,0.955258,0.412187,0.7199
035be5bf-adbf-4590-8968-43093fcb3647,219,7.307300,13,0.063729,0.503624,0.8519
035be5bf-adbf-4590-8968-43093fcb3647,220,7.340667,3,0.626752,0.730808,0.3339
035be5bf-adbf-4590-8968-43093fcb3647,220,7.340667,4,0.346373,0.429094,0.7602
035be5bf-adbf-4590-8968-43093fcb3647,220,7.340667,7,0.491788,0.491792,0.8374
035be5bf-adbf-4590-8968-43093fcb3647,220,7.340667,11,0.956822,0.412232,0.7415
035be5bf-adbf-4590-8968-43093fcb3647,220,7.340667,13,0.058475,0.499720,0.8100
035be5bf-adbf-4590-8968-43093fcb3647,221,7.374033,3,0.625093,0.733344,0.3447
035be5bf-adbf-4590-8968-43093fcb3647,221,7.374033,4,0.340298,0.432912,0.7592
035be5bf-adbf-4590-8968-43093fcb3647,221,7.374033,7,0.489155,0.490933,0.8519
035be5bf-adbf-4590-8968-43093fcb3647,221,7.374033,11,0.958173,0.412572,0.7145
035be5bf-adbf-4590-8968-43093fcb3647,221,7.374033,13,0.050478,0.508082,0.8351
035be5bf-adbf-4590-8968-43093fcb3647,222,7.407400,3,0.631361,0.729181,0.4151
035be5bf-adbf-4590-8968-43093fcb3647,222,7.407400,4,0.336274,0.432111,0.7783
035be5bf-adbf-4590-8968-43093fcb3647,222,7.407400,7,0.487483,0.491653,0.8493
035be5bf-adbf-4590-8968-43093fcb3647,222,7.407400,11,0.960369,0.412530,0.7225
035be5bf-adbf-4590-8968-43093fcb3647,222,7.407400,13,0.041804,0.500890,0.7794
035be5bf-adbf-4590-8968-43093fcb3647,223,7.440767,3,0.629093,0.731923,0.4979
035be5bf-adbf-4590-8968-43093fcb3647,223,7.440767,4,0.331734,0.433367,0.7885
035be5bf-adbf-4590-8968-43093fcb3647,223,7.440767,7,0.488355,0.492342,0.8603
035be5bf-adbf-4590-8968-43093fcb3647,223,7.440767,11,0.961724,0.412515,0.7236
035be5bf-adbf-4590-8968-43093fcb3647,223,7.440767,13,0.033979,0.502186,0.7359
035be5bf-adbf-4590-8968-43093fcb3647,224,7.474133,3,0.629944,0.737946,0.2143
035be5bf-adbf-4590-8968-43093fcb3647,224,7.474133,4,0.328245,0.431865,0.7970
035be5bf-adbf-4590-8968-43093fcb3647,224,7.474133,7,0.486857,0.490848,0.8560
035be5bf-adbf-4590-8968-43093fcb3647,224,7.474133,11,0.961887,0.411996,0.7371
035be5bf-adbf-4590-8968-43093fcb3647,224,7.474133,13,0.026282,0.510106,0.6636
035be5bf-adbf-4590-8968-43093fcb3647,225,7.507500,3,0.636829,0.743455,0.2688
035be5bf-adbf-4590-8968-43093fcb3647,225,7.507500,4,0.325634,0.433167,0.8061
035be5bf-adbf-4590-8968-43093fcb3647,225,7.507500,7,0.483587,0.489847,0.8770
035be5bf-adbf-4590-8968-43093fcb3647,225,7.507500,11,0.963617,0.411879,0.7480
035be5bf-adbf-4590-8968-43093fcb3647,225,7.507500,13,0.012974,0.703777,0.1203
035be5bf-adbf-4590-8968-43093fcb3647,226,7.540867,3,0.627327,0.750967,0.1983
035be5bf-adbf-4590-8968-43093fcb3647,226,7.540867,4,0.322277,0.431931,0.8169
035be5bf-adbf-4590-8968-43093fcb3647,226,7.540867,7,0.480653,0.491258,0.8771
035be5bf-adbf-4590-8968-43093fcb3647,226,7.540867,11,0.965215,0.411148,0.7506
035be5bf-adbf-4590-8968-43093fcb3647,227,7.574233,3,0.631854,0.759442,0.1347
035be5bf-adbf-4590-8968-43093fcb3647,227,7.574233,4,0.318014,0.436067,0.8311
035be5bf-adbf-4590-8968-43093fcb3647,227,7.574233,7,0.477902,0.491801,0.8517
035be5bf-adbf-4590-8968-43093fcb3647,227,7.574233,11,0.968392,0.411022,0.7547
035be5bf-adbf-4590-8968-43093fcb3647,228,7.607600,3,0.634513,0.760692,0.2020
035be5bf-adbf-4590-8968-43093fcb3647,228,7.607600,4,0.313732,0.439067,0.8217
035be5bf-adbf-4590-8968-43093fcb3647,228,7.607600,7,0.475480,0.493320,0.8432
035be5bf-adbf-4590-8968-43093fcb3647,228,7.607600,11,0.968361,0.411451,0.7156
035be5bf-adbf-4590-8968-43093fcb3647,229,7.640967,4,0.308851,0.442521,0.8038
035be5bf-adbf-4590-8968-43093fcb3647,229,7.640967,7,0.472683,0.492598,0.8416
035be5bf-adbf-4590-8968-43093fcb3647,229,7.640967,11,0.970763,0.411653,0.7592
035be5bf-adbf-4590-8968-43093fcb3647,230,7.674333,4,0.306014,0.442067,0.8110
035be5bf-adbf-4590-8968-43093fcb3647,230,7.674333,7,0.468221,0.493247,0.8301
035be5bf-adbf-4590-8968-43093fcb3647,230,7.674333,11,0.972605,0.412203,0.7349
035be5bf-adbf-4590-8968-43093fcb3647,231,7.707700,4,0.301745,0.443682,0.8151
035be5bf-adbf-4590-8968-43093fcb3647,231,7.707700,7,0.463840,0.494579,0.8366
035be5bf-adbf-4590-8968-43093fcb3647,231,7.707700,11,0.974135,0.412926,0.7589
035be5bf-adbf-4590-8968-43093fcb3647,232,7.741067,4,0.297629,0.446661,0.8417
035be5bf-adbf-4590-8968-43093fcb3647,232,7.741067,7,0.461794,0.492778,0.8095
035be5bf-adbf-4590-8968-43093fcb3647,232,7.741067,11,0.975172,0.412925,0.7979
035be5bf-adbf-4590-8968-43093fcb3647,233,7.774433,4,0.291116,0.445066,0.8285
035be5bf-adbf-4590-8968-43093fcb3647,233,7.774433,7,0.457081,0.494359,0.8260
035be5bf-adbf-4590-8968-43093fcb3647,233,7.774433,11,0.976126,0.413752,0.7676
035be5bf-adbf-4590-8968-43093fcb3647,234,7.807800,4,0.284559,0.442732,0.8066
035be5bf-adbf-4590-8968-43093fcb3647,234,7.807800,7,0.453231,0.496570,0.8234
035be5bf-adbf-4590-8968-43093fcb3647,234,7.807800,11,0.976814,0.415101,0.6876
035be5bf-adbf-4590-8968-43093fcb3647,235,7.841167,4,0.279024,0.446014,0.7977
035be5bf-adbf-4590-8968-43093fcb3647,235,7.841167,7,0.453134,0.497489,0.8288
035be5bf-adbf-4590-8968-43093fcb3647,235,7.841167,11,0.978158,0.416129,0.6390
035be5bf-adbf-4590-8968-43093fcb3647,236,7.874533,4,0.275040,0.445933,0.8268
035be5bf-adbf-4590-8968-43093fcb3647,236,7.874533,7,0.450847,0.499320,0.8344
035be5bf-adbf-4590-8968-43093fcb3647,236,7.874533,11,0.979653,0.416537,0.6601
035be5bf-adbf-4590-8968-43093fcb3647,237,7.907900,4,0.270901,0.447736,0.8253
035be5bf-adbf-4590-8968-43093fcb3647,237,7.907900,7,0.450338,0.499660,0.8452
035be5bf-adbf-4590-8968-43093fcb3647,237,7.907900,11,0.980888,0.416527,0.7384
035be5bf-adbf-4590-8968-43093fcb3647,238,7.941267,4,0.266541,0.454072,0.7717
035be5bf-adbf-4590-8968-43093fcb3647,238,7.941267,7,0.447147,0.500412,0.8560
035be5bf-adbf-4590-8968-43093fcb3647,238,7.941267,11,0.981575,0.414956,0.6381
035be5bf-adbf-4590-8968-43093fcb3647,239,7.974633,4,0.264001,0.451522,0.7476
035be5bf-adbf-4590-8968-43093fcb3647,239,7.974633,7,0.441907,0.498860,0.8510
035be5bf-adbf-4590-8968-43093fcb3647,239,7.974633,11,0.982459,0.409692,0.2594
035be5bf-adbf-4590-8968-43093fcb3647,240,8.008000,4,0.260476,0.461179,0.7422
035be5bf-adbf-4590-8968-43093fcb3647,240,8.008000,7,0.437908,0.498935,0.8679
035be5bf-adbf-4590-8968-43093fcb3647,241,8.041367,3,0.649058,0.792092,0.3576
035be5bf-adbf-4590-8968-43093fcb3647,241,8.041367,4,0.255042,0.463830,0.6734
035be5bf-adbf-4590-8968-43093fcb3647,241,8.041367,7,0.437245,0.499742,0.8831
035be5bf-adbf-4590-8968-43093fcb3647,242,8.074733,3,0.666681,0.790938,0.1847
035be5bf-adbf-4590-8968-43093fcb3647,242,8.074733,4,0.250542,0.471659,0.6806
035be5bf-adbf-4590-8968-43093fcb3647,242,8.074733,7,0.438389,0.500224,0.8662
035be5bf-adbf-4590-8968-43093fcb3647,242,8.074733,11,0.986138,0.430156,0.1410
035be5bf-adbf-4590-8968-43093fcb3647,243,8.108100,3,0.668743,0.797741,0.3778
035be5bf-adbf-4590-8968-43093fcb3647,243,8.108100,4,0.247658,0.474980,0.6834
035be5bf-adbf-4590-8968-43093fcb3647,243,8.108100,7,0.437802,0.500725,0.8726
035be5bf-adbf-4590-8968-43093fcb3647,244,8.141467,3,0.668730,0.798244,0.4941
035be5bf-adbf-4590-8968-43093fcb3647,244,8.141467,4,0.241878,0.414635,0.7049
035be5bf-adbf-4590-8968-43093fcb3647,244,8.141467,7,0.437118,0.500662,0.8616
035be5bf-adbf-4590-8968-43093fcb3647,245,8.174833,3,0.674735,0.799183,0.3395
035be5bf-adbf-4590-8968-43093fcb3647,245,8.174833,4,0.237003,0.412119,0.7683
035be5bf-adbf-4590-8968-43093fcb3647,245,8.174833,7,0.437102,0.497078,0.8569
035be5bf-adbf-4590-8968-43093fcb3647,246,8.208200,3,0.670718,0.800519,0.2763
035be5bf-adbf-4590-8968-43093fcb3647,246,8.208200,4,0.232951,0.410587,0.7156
035be5bf-adbf-4590-8968-43093fcb3647,246,8.208200,7,0.434152,0.498656,0.8680
035be5bf-adbf-4590-8968-43093fcb3647,247,8.241567,3,0.682555,0.800129,0.1372
035be5bf-adbf-4590-8968-43093fcb3647,247,8.241567,4,0.230395,0.413218,0.7048
035be5bf-adbf-4590-8968-43093fcb3647,247,8.241567,7,0.432998,0.499058,0.8719
035be5bf-adbf-4590-8968-43093fcb3647,248,8.274933,3,0.688211,0.797736,0.3861
035be5bf-adbf-4590-8968-43093fcb3647,248,8.274933,4,0.226881,0.415677,0.7635
035be5bf-adbf-4590-8968-43093fcb3647,248,8.274933,7,0.427124,0.499738,0.8361
035be5bf-adbf-4590-8968-43093fcb3647,249,8.308300,3,0.695481,0.784802,0.2053
035be5bf-adbf-4590-8968-43093fcb3647,249,8.308300,4,0.223727,0.417868,0.6470
035be5bf-adbf-4590-8968-43093fcb3647,249,8.308300,7,0.425809,0.500173,0.8344
035be5bf-adbf-4590-8968-43093fcb3647,250,8.341667,3,0.686708,0.799773,0.3670
035be5bf-adbf-4590-8968-43093fcb3647,250,8.341667,4,0.220916,0.415015,0.5796
035be5bf-adbf-4590-8968-43093fcb3647,250,8.341667,7,0.420420,0.499528,0.8352
035be5bf-adbf-4590-8968-43093fcb3647,251,8.375033,3,0.686108,0.805550,0.2647
035be5bf-adbf-4590-8968-43093fcb3647,251,8.375033,4,0.216189,0.413638,0.7864
035be5bf-adbf-4590-8968-43093fcb3647,251,8.375033,7,0.415431,0.501386,0.8333
035be5bf-adbf-4590-8968-43093fcb3647,252,8.408400,3,0.691803,0.805688,0.3279
035be5bf-adbf-4590-8968-43093fcb3647,252,8.408400,4,0.212146,0.415590,0.7852
035be5bf-adbf-4590-8968-43093fcb3647,252,8.408400,7,0.412319,0.502675,0.8272
035be5bf-adbf-4590-8968-43093fcb3647,253,8.441767,3,0.696471,0.805115,0.5431
035be5bf-adbf-4590-8968-43093fcb3647,253,8.441767,4,0.209042,0.415012,0.7604
035be5bf-adbf-4590-8968-43093fcb3647,253,8.441767,7,0.407506,0.502213,0.8415
035be5bf-adbf-4590-8968-43093fcb3647,254,8.475133,3,0.699568,0.809890,0.1595
035be5bf-adbf-4590-8968-43093fcb3647,254,8.475133,4,0.204066,0.413511,0.7810
035be5bf-adbf-4590-8968-43093fcb3647,254,8.475133,7,0.405453,0.502939,0.8475
035be5bf-adbf-4590-8968-43093fcb3647,255,8.508500,4,0.200154,0.411231,0.8131
035be5bf-adbf-4590-8968-43093fcb3647,255,8.508500,7,0.402768,0.502135,0.8554
035be5bf-adbf-4590-8968-43093fcb3647,256,8.541867,3,0.700810,0.811635,0.2252
035be5bf-adbf-4590-8968-43093fcb3647,256,8.541867,4,0.194835,0.413463,0.8249
035be5bf-adbf-4590-8968-43093fcb3647,256,8.541867,7,0.400933,0.503203,0.8621
035be5bf-adbf-4590-8968-43093fcb3647,257,8.575233,3,0.700438,0.813029,0.1686
035be5bf-adbf-4590-8968-43093fcb3647,257,8.575233,4,0.189455,0.408409,0.8336
035be5bf-adbf-4590-8968-43093fcb3647,257,8.575233,7,0.396125,0.503431,0.8523
035be5bf-adbf-4590-8968-43093fcb3647,257,8.575233,15,0.700850,0.575237,0.5196
035be5bf-adbf-4590-8968-43093fcb3647,258,8.608600,3,0.710325,0.814856,0.1958
035be5bf-adbf-4590-8968-43093fcb3647,258,8.608600,4,0.186402,0.409286,0.8557
035be5bf-adbf-4590-8968-43093fcb3647,258,8.608600,7,0.394265,0.503902,0.8452
035be5bf-adbf-4590-8968-43093fcb3647,258,8.608600,15,0.701160,0.575674,0.4631
035be5bf-adbf-4590-8968-43093fcb3647,259,8.641967,3,0.701451,0.811760,0.1955
035be5bf-adbf-4590-8968-43093fcb3647,259,8.641967,4,0.180742,0.409329,0.8450
035be5bf-adbf-4590-8968-43093fcb3647,259,8.641967,7,0.388890,0.503129,0.8630
035be5bf-adbf-4590-8968-43093fcb3647,259,8.641967,15,0.701820,0.572924,0.4745
035be5bf-adbf-4590-8968-43093fcb3647,260,8.675333,3,0.702956,0.809770,0.1793
035be5bf-adbf-4590-8968-43093fcb3647,260,8.675333,4,0.175916,0.407484,0.8480
035be5bf-adbf-4590-8968-43093fcb3647,260,8.675333,7,0.388214,0.503994,0.8606
035be5bf-adbf-4590-8968-43093fcb3647,260,8.675333,15,0.704097,0.575914,0.1312
035be5bf-adbf-4590-8968-43093fcb3647,261,8.708700,3,0.706341,0.812120,0.2479
035be5bf-adbf-4590-8968-43093fcb3647,261,8.708700,4,0.169326,0.407014,0.8620
035be5bf-adbf-4590-8968-43093fcb3647,261,8.708700,7,0.388604,0.503222,0.8521
035be5bf-adbf-4590-8968-43093fcb3647,262,8.742067,4,0.166092,0.405344,0.8591
035be5bf-adbf-4590-8968-43093fcb3647,262,8.742067,7,0.385687,0.503547,0.8684
035be5bf-adbf-4590-8968-43093fcb3647,263,8.775433,4,0.159279,0.406742,0.8610
035be5bf-adbf-4590-8968-43093fcb3647,263,8.775433,7,0.383981,0.503489,0.8866
035be5bf-adbf-4590-8968-43093fcb3647,264,8.808800,4,0.153870,0.408633,0.8645
035be5bf-adbf-4590-8968-43093fcb3647,264,8.808800,7,0.381741,0.503590,0.8831
035be5bf-adbf-4590-8968-43093fcb3647,265,8.842167,4,0.148703,0.409015,0.8644
035be5bf-adbf-4590-8968-43093fcb3647,265,8.842167,7,0.378223,0.503345,0.8807
035be5bf-adbf-4590-8968-43093fcb3647,266,8.875533,4,0.143264,0.409514,0.8453
035be5bf-adbf-4590-8968-43093fcb3647,266,8.875533,7,0.374238,0.502465,0.8609
035be5bf-adbf-4590-8968-43093fcb3647,267,8.908900,4,0.138897,0.408543,0.7962
035be5bf-adbf-4590-8968-43093fcb3647,267,8.908900,7,0.367627,0.501776,0.8506
035be5bf-adbf-4590-8968-43093fcb3647,268,8.942267,4,0.134340,0.407158,0.7417
035be5bf-adbf-4590-8968-43093fcb3647,268,8.942267,7,0.362778,0.505222,0.8529
035be5bf-adbf-4590-8968-43093fcb3647,269,8.975633,3,0.714185,0.603084,0.4321
035be5bf-adbf-4590-8968-43093fcb3647,269,8.975633,4,0.125876,0.410889,0.4210
035be5bf-adbf-4590-8968-43093fcb3647,269,8.975633,7,0.358300,0.506270,0.8664
035be5bf-adbf-4590-8968-43093fcb3647,270,9.009000,4,0.122403,0.405609,0.4199
035be5bf-adbf-4590-8968-43093fcb3647,270,9.009000,7,0.352959,0.506488,0.8633
035be5bf-adbf-4590-8968-43093fcb3647,271,9.042367,4,0.118012,0.407488,0.6485
035be5bf-adbf-4590-8968-43093fcb3647,271,9.042367,7,0.350584,0.508450,0.8649
035be5bf-adbf-4590-8968-43093fcb3647,272,9.075733,4,0.108087,0.404083,0.3521
035be5bf-adbf-4590-8968-43093fcb3647,272,9.075733,7,0.347661,0.510264,0.8588
035be5bf-adbf-4590-8968-43093fcb3647,273,9.109100,4,0.105366,0.404181,0.2306
035be5bf-adbf-4590-8968-43093fcb3647,273,9.109100,7,0.347027,0.510309,0.8573
035be5bf-adbf-4590-8968-43093fcb3647,274,9.142467,4,0.098832,0.395091,0.1489
035be5bf-adbf-4590-8968-43093fcb3647,274,9.142467,7,0.345109,0.510342,0.8606
035be5bf-adbf-4590-8968-43093fcb3647,275,9.175833,7,0.340297,0.510277,0.8448
035be5bf-adbf-4590-8968-43093fcb3647,276,9.209200,4,0.068240,0.372527,0.1437
035be5bf-adbf-4590-8968-43093fcb3647,276,9.209200,7,0.335143,0.511590,0.8468
035be5bf-adbf-4590-8968-43093fcb3647,277,9.242567,3,0.804171,0.844915,0.2753
035be5bf-adbf-4590-8968-43093fcb3647,277,9.242567,4,0.068587,0.373562,0.1448
035be5bf-adbf-4590-8968-43093fcb3647,277,9.242567,7,0.334880,0.511273,0.8157
035be5bf-adbf-4590-8968-43093fcb3647,278,9.275933,3,0.804601,0.843733,0.2427
035be5bf-adbf-4590-8968-43093fcb3647,278,9.275933,7,0.336328,0.512332,0.8223
035be5bf-adbf-4590-8968-43093fcb3647,279,9.309300,3,0.809370,0.831001,0.1850
035be5bf-adbf-4590-8968-43093fcb3647,279,9.309300,4,0.055652,0.368901,0.2083
035be5bf-adbf-4590-8968-43093fcb3647,279,9.309300,7,0.335490,0.512436,0.8449
035be5bf-adbf-4590-8968-43093fcb3647,280,9.342667,3,0.847266,0.936391,0.2255
035be5bf-adbf-4590-8968-43093fcb3647,280,9.342667,4,0.053120,0.368056,0.5416
035be5bf-adbf-4590-8968-43093fcb3647,280,9.342667,7,0.333759,0.511237,0.8839
035be5bf-adbf-4590-8968-43093fcb3647,281,9.376033,3,0.855773,0.940069,0.1359
035be5bf-adbf-4590-8968-43093fcb3647,281,9.376033,4,0.051433,0.367899,0.6100
035be5bf-adbf-4590-8968-43093fcb3647,281,9.376033,7,0.333234,0.507847,0.9052
035be5bf-adbf-4590-8968-43093fcb3647,282,9.409400,3,0.818752,0.848290,0.2256
035be5bf-adbf-4590-8968-43093fcb3647,282,9.409400,4,0.047835,0.367088,0.4829
035be5bf-adbf-4590-8968-43093fcb3647,282,9.409400,7,0.332010,0.508104,0.9036
035be5bf-adbf-4590-8968-43093fcb3647,283,9.442767,4,0.043820,0.366507,0.4202
035be5bf-adbf-4590-8968-43093fcb3647,283,9.442767,7,0.330184,0.507798,0.9030
035be5bf-adbf-4590-8968-43093fcb3647,284,9.476133,3,0.820053,0.855463,0.1483
035be5bf-adbf-4590-8968-43093fcb3647,284,9.476133,4,0.042475,0.366071,0.2895
035be5bf-adbf-4590-8968-43093fcb3647,284,9.476133,7,0.327290,0.507483,0.8884
035be5bf-adbf-4590-8968-43093fcb3647,285,9.509500,4,0.037222,0.365958,0.3337
035be5bf-adbf-4590-8968-43093fcb3647,285,9.509500,7,0.324270,0.508167,0.8681
035be5bf-adbf-4590-8968-43093fcb3647,286,9.542867,7,0.320077,0.508051,0.8521
035be5bf-adbf-4590-8968-43093fcb3647,287,9.576233,4,0.029447,0.366717,0.1538
035be5bf-adbf-4590-8968-43093fcb3647,287,9.576233,7,0.314203,0.506240,0.8558
035be5bf-adbf-4590-8968-43093fcb3647,288,9.609600,4,0.022612,0.366351,0.1917
035be5bf-adbf-4590-8968-43093fcb3647,288,9.609600,7,0.310536,0.507702,0.8532
035be5bf-adbf-4590-8968-43093fcb3647,289,9.642967,4,0.019399,0.365794,0.1449
035be5bf-adbf-4590-8968-43093fcb3647,289,9.642967,7,0.304155,0.507200,0.8423
035be5bf-adbf-4590-8968-43093fcb3647,290,9.676333,4,0.015043,0.363207,0.1444
035be5bf-adbf-4590-8968-43093fcb3647,290,9.676333,7,0.300007,0.508947,0.8304
035be5bf-adbf-4590-8968-43093fcb3647,291,9.709700,4,0.013023,0.364819,0.1438
035be5bf-adbf-4590-8968-43093fcb3647,291,9.709700,7,0.296563,0.508061,0.8238
035be5bf-adbf-4590-8968-43093fcb3647,292,9.743067,3,0.845859,0.774568,0.4614
035be5bf-adbf-4590-8968-43093fcb3647,292,9.743067,7,0.292650,0.508233,0.8069
035be5bf-adbf-4590-8968-43093fcb3647,293,9.776433,3,0.842624,0.800401,0.2098
035be5bf-adbf-4590-8968-43093fcb3647,293,9.776433,4,0.015872,0.381550,0.1333
035be5bf-adbf-4590-8968-43093fcb3647,293,9.776433,7,0.289308,0.470709,0.8011
035be5bf-adbf-4590-8968-43093fcb3647,294,9.809800,3,0.845727,0.882703,0.1539
035be5bf-adbf-4590-8968-43093fcb3647,294,9.809800,4,0.012874,0.377864,0.1352
035be5bf-adbf-4590-8968-43093fcb3647,294,9.809800,7,0.287339,0.474135,0.7776
035be5bf-adbf-4590-8968-43093fcb3647,295,9.843167,3,0.847635,0.890954,0.2257
035be5bf-adbf-4590-8968-43093fcb3647,295,9.843167,7,0.285270,0.481320,0.7688
035be5bf-adbf-4590-8968-43093fcb3647,296,9.876533,3,0.851124,0.892379,0.2652
035be5bf-adbf-4590-8968-43093fcb3647,296,9.876533,7,0.282707,0.474826,0.7743
035be5bf-adbf-4590-8968-43093fcb3647,297,9.909900,3,0.854362,0.896121,0.3349
035be5bf-adbf-4590-8968-43093fcb3647,297,9.909900,7,0.277829,0.474140,0.7524
035be5bf-adbf-4590-8968-43093fcb3647,298,9.943267,3,0.857786,0.900316,0.4474
035be5bf-adbf-4590-8968-43093fcb3647,298,9.943267,7,0.272414,0.473678,0.7295
035be5bf-adbf-4590-8968-43093fcb3647,298,9.943267,17,0.963652,0.429027,0.4289
035be5bf-adbf-4590-8968-43093fcb3647,299,9.976633,3,0.862019,0.900745,0.4808
035be5bf-adbf-4590-8968-43093fcb3647,299,9.976633,7,0.268632,0.474056,0.7027
035be5bf-adbf-4590-8968-43093fcb3647,299,9.976633,17,0.966228,0.431006,0.3015
035be5bf-adbf-4590-8968-43093fcb3647,300,10.010000,3,0.868055,0.902216,0.2507
035be5bf-adbf-4590-8968-43093fcb3647,300,10.010000,7,0.264752,0.472751,0.8127
035be5bf-adbf-4590-8968-43093fcb3647,300,10.010000,18,0.984915,0.470821,0.6397
035be5bf-adbf-4590-8968-43093fcb3647,301,10.043367,3,0.876098,0.910057,0.1679
035be5bf-adbf-4590-8968-43093fcb3647,301,10.043367,7,0.260944,0.471632,0.8340
035be5bf-adbf-4590-8968-43093fcb3647,301,10.043367,18,0.981744,0.452740,0.7407
035be5bf-adbf-4590-8968-43093fcb3647,302,10.076733,3,0.880634,0.909977,0.1307
035be5bf-adbf-4590-8968-43093fcb3647,302,10.076733,7,0.256782,0.475342,0.7853
035be5bf-adbf-4590-8968-43093fcb3647,302,10.076733,18,0.981575,0.460236,0.7993
035be5bf-adbf-4590-8968-43093fcb3647,303,10.110100,7,0.253497,0.473382,0.8058
035be5bf-adbf-4590-8968-43093fcb3647,303,10.110100,18,0.980859,0.458275,0.8143
035be5bf-adbf-4590-8968-43093fcb3647,304,10.143467,7,0.248748,0.472542,0.8042
035be5bf-adbf-4590-8968-43093fcb3647,304,10.143467,18,0.979126,0.458797,0.8171
035be5bf-adbf-4590-8968-43093fcb3647,305,10.176833,7,0.245831,0.476618,0.7835
035be5bf-adbf-4590-8968-43093fcb3647,305,10.176833,18,0.976319,0.461155,0.8041
035be5bf-adbf-4590-8968-43093fcb3647,306,10.210200,7,0.243741,0.479857,0.7912
035be5bf-adbf-4590-8968-43093fcb3647,306,10.210200,18,0.974164,0.460025,0.8233
035be5bf-adbf-4590-8968-43093fcb3647,307,10.243567,7,0.239688,0.482753,0.7788
035be5bf-adbf-4590-8968-43093fcb3647,307,10.243567,18,0.972333,0.458264,0.8444
